date,hospital_id,department,total_beds,occupied_beds,admissions,discharges,avg_length_of_stay,staff_on_duty,occupancy_rate
2019-01-01,1,ER,50,39,5,6,2,21,79.98
2019-01-02,1,ER,50,37,4,7,3,20,75.03
2019-01-03,1,ER,50,42,6,3,4,23,85.22
2019-01-04,1,ER,50,39,12,10,3,20,78.8
2019-01-05,1,ER,50,31,5,4,1,23,63.9
2019-01-06,1,ER,50,28,7,4,3,21,56.61
2019-01-07,1,ER,50,39,6,9,1,26,79.56
2019-01-08,1,ER,50,40,4,11,2,22,81.99
2019-01-09,1,ER,50,34,4,9,2,21,69.72
2019-01-10,1,ER,50,44,5,8,1,21,88.61
2019-01-11,1,ER,50,37,3,8,3,19,74.77
2019-01-12,1,ER,50,31,3,7,3,24,63.62
2019-01-13,1,ER,50,32,7,10,2,17,64.12
2019-01-14,1,ER,50,40,9,8,4,21,80.06
2019-01-15,1,ER,50,40,11,8,2,19,80.3
2019-01-16,1,ER,50,40,10,3,2,24,81.14
2019-01-17,1,ER,50,39,12,5,3,19,78.31
2019-01-18,1,ER,50,38,6,9,2,20,76.03
2019-01-19,1,ER,50,29,12,11,3,17,59.6
2019-01-20,1,ER,50,32,5,6,3,19,64.98
2019-01-21,1,ER,50,40,11,2,3,22,81.73
2019-01-22,1,ER,50,40,4,10,2,21,81.65
2019-01-23,1,ER,50,38,4,8,3,24,77.17
2019-01-24,1,ER,50,37,8,5,3,16,74.35
2019-01-25,1,ER,50,42,2,3,2,25,85.18
2019-01-26,1,ER,50,31,10,8,2,19,62.27
2019-01-27,1,ER,50,26,8,10,1,19,53.34
2019-01-28,1,ER,50,38,9,10,4,23,76.48
2019-01-29,1,ER,50,38,7,7,3,19,76.68
2019-01-30,1,ER,50,38,7,5,2,23,77.98
2019-01-31,1,ER,50,37,5,11,3,24,75.68
2019-02-01,1,ER,50,40,6,6,2,21,80.09
2019-02-02,1,ER,50,32,10,5,3,23,64.98
2019-02-03,1,ER,50,36,9,10,4,19,72.27
2019-02-04,1,ER,50,39,10,11,2,22,79.65
2019-02-05,1,ER,50,44,11,9,3,22,88.14
2019-02-06,1,ER,50,42,5,6,3,19,84.13
2019-02-07,1,ER,50,36,8,8,4,23,73.86
2019-02-08,1,ER,50,38,6,6,3,24,77.25
2019-02-09,1,ER,50,31,3,8,2,21,63.07
2019-02-10,1,ER,50,34,6,6,2,24,69.7
2019-02-11,1,ER,50,42,8,5,1,21,84.48
2019-02-12,1,ER,50,39,5,0,3,21,79.85
2019-02-13,1,ER,50,40,6,6,2,23,81.49
2019-02-14,1,ER,50,42,3,8,3,19,85.68
2019-02-15,1,ER,50,40,9,4,2,22,81.97
2019-02-16,1,ER,50,35,7,7,3,21,70.68
2019-02-17,1,ER,50,30,11,6,3,20,61.66
2019-02-18,1,ER,50,45,7,4,3,24,91.45
2019-02-19,1,ER,50,37,7,8,2,21,75.09
2019-02-20,1,ER,50,40,7,5,3,19,81.91
2019-02-21,1,ER,50,43,6,8,3,25,87.72
2019-02-22,1,ER,50,42,9,8,2,19,85.49
2019-02-23,1,ER,50,40,16,10,2,18,80.12
2019-02-24,1,ER,50,35,9,12,2,20,71.17
2019-02-25,1,ER,50,44,14,6,2,23,89.82
2019-02-26,1,ER,50,39,5,4,3,25,79.79
2019-02-27,1,ER,50,43,13,11,4,24,86.2
2019-02-28,1,ER,50,40,5,8,1,21,80.17
2019-03-01,1,ER,50,34,5,12,2,22,69.31
2019-03-02,1,ER,50,37,5,9,3,24,74.38
2019-03-03,1,ER,50,32,9,8,5,22,65.49
2019-03-04,1,ER,50,39,10,9,2,26,78.52
2019-03-05,1,ER,50,42,9,5,1,27,85.76
2019-03-06,1,ER,50,38,10,7,2,23,77.15
2019-03-07,1,ER,50,39,5,7,3,21,79.71
2019-03-08,1,ER,50,38,7,4,3,18,77.48
2019-03-09,1,ER,50,32,10,5,3,19,64.51
2019-03-10,1,ER,50,37,12,7,3,21,75.67
2019-03-11,1,ER,50,42,9,5,3,22,85.08
2019-03-12,1,ER,50,41,6,5,2,21,83.12
2019-03-13,1,ER,50,41,9,8,3,23,83.38
2019-03-14,1,ER,50,43,10,5,3,22,86.61
2019-03-15,1,ER,50,43,3,7,3,24,87.48
2019-03-16,1,ER,50,36,4,7,3,20,73.23
2019-03-17,1,ER,50,36,5,6,2,22,72.96
2019-03-18,1,ER,50,42,11,4,2,28,84.68
2019-03-19,1,ER,50,43,5,9,3,24,86.77
2019-03-20,1,ER,50,41,7,8,1,21,83.13
2019-03-21,1,ER,50,40,8,6,2,21,80.05
2019-03-22,1,ER,50,47,4,9,2,25,95.0
2019-03-23,1,ER,50,37,15,7,4,23,74.44
2019-03-24,1,ER,50,34,5,8,3,18,69.83
2019-03-25,1,ER,50,44,3,4,3,23,88.95
2019-03-26,1,ER,50,43,11,13,2,25,86.18
2019-03-27,1,ER,50,40,10,8,3,21,80.56
2019-03-28,1,ER,50,38,10,8,1,19,76.33
2019-03-29,1,ER,50,44,6,5,3,24,88.87
2019-03-30,1,ER,50,39,16,7,1,22,78.4
2019-03-31,1,ER,50,36,7,6,3,24,73.9
2019-04-01,1,ER,50,38,5,11,1,20,77.01
2019-04-02,1,ER,50,42,6,5,1,23,85.55
2019-04-03,1,ER,50,42,8,12,4,25,84.74
2019-04-04,1,ER,50,41,10,10,3,26,82.83
2019-04-05,1,ER,50,41,3,8,2,21,83.19
2019-04-06,1,ER,50,30,7,10,2,24,60.45
2019-04-07,1,ER,50,36,7,7,1,24,73.11
2019-04-08,1,ER,50,45,8,6,4,22,90.19
2019-04-09,1,ER,50,44,5,10,3,23,88.11
2019-04-10,1,ER,50,39,9,7,3,22,78.37
2019-04-11,1,ER,50,39,4,10,1,20,79.88
2019-04-12,1,ER,50,35,6,15,4,24,71.73
2019-04-13,1,ER,50,35,8,9,1,20,70.97
2019-04-14,1,ER,50,31,6,6,3,18,62.9
2019-04-15,1,ER,50,36,6,5,2,22,72.14
2019-04-16,1,ER,50,40,5,5,2,24,81.56
2019-04-17,1,ER,50,41,7,3,3,24,83.38
2019-04-18,1,ER,50,40,5,6,2,24,80.66
2019-04-19,1,ER,50,41,4,15,2,22,82.92
2019-04-20,1,ER,50,37,3,8,2,21,74.17
2019-04-21,1,ER,50,34,3,8,2,22,69.13
2019-04-22,1,ER,50,39,8,8,4,19,79.36
2019-04-23,1,ER,50,43,6,6,2,23,87.21
2019-04-24,1,ER,50,42,10,4,1,23,85.84
2019-04-25,1,ER,50,40,10,4,2,23,81.22
2019-04-26,1,ER,50,37,12,9,4,24,74.0
2019-04-27,1,ER,50,34,9,8,1,18,68.8
2019-04-28,1,ER,50,35,4,9,3,20,71.87
2019-04-29,1,ER,50,40,5,8,3,22,80.75
2019-04-30,1,ER,50,43,2,7,3,21,87.93
2019-05-01,1,ER,50,40,7,8,3,22,80.11
2019-05-02,1,ER,50,40,6,7,3,22,80.02
2019-05-03,1,ER,50,42,8,9,3,20,84.31
2019-05-04,1,ER,50,27,7,11,2,19,55.6
2019-05-05,1,ER,50,29,9,4,1,18,59.57
2019-05-06,1,ER,50,34,10,8,3,19,69.79
2019-05-07,1,ER,50,35,9,7,3,20,70.7
2019-05-08,1,ER,50,40,11,3,3,21,81.63
2019-05-09,1,ER,50,39,8,2,3,25,78.44
2019-05-10,1,ER,50,42,12,8,4,27,84.21
2019-05-11,1,ER,50,31,6,12,3,21,62.49
2019-05-12,1,ER,50,34,4,9,3,23,69.3
2019-05-13,1,ER,50,37,12,9,4,23,75.79
2019-05-14,1,ER,50,38,9,12,2,23,76.82
2019-05-15,1,ER,50,35,8,3,3,20,70.13
2019-05-16,1,ER,50,38,9,9,3,19,76.67
2019-05-17,1,ER,50,36,9,6,2,22,73.31
2019-05-18,1,ER,50,31,7,7,3,21,62.81
2019-05-19,1,ER,50,32,4,8,2,16,64.9
2019-05-20,1,ER,50,39,13,10,3,20,79.96
2019-05-21,1,ER,50,38,7,9,2,28,76.76
2019-05-22,1,ER,50,39,7,5,3,23,79.16
2019-05-23,1,ER,50,36,9,4,3,27,73.09
2019-05-24,1,ER,50,35,9,5,2,20,71.63
2019-05-25,1,ER,50,32,9,4,2,22,64.2
2019-05-26,1,ER,50,29,9,5,2,21,58.97
2019-05-27,1,ER,50,37,6,7,2,20,75.56
2019-05-28,1,ER,50,41,9,13,2,24,83.39
2019-05-29,1,ER,50,35,9,7,2,21,71.41
2019-05-30,1,ER,50,37,8,6,4,21,74.5
2019-05-31,1,ER,50,36,11,7,3,18,73.54
2019-06-01,1,ER,50,21,8,7,3,19,43.31
2019-06-02,1,ER,50,29,3,6,2,19,59.93
2019-06-03,1,ER,50,34,6,7,3,22,68.6
2019-06-04,1,ER,50,32,12,5,3,23,64.46
2019-06-05,1,ER,50,35,6,5,1,24,71.76
2019-06-06,1,ER,50,32,7,3,4,18,65.41
2019-06-07,1,ER,50,34,3,6,3,18,68.41
2019-06-08,1,ER,50,27,6,8,3,19,55.64
2019-06-09,1,ER,50,28,7,6,4,23,57.37
2019-06-10,1,ER,50,33,5,9,1,24,67.5
2019-06-11,1,ER,50,34,8,8,1,21,69.99
2019-06-12,1,ER,50,38,8,9,2,22,76.9
2019-06-13,1,ER,50,37,6,6,1,21,74.72
2019-06-14,1,ER,50,36,6,9,2,19,73.47
2019-06-15,1,ER,50,26,8,6,5,18,53.38
2019-06-16,1,ER,50,24,9,7,4,21,49.62
2019-06-17,1,ER,50,37,7,0,1,21,75.2
2019-06-18,1,ER,50,35,6,5,2,20,70.86
2019-06-19,1,ER,50,36,12,8,3,22,72.2
2019-06-20,1,ER,50,37,10,5,2,23,74.68
2019-06-21,1,ER,50,35,8,8,2,23,71.56
2019-06-22,1,ER,50,29,7,5,3,19,59.01
2019-06-23,1,ER,50,28,7,3,3,20,57.32
2019-06-24,1,ER,50,35,6,6,3,23,71.72
2019-06-25,1,ER,50,35,6,6,2,24,71.06
2019-06-26,1,ER,50,35,8,10,1,21,71.06
2019-06-27,1,ER,50,30,9,11,3,20,61.97
2019-06-28,1,ER,50,38,9,6,1,24,77.19
2019-06-29,1,ER,50,25,5,6,3,20,51.18
2019-06-30,1,ER,50,29,11,8,3,20,59.53
2019-07-01,1,ER,50,30,3,10,2,20,61.99
2019-07-02,1,ER,50,30,9,9,3,20,61.28
2019-07-03,1,ER,50,30,10,5,2,20,60.65
2019-07-04,1,ER,50,32,9,12,3,21,65.58
2019-07-05,1,ER,50,28,5,7,3,19,57.5
2019-07-06,1,ER,50,22,6,8,2,20,44.85
2019-07-07,1,ER,50,20,8,8,2,19,41.34
2019-07-08,1,ER,50,32,5,16,3,23,64.46
2019-07-09,1,ER,50,33,15,6,2,23,67.52
2019-07-10,1,ER,50,31,5,5,3,19,62.78
2019-07-11,1,ER,50,29,5,11,4,21,58.4
2019-07-12,1,ER,50,30,4,7,3,24,60.85
2019-07-13,1,ER,50,24,8,9,2,23,49.65
2019-07-14,1,ER,50,22,8,9,1,23,44.86
2019-07-15,1,ER,50,34,7,2,2,20,68.25
2019-07-16,1,ER,50,30,4,5,3,20,61.94
2019-07-17,1,ER,50,31,7,5,5,23,62.18
2019-07-18,1,ER,50,33,10,4,2,22,67.18
2019-07-19,1,ER,50,31,8,7,1,21,63.47
2019-07-20,1,ER,50,24,13,8,3,15,48.81
2019-07-21,1,ER,50,18,7,5,2,20,36.53
2019-07-22,1,ER,50,35,7,6,4,21,70.11
2019-07-23,1,ER,50,30,4,11,3,20,61.94
2019-07-24,1,ER,50,32,10,5,2,20,65.67
2019-07-25,1,ER,50,30,8,5,2,21,60.86
2019-07-26,1,ER,50,28,7,2,3,21,57.83
2019-07-27,1,ER,50,20,8,0,4,16,40.28
2019-07-28,1,ER,50,25,13,9,3,20,51.62
2019-07-29,1,ER,50,31,5,10,2,20,62.21
2019-07-30,1,ER,50,31,8,6,4,18,63.35
2019-07-31,1,ER,50,30,10,5,2,20,61.28
2019-08-01,1,ER,50,26,9,11,2,21,52.91
2019-08-02,1,ER,50,29,8,12,3,18,59.38
2019-08-03,1,ER,50,17,10,7,4,17,35.38
2019-08-04,1,ER,50,22,8,6,4,19,45.96
2019-08-05,1,ER,50,31,7,7,4,24,63.08
2019-08-06,1,ER,50,34,4,6,3,22,68.62
2019-08-07,1,ER,50,28,6,8,2,20,56.35
2019-08-08,1,ER,50,24,10,3,2,20,48.51
2019-08-09,1,ER,50,28,6,4,2,19,57.81
2019-08-10,1,ER,50,18,6,8,3,19,37.51
2019-08-11,1,ER,50,21,8,9,2,19,42.55
2019-08-12,1,ER,50,28,8,10,3,18,57.58
2019-08-13,1,ER,50,29,5,6,3,19,59.26
2019-08-14,1,ER,50,31,6,6,1,19,63.63
2019-08-15,1,ER,50,32,10,9,1,23,64.72
2019-08-16,1,ER,50,28,11,11,3,21,57.52
2019-08-17,1,ER,50,23,6,7,3,22,46.36
2019-08-18,1,ER,50,19,5,3,3,19,38.81
2019-08-19,1,ER,50,31,5,7,3,22,62.37
2019-08-20,1,ER,50,31,8,9,1,20,62.76
2019-08-21,1,ER,50,27,9,5,4,20,55.7
2019-08-22,1,ER,50,27,8,5,2,19,54.21
2019-08-23,1,ER,50,28,8,5,2,20,56.26
2019-08-24,1,ER,50,20,7,3,2,17,41.83
2019-08-25,1,ER,50,19,7,7,4,15,38.99
2019-08-26,1,ER,50,30,10,4,3,19,60.31
2019-08-27,1,ER,50,28,6,8,4,20,56.98
2019-08-28,1,ER,50,25,7,6,2,19,50.1
2019-08-29,1,ER,50,31,11,9,4,21,62.23
2019-08-30,1,ER,50,30,7,5,3,21,61.72
2019-08-31,1,ER,50,26,13,9,1,18,52.55
2019-09-01,1,ER,50,19,8,3,5,14,38.32
2019-09-02,1,ER,50,28,7,9,5,21,56.22
2019-09-03,1,ER,50,29,8,8,2,18,59.72
2019-09-04,1,ER,50,24,4,8,3,19,48.53
2019-09-05,1,ER,50,25,9,5,2,18,51.72
2019-09-06,1,ER,50,28,5,12,4,19,56.35
2019-09-07,1,ER,50,21,6,6,2,21,42.04
2019-09-08,1,ER,50,18,3,6,1,20,37.45
2019-09-09,1,ER,50,25,7,1,3,16,50.9
2019-09-10,1,ER,50,22,10,7,4,18,45.87
2019-09-11,1,ER,50,31,5,4,3,20,63.21
2019-09-12,1,ER,50,29,8,7,2,20,59.43
2019-09-13,1,ER,50,30,4,8,2,22,60.29
2019-09-14,1,ER,50,21,10,2,4,21,43.97
2019-09-15,1,ER,50,23,5,9,2,19,46.44
2019-09-16,1,ER,50,28,9,5,3,20,57.29
2019-09-17,1,ER,50,29,7,8,1,17,59.23
2019-09-18,1,ER,50,28,5,5,3,18,57.0
2019-09-19,1,ER,50,25,13,7,3,19,50.53
2019-09-20,1,ER,50,27,9,7,4,20,54.71
2019-09-21,1,ER,50,16,7,7,2,18,33.62
2019-09-22,1,ER,50,22,7,8,2,18,45.06
2019-09-23,1,ER,50,31,6,5,4,18,62.08
2019-09-24,1,ER,50,28,11,8,2,21,56.87
2019-09-25,1,ER,50,30,5,5,2,22,61.74
2019-09-26,1,ER,50,32,4,10,1,22,65.24
2019-09-27,1,ER,50,32,10,8,2,20,65.96
2019-09-28,1,ER,50,21,8,9,2,18,42.13
2019-09-29,1,ER,50,18,6,11,2,18,36.4
2019-09-30,1,ER,50,27,12,8,3,23,55.8
2019-10-01,1,ER,50,29,11,9,3,19,58.33
2019-10-02,1,ER,50,27,12,6,3,18,54.59
2019-10-03,1,ER,50,26,6,7,1,20,52.66
2019-10-04,1,ER,50,27,6,7,1,23,54.46
2019-10-05,1,ER,50,22,12,4,2,18,44.57
2019-10-06,1,ER,50,19,4,7,2,18,38.02
2019-10-07,1,ER,50,29,6,9,3,20,58.47
2019-10-08,1,ER,50,31,9,6,3,23,62.57
2019-10-09,1,ER,50,28,9,7,1,21,56.83
2019-10-10,1,ER,50,33,6,7,2,18,66.43
2019-10-11,1,ER,50,31,5,6,4,23,62.58
2019-10-12,1,ER,50,24,8,6,3,20,49.24
2019-10-13,1,ER,50,22,5,8,1,22,44.27
2019-10-14,1,ER,50,28,7,7,3,21,57.01
2019-10-15,1,ER,50,31,7,8,3,23,63.48
2019-10-16,1,ER,50,24,8,3,2,23,49.71
2019-10-17,1,ER,50,23,9,13,2,19,47.15
2019-10-18,1,ER,50,36,10,5,3,23,73.49
2019-10-19,1,ER,50,27,7,10,3,20,55.56
2019-10-20,1,ER,50,16,7,11,2,18,33.17
2019-10-21,1,ER,50,26,11,3,2,19,52.22
2019-10-22,1,ER,50,30,8,10,2,19,61.12
2019-10-23,1,ER,50,24,8,6,2,22,49.25
2019-10-24,1,ER,50,28,2,5,2,21,56.61
2019-10-25,1,ER,50,31,9,3,3,18,62.07
2019-10-26,1,ER,50,16,8,10,3,17,32.14
2019-10-27,1,ER,50,22,6,8,3,19,44.65
2019-10-28,1,ER,50,33,6,6,3,19,67.35
2019-10-29,1,ER,50,29,11,9,1,21,59.69
2019-10-30,1,ER,50,26,10,7,3,21,52.02
2019-10-31,1,ER,50,26,9,2,3,23,52.29
2019-11-01,1,ER,50,30,6,8,2,24,60.39
2019-11-02,1,ER,50,22,3,9,1,18,44.59
2019-11-03,1,ER,50,24,11,5,2,21,49.84
2019-11-04,1,ER,50,33,7,7,1,17,67.86
2019-11-05,1,ER,50,33,7,3,3,19,66.62
2019-11-06,1,ER,50,29,1,5,3,21,59.06
2019-11-07,1,ER,50,33,3,4,1,22,66.55
2019-11-08,1,ER,50,31,8,9,2,21,63.33
2019-11-09,1,ER,50,24,6,2,2,21,49.93
2019-11-10,1,ER,50,22,6,8,2,18,45.23
2019-11-11,1,ER,50,30,10,5,4,21,60.97
2019-11-12,1,ER,50,26,7,12,1,22,52.88
2019-11-13,1,ER,50,26,9,8,3,18,53.62
2019-11-14,1,ER,50,32,6,10,2,23,64.16
2019-11-15,1,ER,50,32,2,4,4,20,65.64
2019-11-16,1,ER,50,23,6,6,3,18,47.59
2019-11-17,1,ER,50,24,7,5,1,19,49.01
2019-11-18,1,ER,50,36,7,9,3,21,72.24
2019-11-19,1,ER,50,29,5,10,1,22,58.51
2019-11-20,1,ER,50,33,10,9,2,25,67.67
2019-11-21,1,ER,50,32,8,6,4,20,64.0
2019-11-22,1,ER,50,33,16,4,3,23,67.44
2019-11-23,1,ER,50,17,6,6,1,23,35.85
2019-11-24,1,ER,50,21,9,7,2,17,42.18
2019-11-25,1,ER,50,29,11,7,3,24,58.75
2019-11-26,1,ER,50,29,8,11,3,17,58.14
2019-11-27,1,ER,50,32,3,7,2,22,64.39
2019-11-28,1,ER,50,34,6,9,4,19,68.23
2019-11-29,1,ER,50,32,10,10,2,21,65.9
2019-11-30,1,ER,50,23,10,6,4,18,46.01
2019-12-01,1,ER,50,29,5,4,2,21,58.7
2019-12-02,1,ER,50,34,8,7,2,20,68.46
2019-12-03,1,ER,50,37,9,12,3,21,75.16
2019-12-04,1,ER,50,35,7,9,2,20,70.97
2019-12-05,1,ER,50,34,10,8,3,22,68.63
2019-12-06,1,ER,50,38,4,8,2,23,76.38
2019-12-07,1,ER,50,25,5,6,3,19,51.06
2019-12-08,1,ER,50,29,12,5,2,20,58.43
2019-12-09,1,ER,50,33,4,6,3,20,67.6
2019-12-10,1,ER,50,39,10,6,3,21,78.47
2019-12-11,1,ER,50,36,9,6,4,21,73.11
2019-12-12,1,ER,50,33,8,9,3,21,67.53
2019-12-13,1,ER,50,36,2,9,3,23,73.28
2019-12-14,1,ER,50,25,8,5,3,19,50.66
2019-12-15,1,ER,50,28,11,9,3,19,56.48
2019-12-16,1,ER,50,39,10,8,2,22,79.89
2019-12-17,1,ER,50,37,6,6,4,19,75.61
2019-12-18,1,ER,50,36,7,10,1,23,73.8
2019-12-19,1,ER,50,30,11,7,3,26,61.63
2019-12-20,1,ER,50,39,8,5,3,21,79.01
2019-12-21,1,ER,50,27,2,8,5,23,54.11
2019-12-22,1,ER,50,25,10,9,3,19,51.16
2019-12-23,1,ER,50,29,2,9,3,20,59.08
2019-12-24,1,ER,50,28,7,2,3,19,57.56
2019-12-25,1,ER,50,33,15,5,1,21,67.17
2019-12-26,1,ER,50,34,13,6,3,17,68.95
2019-12-27,1,ER,50,31,7,5,3,20,62.41
2019-12-28,1,ER,50,24,9,8,3,20,48.09
2019-12-29,1,ER,50,27,8,10,2,17,55.04
2019-12-30,1,ER,50,36,10,6,3,21,72.94
2019-12-31,1,ER,50,34,10,10,2,21,68.63
2020-01-01,1,ER,50,41,12,8,1,24,83.52
2020-01-02,1,ER,50,47,5,10,1,26,95.0
2020-01-03,1,ER,50,45,7,9,1,27,90.81
2020-01-04,1,ER,50,41,8,5,2,23,83.68
2020-01-05,1,ER,50,40,9,5,3,23,80.44
2020-01-06,1,ER,50,47,7,8,2,24,95.0
2020-01-07,1,ER,50,47,2,9,1,23,95.0
2020-01-08,1,ER,50,47,8,8,2,26,95.0
2020-01-09,1,ER,50,47,7,5,3,24,95.0
2020-01-10,1,ER,50,47,9,6,3,23,95.0
2020-01-11,1,ER,50,41,9,7,1,23,83.15
2020-01-12,1,ER,50,40,10,10,4,23,80.07
2020-01-13,1,ER,50,46,9,8,3,24,92.6
2020-01-14,1,ER,50,47,12,9,2,24,95.0
2020-01-15,1,ER,50,47,6,13,3,25,95.0
2020-01-16,1,ER,50,45,6,7,2,24,90.74
2020-01-17,1,ER,50,47,7,5,2,22,95.0
2020-01-18,1,ER,50,37,6,8,2,25,75.42
2020-01-19,1,ER,50,41,8,4,2,23,83.71
2020-01-20,1,ER,50,47,5,5,3,23,95.0
2020-01-21,1,ER,50,47,12,2,2,21,95.0
2020-01-22,1,ER,50,47,5,11,2,24,95.0
2020-01-23,1,ER,50,47,4,9,2,22,95.0
2020-01-24,1,ER,50,44,9,6,4,24,88.67
2020-01-25,1,ER,50,40,6,11,2,20,81.34
2020-01-26,1,ER,50,40,9,9,4,22,80.27
2020-01-27,1,ER,50,47,7,0,6,19,95.0
2020-01-28,1,ER,50,43,9,9,4,17,87.85
2020-01-29,1,ER,50,47,6,5,3,22,95.0
2020-01-30,1,ER,50,47,6,8,1,25,95.0
2020-01-31,1,ER,50,47,4,7,1,23,95.0
2020-02-01,1,ER,50,40,9,9,5,22,80.87
2020-02-02,1,ER,50,43,8,6,1,24,86.68
2020-02-03,1,ER,50,47,7,8,2,20,95.0
2020-02-04,1,ER,50,47,7,4,2,24,95.0
2020-02-05,1,ER,50,47,4,3,2,22,95.0
2020-02-06,1,ER,50,47,9,5,4,26,95.0
2020-02-07,1,ER,50,47,5,7,4,22,95.0
2020-02-08,1,ER,50,42,15,13,2,22,84.08
2020-02-09,1,ER,50,43,6,6,1,23,87.88
2020-02-10,1,ER,50,47,9,5,2,23,95.0
2020-02-11,1,ER,50,47,4,9,2,24,95.0
2020-02-12,1,ER,50,47,6,8,2,20,95.0
2020-02-13,1,ER,50,47,5,4,3,25,95.0
2020-02-14,1,ER,50,47,7,9,3,24,95.0
2020-02-15,1,ER,50,45,3,9,2,23,90.58
2020-02-16,1,ER,50,43,9,6,3,27,86.19
2020-02-17,1,ER,50,47,6,9,1,21,95.0
2020-02-18,1,ER,50,47,8,6,2,28,95.0
2020-02-19,1,ER,50,47,6,8,3,24,95.0
2020-02-20,1,ER,50,47,11,5,3,27,95.0
2020-02-21,1,ER,50,47,8,8,4,23,95.0
2020-02-22,1,ER,50,36,7,6,2,23,73.38
2020-02-23,1,ER,50,45,4,4,2,23,90.22
2020-02-24,1,ER,50,47,6,5,3,25,95.0
2020-02-25,1,ER,50,47,7,8,1,25,95.0
2020-02-26,1,ER,50,47,8,7,3,24,95.0
2020-02-27,1,ER,50,47,11,5,1,25,95.0
2020-02-28,1,ER,50,47,10,10,4,25,95.0
2020-02-29,1,ER,50,43,7,4,2,21,86.69
2020-03-01,1,ER,50,45,7,5,3,22,91.83
2020-03-02,1,ER,50,47,5,7,1,21,95.0
2020-03-03,1,ER,50,47,9,5,3,20,95.0
2020-03-04,1,ER,50,47,9,9,3,25,95.0
2020-03-05,1,ER,50,47,6,3,3,26,95.0
2020-03-06,1,ER,50,47,6,10,1,25,95.0
2020-03-07,1,ER,50,45,8,7,3,24,90.26
2020-03-08,1,ER,50,43,7,6,2,23,87.55
2020-03-09,1,ER,50,47,11,7,4,19,95.0
2020-03-10,1,ER,50,47,7,12,3,23,95.0
2020-03-11,1,ER,50,47,6,9,2,23,95.0
2020-03-12,1,ER,50,47,5,11,3,25,95.0
2020-03-13,1,ER,50,47,3,9,1,22,95.0
2020-03-14,1,ER,50,45,2,6,3,25,90.49
2020-03-15,1,ER,50,46,14,6,3,22,92.87
2020-03-16,1,ER,50,47,9,7,3,22,95.0
2020-03-17,1,ER,50,47,11,6,1,21,95.0
2020-03-18,1,ER,50,47,8,9,1,21,95.0
2020-03-19,1,ER,50,47,6,5,2,22,95.0
2020-03-20,1,ER,50,47,7,8,4,24,95.0
2020-03-21,1,ER,50,47,4,5,2,19,95.0
2020-03-22,1,ER,50,46,5,14,2,24,92.26
2020-03-23,1,ER,50,47,9,9,3,26,95.0
2020-03-24,1,ER,50,47,11,8,4,23,95.0
2020-03-25,1,ER,50,47,7,6,4,25,95.0
2020-03-26,1,ER,50,47,6,4,3,22,95.0
2020-03-27,1,ER,50,47,6,7,1,21,95.0
2020-03-28,1,ER,50,43,9,9,2,24,86.18
2020-03-29,1,ER,50,39,7,6,2,21,78.76
2020-03-30,1,ER,50,47,7,9,2,23,95.0
2020-03-31,1,ER,50,47,7,1,4,23,95.0
2020-04-01,1,ER,50,47,2,10,3,21,95.0
2020-04-02,1,ER,50,47,8,9,2,22,95.0
2020-04-03,1,ER,50,47,12,10,2,22,95.0
2020-04-04,1,ER,50,41,6,3,2,25,83.95
2020-04-05,1,ER,50,43,8,7,4,24,86.72
2020-04-06,1,ER,50,47,9,6,2,24,95.0
2020-04-07,1,ER,50,47,4,12,3,22,95.0
2020-04-08,1,ER,50,47,12,4,1,26,95.0
2020-04-09,1,ER,50,47,9,4,3,26,95.0
2020-04-10,1,ER,50,47,10,2,2,20,95.0
2020-04-11,1,ER,50,44,8,10,2,24,88.42
2020-04-12,1,ER,50,47,4,7,4,25,94.42
2020-04-13,1,ER,50,47,12,5,2,24,95.0
2020-04-14,1,ER,50,47,6,4,3,24,95.0
2020-04-15,1,ER,50,47,5,7,4,21,95.0
2020-04-16,1,ER,50,47,9,10,1,24,95.0
2020-04-17,1,ER,50,47,4,8,1,28,95.0
2020-04-18,1,ER,50,44,9,4,1,25,88.09
2020-04-19,1,ER,50,41,5,4,4,24,83.2
2020-04-20,1,ER,50,47,11,13,2,24,95.0
2020-04-21,1,ER,50,47,4,10,2,25,95.0
2020-04-22,1,ER,50,47,13,8,1,21,95.0
2020-04-23,1,ER,50,47,7,7,2,21,95.0
2020-04-24,1,ER,50,47,11,6,1,25,95.0
2020-04-25,1,ER,50,47,9,4,5,24,95.0
2020-04-26,1,ER,50,47,13,13,1,22,95.0
2020-04-27,1,ER,50,47,4,7,3,23,95.0
2020-04-28,1,ER,50,47,12,9,2,23,95.0
2020-04-29,1,ER,50,47,11,12,1,25,95.0
2020-04-30,1,ER,50,47,5,10,1,23,95.0
2020-05-01,1,ER,50,47,6,5,1,20,95.0
2020-05-02,1,ER,50,41,11,10,4,24,83.27
2020-05-03,1,ER,50,44,6,4,1,22,89.46
2020-05-04,1,ER,50,47,10,2,2,22,95.0
2020-05-05,1,ER,50,45,9,3,4,25,91.27
2020-05-06,1,ER,50,47,8,10,2,24,95.0
2020-05-07,1,ER,50,47,8,4,1,26,94.27
2020-05-08,1,ER,50,47,8,8,2,23,95.0
2020-05-09,1,ER,50,43,6,3,3,24,87.45
2020-05-10,1,ER,50,40,5,7,3,20,80.96
2020-05-11,1,ER,50,47,12,10,1,18,95.0
2020-05-12,1,ER,50,46,7,3,3,22,92.94
2020-05-13,1,ER,50,47,4,5,3,22,94.55
2020-05-14,1,ER,50,47,9,11,3,23,95.0
2020-05-15,1,ER,50,47,6,4,2,22,95.0
2020-05-16,1,ER,50,44,9,7,3,21,89.23
2020-05-17,1,ER,50,37,12,2,1,18,74.98
2020-05-18,1,ER,50,47,5,4,2,24,95.0
2020-05-19,1,ER,50,45,9,12,3,27,90.06
2020-05-20,1,ER,50,47,7,8,3,26,95.0
2020-05-21,1,ER,50,47,7,3,3,22,95.0
2020-05-22,1,ER,50,46,4,7,1,25,93.33
2020-05-23,1,ER,50,39,5,5,2,22,78.36
2020-05-24,1,ER,50,43,6,8,3,25,86.13
2020-05-25,1,ER,50,47,10,8,3,24,95.0
2020-05-26,1,ER,50,47,6,8,4,24,95.0
2020-05-27,1,ER,50,47,8,9,3,21,95.0
2020-05-28,1,ER,50,47,10,7,2,22,95.0
2020-05-29,1,ER,50,47,7,6,1,23,94.89
2020-05-30,1,ER,50,37,9,2,4,23,74.79
2020-05-31,1,ER,50,46,6,4,3,27,93.01
2020-06-01,1,ER,50,44,5,2,3,21,88.19
2020-06-02,1,ER,50,43,4,6,4,23,86.53
2020-06-03,1,ER,50,41,8,4,1,22,83.34
2020-06-04,1,ER,50,47,6,8,1,26,94.16
2020-06-05,1,ER,50,42,10,8,2,24,85.37
2020-06-06,1,ER,50,34,5,5,2,21,69.66
2020-06-07,1,ER,50,35,12,7,1,26,70.57
2020-06-08,1,ER,50,47,4,6,5,22,94.03
2020-06-09,1,ER,50,45,6,6,3,23,91.19
2020-06-10,1,ER,50,47,8,7,3,24,95.0
2020-06-11,1,ER,50,43,10,4,2,22,86.83
2020-06-12,1,ER,50,45,8,7,2,21,91.57
2020-06-13,1,ER,50,37,7,9,3,24,75.34
2020-06-14,1,ER,50,36,5,10,2,22,72.29
2020-06-15,1,ER,50,47,13,11,2,22,95.0
2020-06-16,1,ER,50,44,7,6,2,22,89.32
2020-06-17,1,ER,50,46,7,6,2,25,93.65
2020-06-18,1,ER,50,46,4,7,1,23,93.43
2020-06-19,1,ER,50,47,11,5,1,23,94.06
2020-06-20,1,ER,50,36,8,4,2,25,72.7
2020-06-21,1,ER,50,36,7,6,2,20,73.28
2020-06-22,1,ER,50,46,7,4,1,24,92.95
2020-06-23,1,ER,50,42,8,6,3,23,84.81
2020-06-24,1,ER,50,46,3,8,1,28,92.59
2020-06-25,1,ER,50,47,7,8,1,19,95.0
2020-06-26,1,ER,50,44,9,7,2,25,89.95
2020-06-27,1,ER,50,34,9,8,1,21,69.37
2020-06-28,1,ER,50,39,8,6,2,22,78.42
2020-06-29,1,ER,50,47,8,9,3,21,95.0
2020-06-30,1,ER,50,43,5,6,2,23,87.98
2020-07-01,1,ER,50,37,3,5,4,23,74.43
2020-07-02,1,ER,50,38,5,10,6,18,77.89
2020-07-03,1,ER,50,38,6,11,2,22,76.94
2020-07-04,1,ER,50,34,6,6,3,20,69.53
2020-07-05,1,ER,50,31,7,4,1,22,62.5
2020-07-06,1,ER,50,41,12,8,4,25,82.15
2020-07-07,1,ER,50,41,6,2,3,25,82.94
2020-07-08,1,ER,50,37,4,8,3,24,75.46
2020-07-09,1,ER,50,42,4,8,1,23,84.06
2020-07-10,1,ER,50,42,7,3,2,23,84.33
2020-07-11,1,ER,50,31,9,13,3,23,63.34
2020-07-12,1,ER,50,32,5,5,2,19,64.24
2020-07-13,1,ER,50,44,6,5,3,21,89.24
2020-07-14,1,ER,50,40,9,11,4,23,81.3
2020-07-15,1,ER,50,40,12,11,3,21,81.81
2020-07-16,1,ER,50,37,8,10,2,18,75.29
2020-07-17,1,ER,50,38,6,5,2,20,76.03
2020-07-18,1,ER,50,38,6,5,2,19,76.23
2020-07-19,1,ER,50,32,7,8,1,22,64.72
2020-07-20,1,ER,50,40,7,9,4,21,81.44
2020-07-21,1,ER,50,39,6,6,3,25,78.63
2020-07-22,1,ER,50,40,9,1,2,22,80.98
2020-07-23,1,ER,50,41,5,6,2,24,83.8
2020-07-24,1,ER,50,37,3,6,2,19,75.77
2020-07-25,1,ER,50,34,4,4,1,20,68.79
2020-07-26,1,ER,50,40,8,10,2,21,80.27
2020-07-27,1,ER,50,41,9,6,2,22,83.73
2020-07-28,1,ER,50,41,4,12,3,20,82.86
2020-07-29,1,ER,50,43,7,10,1,22,87.61
2020-07-30,1,ER,50,43,6,6,3,21,86.43
2020-07-31,1,ER,50,39,9,4,1,22,78.97
2020-08-01,1,ER,50,30,6,8,1,21,61.33
2020-08-02,1,ER,50,31,10,8,2,20,62.59
2020-08-03,1,ER,50,35,7,8,3,21,71.83
2020-08-04,1,ER,50,37,5,6,3,21,74.4
2020-08-05,1,ER,50,41,7,6,3,25,82.54
2020-08-06,1,ER,50,39,8,9,1,21,79.31
2020-08-07,1,ER,50,41,6,6,4,21,82.34
2020-08-08,1,ER,50,32,6,4,2,24,64.25
2020-08-09,1,ER,50,31,8,4,4,20,63.57
2020-08-10,1,ER,50,36,6,7,2,17,73.6
2020-08-11,1,ER,50,37,5,6,3,21,74.98
2020-08-12,1,ER,50,38,4,5,2,19,76.94
2020-08-13,1,ER,50,35,9,8,3,16,70.53
2020-08-14,1,ER,50,40,1,10,3,21,80.94
2020-08-15,1,ER,50,29,6,8,3,18,59.73
2020-08-16,1,ER,50,30,6,5,3,15,61.89
2020-08-17,1,ER,50,36,11,7,4,22,73.99
2020-08-18,1,ER,50,41,9,9,4,22,83.16
2020-08-19,1,ER,50,37,8,7,4,23,74.3
2020-08-20,1,ER,50,42,6,5,2,24,85.5
2020-08-21,1,ER,50,39,8,8,2,22,78.41
2020-08-22,1,ER,50,30,7,5,4,22,61.59
2020-08-23,1,ER,50,32,6,3,1,20,65.09
2020-08-24,1,ER,50,38,6,5,2,28,76.14
2020-08-25,1,ER,50,39,6,6,3,23,78.01
2020-08-26,1,ER,50,37,9,6,3,20,75.82
2020-08-27,1,ER,50,41,10,7,4,21,82.62
2020-08-28,1,ER,50,43,7,5,2,22,87.98
2020-08-29,1,ER,50,32,5,7,1,22,65.7
2020-08-30,1,ER,50,29,7,3,5,22,59.61
2020-08-31,1,ER,50,42,3,8,3,24,84.5
2020-09-01,1,ER,50,36,4,8,2,19,73.66
2020-09-02,1,ER,50,36,2,13,4,23,72.59
2020-09-03,1,ER,50,36,8,3,2,24,73.95
2020-09-04,1,ER,50,39,8,9,2,24,78.54
2020-09-05,1,ER,50,35,7,9,1,23,70.63
2020-09-06,1,ER,50,28,10,6,2,19,57.7
2020-09-07,1,ER,50,36,9,7,3,20,72.48
2020-09-08,1,ER,50,37,8,8,4,24,75.07
2020-09-09,1,ER,50,41,11,3,2,21,83.22
2020-09-10,1,ER,50,34,10,9,1,22,68.29
2020-09-11,1,ER,50,38,4,7,3,22,76.37
2020-09-12,1,ER,50,29,8,6,3,22,59.32
2020-09-13,1,ER,50,32,9,5,3,20,65.67
2020-09-14,1,ER,50,38,6,10,3,25,77.11
2020-09-15,1,ER,50,35,4,7,5,20,71.48
2020-09-16,1,ER,50,37,9,4,2,20,74.56
2020-09-17,1,ER,50,38,13,7,3,21,76.18
2020-09-18,1,ER,50,41,6,4,3,23,82.86
2020-09-19,1,ER,50,32,9,7,2,21,65.85
2020-09-20,1,ER,50,35,3,7,2,19,71.22
2020-09-21,1,ER,50,34,6,4,3,20,68.44
2020-09-22,1,ER,50,36,10,8,1,24,72.08
2020-09-23,1,ER,50,41,10,10,3,19,82.53
2020-09-24,1,ER,50,33,13,6,2,22,67.73
2020-09-25,1,ER,50,35,7,9,3,18,70.89
2020-09-26,1,ER,50,28,8,3,3,22,56.74
2020-09-27,1,ER,50,25,8,7,4,21,50.29
2020-09-28,1,ER,50,34,8,9,1,21,68.83
2020-09-29,1,ER,50,40,3,9,2,21,81.44
2020-09-30,1,ER,50,37,11,4,2,19,75.84
2020-10-01,1,ER,50,37,10,6,2,24,74.77
2020-10-02,1,ER,50,39,6,10,1,27,78.42
2020-10-03,1,ER,50,28,9,8,3,19,56.72
2020-10-04,1,ER,50,34,7,10,2,19,68.6
2020-10-05,1,ER,50,41,6,8,2,21,83.68
2020-10-06,1,ER,50,36,11,6,2,20,72.79
2020-10-07,1,ER,50,37,7,10,3,21,74.76
2020-10-08,1,ER,50,39,11,8,3,22,78.38
2020-10-09,1,ER,50,38,6,10,4,25,76.29
2020-10-10,1,ER,50,32,6,6,3,17,65.96
2020-10-11,1,ER,50,30,5,10,2,22,61.24
2020-10-12,1,ER,50,40,5,6,2,20,80.35
2020-10-13,1,ER,50,36,6,11,3,23,73.61
2020-10-14,1,ER,50,34,9,8,4,18,68.23
2020-10-15,1,ER,50,40,6,5,2,24,80.39
2020-10-16,1,ER,50,38,6,5,4,18,77.36
2020-10-17,1,ER,50,29,7,8,4,20,59.05
2020-10-18,1,ER,50,31,5,8,3,21,62.15
2020-10-19,1,ER,50,43,10,9,2,26,87.77
2020-10-20,1,ER,50,40,6,4,3,22,80.85
2020-10-21,1,ER,50,38,7,5,3,25,76.13
2020-10-22,1,ER,50,35,7,6,1,23,70.23
2020-10-23,1,ER,50,34,9,10,4,22,69.59
2020-10-24,1,ER,50,30,14,6,2,19,61.56
2020-10-25,1,ER,50,28,6,8,1,20,56.23
2020-10-26,1,ER,50,39,9,12,2,22,79.61
2020-10-27,1,ER,50,38,12,7,1,20,77.73
2020-10-28,1,ER,50,36,8,7,5,20,73.2
2020-10-29,1,ER,50,37,4,4,3,25,74.73
2020-10-30,1,ER,50,41,1,7,2,23,83.17
2020-10-31,1,ER,50,31,10,10,3,21,63.78
2020-11-01,1,ER,50,39,6,3,3,22,78.63
2020-11-02,1,ER,50,43,14,5,4,24,87.37
2020-11-03,1,ER,50,42,8,9,5,24,84.93
2020-11-04,1,ER,50,38,7,5,2,23,76.64
2020-11-05,1,ER,50,44,5,2,3,25,89.87
2020-11-06,1,ER,50,41,7,6,4,21,83.03
2020-11-07,1,ER,50,31,11,8,1,23,62.76
2020-11-08,1,ER,50,35,12,8,5,18,70.31
2020-11-09,1,ER,50,43,6,11,1,22,87.69
2020-11-10,1,ER,50,39,4,9,3,21,78.1
2020-11-11,1,ER,50,43,7,4,1,24,87.6
2020-11-12,1,ER,50,41,9,10,3,22,83.26
2020-11-13,1,ER,50,45,6,5,2,25,91.41
2020-11-14,1,ER,50,37,8,5,1,22,75.2
2020-11-15,1,ER,50,35,5,8,2,22,70.53
2020-11-16,1,ER,50,41,7,12,4,24,83.43
2020-11-17,1,ER,50,39,8,6,3,19,78.09
2020-11-18,1,ER,50,38,7,4,3,22,77.15
2020-11-19,1,ER,50,42,8,6,4,24,85.47
2020-11-20,1,ER,50,40,9,7,2,27,81.03
2020-11-21,1,ER,50,35,10,5,3,20,71.81
2020-11-22,1,ER,50,34,6,3,3,20,69.44
2020-11-23,1,ER,50,42,8,5,2,20,84.15
2020-11-24,1,ER,50,43,5,6,3,21,86.5
2020-11-25,1,ER,50,44,7,6,3,22,89.76
2020-11-26,1,ER,50,37,2,4,3,23,75.56
2020-11-27,1,ER,50,45,7,8,2,23,90.19
2020-11-28,1,ER,50,29,7,7,3,21,59.03
2020-11-29,1,ER,50,37,9,3,1,21,74.76
2020-11-30,1,ER,50,45,10,7,3,23,91.74
2020-12-01,1,ER,50,45,2,10,2,22,90.53
2020-12-02,1,ER,50,43,8,13,2,20,86.89
2020-12-03,1,ER,50,43,9,7,3,24,87.64
2020-12-04,1,ER,50,44,3,2,2,21,88.71
2020-12-05,1,ER,50,39,7,6,4,24,78.01
2020-12-06,1,ER,50,33,7,4,3,22,67.26
2020-12-07,1,ER,50,45,11,11,3,22,90.75
2020-12-08,1,ER,50,45,5,6,4,23,90.43
2020-12-09,1,ER,50,47,5,9,3,25,94.68
2020-12-10,1,ER,50,45,6,9,1,27,91.38
2020-12-11,1,ER,50,46,5,10,3,21,92.42
2020-12-12,1,ER,50,36,11,5,2,21,73.18
2020-12-13,1,ER,50,36,10,7,2,22,73.64
2020-12-14,1,ER,50,45,5,11,3,22,90.67
2020-12-15,1,ER,50,45,13,7,2,25,91.15
2020-12-16,1,ER,50,40,4,3,1,18,81.52
2020-12-17,1,ER,50,44,11,4,2,22,88.51
2020-12-18,1,ER,50,44,12,12,2,25,89.31
2020-12-19,1,ER,50,36,3,6,2,23,72.76
2020-12-20,1,ER,50,39,10,10,3,18,78.11
2020-12-21,1,ER,50,46,8,7,2,21,93.13
2020-12-22,1,ER,50,43,7,9,2,22,87.71
2020-12-23,1,ER,50,44,7,7,6,23,89.19
2020-12-24,1,ER,50,41,6,2,2,23,82.2
2020-12-25,1,ER,50,41,3,11,3,20,83.75
2020-12-26,1,ER,50,34,5,6,3,20,68.54
2020-12-27,1,ER,50,40,3,9,2,25,80.85
2020-12-28,1,ER,50,41,5,6,3,25,83.01
2020-12-29,1,ER,50,47,13,10,4,25,95.0
2020-12-30,1,ER,50,42,4,5,4,19,85.87
2020-12-31,1,ER,50,45,9,7,2,21,90.64
2021-01-01,1,ER,50,47,7,9,2,19,95.0
2021-01-02,1,ER,50,39,10,10,2,21,79.86
2021-01-03,1,ER,50,39,9,9,4,18,79.03
2021-01-04,1,ER,50,47,11,7,1,24,94.88
2021-01-05,1,ER,50,47,6,7,3,28,95.0
2021-01-06,1,ER,50,47,8,4,3,25,95.0
2021-01-07,1,ER,50,47,7,7,5,22,95.0
2021-01-08,1,ER,50,47,5,8,3,25,95.0
2021-01-09,1,ER,50,40,2,5,3,18,81.55
2021-01-10,1,ER,50,42,5,5,2,23,85.46
2021-01-11,1,ER,50,47,9,10,2,23,95.0
2021-01-12,1,ER,50,47,10,8,4,23,95.0
2021-01-13,1,ER,50,44,6,4,3,22,88.93
2021-01-14,1,ER,50,47,4,8,2,27,95.0
2021-01-15,1,ER,50,46,3,1,2,24,93.88
2021-01-16,1,ER,50,33,9,5,2,19,66.32
2021-01-17,1,ER,50,38,6,3,4,22,77.47
2021-01-18,1,ER,50,47,7,14,2,27,95.0
2021-01-19,1,ER,50,47,7,5,3,24,95.0
2021-01-20,1,ER,50,47,6,4,3,22,95.0
2021-01-21,1,ER,50,47,8,5,3,21,95.0
2021-01-22,1,ER,50,47,7,5,2,24,95.0
2021-01-23,1,ER,50,40,3,4,2,21,81.58
2021-01-24,1,ER,50,42,15,6,2,22,84.09
2021-01-25,1,ER,50,47,6,10,5,21,95.0
2021-01-26,1,ER,50,47,7,11,3,23,95.0
2021-01-27,1,ER,50,47,8,9,3,23,95.0
2021-01-28,1,ER,50,47,8,5,1,24,95.0
2021-01-29,1,ER,50,47,8,8,3,24,95.0
2021-01-30,1,ER,50,39,11,8,2,19,79.69
2021-01-31,1,ER,50,40,6,2,4,20,80.93
2021-02-01,1,ER,50,47,8,9,3,24,95.0
2021-02-02,1,ER,50,47,6,4,3,24,95.0
2021-02-03,1,ER,50,47,9,9,2,22,95.0
2021-02-04,1,ER,50,47,11,7,1,21,95.0
2021-02-05,1,ER,50,47,10,6,3,22,95.0
2021-02-06,1,ER,50,43,7,2,2,24,87.72
2021-02-07,1,ER,50,46,7,8,2,22,92.76
2021-02-08,1,ER,50,47,4,5,5,21,95.0
2021-02-09,1,ER,50,47,5,4,3,24,95.0
2021-02-10,1,ER,50,47,7,12,1,28,95.0
2021-02-11,1,ER,50,47,4,5,1,21,95.0
2021-02-12,1,ER,50,46,2,9,3,22,92.87
2021-02-13,1,ER,50,43,8,7,3,21,87.14
2021-02-14,1,ER,50,47,4,4,3,18,95.0
2021-02-15,1,ER,50,47,6,8,3,24,95.0
2021-02-16,1,ER,50,47,10,5,2,25,95.0
2021-02-17,1,ER,50,47,7,7,3,22,95.0
2021-02-18,1,ER,50,47,16,5,1,22,95.0
2021-02-19,1,ER,50,47,11,10,3,24,95.0
2021-02-20,1,ER,50,43,2,6,3,20,87.84
2021-02-21,1,ER,50,41,10,4,3,21,82.13
2021-02-22,1,ER,50,47,4,7,3,25,95.0
2021-02-23,1,ER,50,47,7,5,4,27,95.0
2021-02-24,1,ER,50,47,8,8,3,22,95.0
2021-02-25,1,ER,50,47,9,7,2,22,95.0
2021-02-26,1,ER,50,47,6,8,2,26,95.0
2021-02-27,1,ER,50,41,11,6,2,21,82.02
2021-02-28,1,ER,50,46,13,11,3,23,92.98
2021-03-01,1,ER,50,47,8,3,4,25,95.0
2021-03-02,1,ER,50,47,5,9,1,23,95.0
2021-03-03,1,ER,50,47,12,6,2,26,95.0
2021-03-04,1,ER,50,47,7,6,3,24,95.0
2021-03-05,1,ER,50,47,10,11,4,22,95.0
2021-03-06,1,ER,50,45,12,6,2,20,90.15
2021-03-07,1,ER,50,42,7,12,2,25,85.52
2021-03-08,1,ER,50,47,11,10,1,21,95.0
2021-03-09,1,ER,50,47,10,6,3,25,95.0
2021-03-10,1,ER,50,47,5,6,3,22,95.0
2021-03-11,1,ER,50,47,6,8,2,22,95.0
2021-03-12,1,ER,50,47,6,5,2,23,95.0
2021-03-13,1,ER,50,42,13,9,2,25,85.35
2021-03-14,1,ER,50,47,5,8,3,22,95.0
2021-03-15,1,ER,50,47,5,5,2,22,95.0
2021-03-16,1,ER,50,47,7,9,2,25,95.0
2021-03-17,1,ER,50,47,5,6,5,20,95.0
2021-03-18,1,ER,50,47,6,9,4,25,95.0
2021-03-19,1,ER,50,47,4,6,4,23,95.0
2021-03-20,1,ER,50,43,8,7,2,23,86.93
2021-03-21,1,ER,50,43,12,7,3,20,86.98
2021-03-22,1,ER,50,47,7,6,3,25,95.0
2021-03-23,1,ER,50,47,5,13,3,22,95.0
2021-03-24,1,ER,50,47,10,4,2,21,95.0
2021-03-25,1,ER,50,47,6,10,5,22,95.0
2021-03-26,1,ER,50,47,6,5,3,22,95.0
2021-03-27,1,ER,50,44,5,7,2,23,89.38
2021-03-28,1,ER,50,41,5,4,3,25,83.32
2021-03-29,1,ER,50,47,4,5,3,26,95.0
2021-03-30,1,ER,50,47,10,6,5,23,95.0
2021-03-31,1,ER,50,47,7,3,2,23,95.0
2021-04-01,1,ER,50,47,8,7,3,20,95.0
2021-04-02,1,ER,50,47,9,8,3,25,95.0
2021-04-03,1,ER,50,47,7,5,2,24,95.0
2021-04-04,1,ER,50,43,4,10,4,22,87.35
2021-04-05,1,ER,50,47,7,5,2,21,95.0
2021-04-06,1,ER,50,47,11,9,2,23,95.0
2021-04-07,1,ER,50,47,13,5,2,22,95.0
2021-04-08,1,ER,50,47,5,6,2,25,95.0
2021-04-09,1,ER,50,47,13,9,3,24,95.0
2021-04-10,1,ER,50,44,6,12,2,26,89.52
2021-04-11,1,ER,50,41,12,6,3,24,83.67
2021-04-12,1,ER,50,47,8,9,2,24,95.0
2021-04-13,1,ER,50,47,7,8,3,24,95.0
2021-04-14,1,ER,50,47,9,7,4,20,95.0
2021-04-15,1,ER,50,47,7,8,2,25,95.0
2021-04-16,1,ER,50,47,9,7,3,21,95.0
2021-04-17,1,ER,50,46,11,3,4,20,92.6
2021-04-18,1,ER,50,46,7,6,2,22,92.73
2021-04-19,1,ER,50,47,8,7,2,21,95.0
2021-04-20,1,ER,50,47,5,8,4,22,95.0
2021-04-21,1,ER,50,47,8,4,2,23,95.0
2021-04-22,1,ER,50,47,5,7,2,24,95.0
2021-04-23,1,ER,50,46,5,10,3,23,92.03
2021-04-24,1,ER,50,42,7,6,3,24,85.1
2021-04-25,1,ER,50,42,13,10,2,27,84.09
2021-04-26,1,ER,50,47,10,8,3,24,95.0
2021-04-27,1,ER,50,47,7,2,3,23,95.0
2021-04-28,1,ER,50,47,6,5,1,22,95.0
2021-04-29,1,ER,50,47,6,8,3,23,95.0
2021-04-30,1,ER,50,47,9,2,3,22,95.0
2021-05-01,1,ER,50,42,13,6,4,24,84.88
2021-05-02,1,ER,50,40,4,10,3,22,80.32
2021-05-03,1,ER,50,47,7,5,2,26,95.0
2021-05-04,1,ER,50,47,9,10,2,23,95.0
2021-05-05,1,ER,50,47,5,9,3,22,95.0
2021-05-06,1,ER,50,47,6,6,2,21,95.0
2021-05-07,1,ER,50,47,8,8,3,30,95.0
2021-05-08,1,ER,50,39,6,3,3,21,79.11
2021-05-09,1,ER,50,37,5,4,3,22,74.09
2021-05-10,1,ER,50,47,8,7,3,25,95.0
2021-05-11,1,ER,50,47,9,5,2,24,95.0
2021-05-12,1,ER,50,47,8,2,4,21,95.0
2021-05-13,1,ER,50,47,3,10,1,24,95.0
2021-05-14,1,ER,50,47,9,4,1,25,95.0
2021-05-15,1,ER,50,43,8,5,4,23,86.98
2021-05-16,1,ER,50,39,7,13,1,22,79.5
2021-05-17,1,ER,50,47,8,8,1,24,95.0
2021-05-18,1,ER,50,45,7,7,3,23,90.73
2021-05-19,1,ER,50,47,12,5,3,25,94.52
2021-05-20,1,ER,50,47,4,4,1,23,95.0
2021-05-21,1,ER,50,47,4,9,2,21,95.0
2021-05-22,1,ER,50,43,8,8,3,23,87.84
2021-05-23,1,ER,50,41,8,6,1,24,83.85
2021-05-24,1,ER,50,46,10,11,3,23,93.16
2021-05-25,1,ER,50,47,11,8,3,24,95.0
2021-05-26,1,ER,50,47,8,6,1,24,95.0
2021-05-27,1,ER,50,47,6,4,3,25,95.0
2021-05-28,1,ER,50,47,5,3,3,26,94.41
2021-05-29,1,ER,50,41,8,4,3,18,82.13
2021-05-30,1,ER,50,43,4,7,4,22,86.8
2021-05-31,1,ER,50,47,13,3,2,23,95.0
2021-06-01,1,ER,50,40,8,10,1,20,81.8
2021-06-02,1,ER,50,42,7,8,3,24,85.69
2021-06-03,1,ER,50,41,11,6,3,24,82.47
2021-06-04,1,ER,50,43,8,13,2,23,86.65
2021-06-05,1,ER,50,39,5,6,2,21,78.95
2021-06-06,1,ER,50,39,6,6,4,19,79.35
2021-06-07,1,ER,50,43,12,9,3,25,86.9
2021-06-08,1,ER,50,44,6,6,4,27,88.93
2021-06-09,1,ER,50,45,4,7,2,22,90.02
2021-06-10,1,ER,50,42,2,12,4,21,85.36
2021-06-11,1,ER,50,42,10,14,2,23,85.65
2021-06-12,1,ER,50,37,8,6,1,20,74.72
2021-06-13,1,ER,50,40,6,6,4,22,80.84
2021-06-14,1,ER,50,42,12,7,2,21,84.48
2021-06-15,1,ER,50,42,3,6,3,21,84.54
2021-06-16,1,ER,50,41,7,2,2,23,83.86
2021-06-17,1,ER,50,46,3,3,3,22,93.1
2021-06-18,1,ER,50,45,8,7,3,24,91.04
2021-06-19,1,ER,50,33,11,5,3,23,67.6
2021-06-20,1,ER,50,42,7,4,1,24,84.34
2021-06-21,1,ER,50,44,7,11,3,26,88.19
2021-06-22,1,ER,50,45,14,14,2,23,90.1
2021-06-23,1,ER,50,47,7,8,3,16,94.87
2021-06-24,1,ER,50,44,10,5,3,23,89.61
2021-06-25,1,ER,50,47,8,6,2,24,95.0
2021-06-26,1,ER,50,33,12,6,2,19,66.87
2021-06-27,1,ER,50,35,6,8,2,21,71.65
2021-06-28,1,ER,50,45,6,12,1,25,91.02
2021-06-29,1,ER,50,46,17,4,3,25,92.19
2021-06-30,1,ER,50,44,4,8,1,25,89.27
2021-07-01,1,ER,50,43,10,10,3,24,87.17
2021-07-02,1,ER,50,40,8,4,3,21,81.04
2021-07-03,1,ER,50,34,9,7,2,22,68.45
2021-07-04,1,ER,50,33,7,13,2,19,66.99
2021-07-05,1,ER,50,43,10,10,4,21,86.9
2021-07-06,1,ER,50,42,7,7,1,22,85.89
2021-07-07,1,ER,50,44,13,7,4,23,88.06
2021-07-08,1,ER,50,40,8,10,3,18,81.43
2021-07-09,1,ER,50,41,8,7,1,20,83.17
2021-07-10,1,ER,50,36,7,7,5,23,72.69
2021-07-11,1,ER,50,31,4,11,4,16,63.11
2021-07-12,1,ER,50,39,8,9,4,20,79.03
2021-07-13,1,ER,50,46,9,6,3,28,93.92
2021-07-14,1,ER,50,39,7,6,2,21,78.48
2021-07-15,1,ER,50,39,8,7,3,21,78.78
2021-07-16,1,ER,50,42,8,8,1,25,84.62
2021-07-17,1,ER,50,35,6,6,4,22,71.62
2021-07-18,1,ER,50,37,8,6,2,19,75.43
2021-07-19,1,ER,50,37,7,10,2,19,75.52
2021-07-20,1,ER,50,44,4,6,3,25,88.39
2021-07-21,1,ER,50,42,7,9,2,19,84.89
2021-07-22,1,ER,50,38,5,10,4,23,76.43
2021-07-23,1,ER,50,42,5,5,4,20,85.08
2021-07-24,1,ER,50,38,6,8,2,20,77.44
2021-07-25,1,ER,50,37,5,6,3,22,74.72
2021-07-26,1,ER,50,39,6,6,3,20,79.18
2021-07-27,1,ER,50,44,7,6,3,25,89.26
2021-07-28,1,ER,50,39,5,6,1,20,79.8
2021-07-29,1,ER,50,40,7,11,1,22,80.06
2021-07-30,1,ER,50,40,10,3,3,22,81.23
2021-07-31,1,ER,50,36,11,7,3,18,72.92
2021-08-01,1,ER,50,34,8,4,1,21,68.03
2021-08-02,1,ER,50,35,4,8,2,21,71.59
2021-08-03,1,ER,50,41,12,8,1,19,83.15
2021-08-04,1,ER,50,36,10,5,4,19,72.57
2021-08-05,1,ER,50,37,8,6,3,19,74.16
2021-08-06,1,ER,50,39,9,9,3,21,78.81
2021-08-07,1,ER,50,28,11,5,1,21,57.81
2021-08-08,1,ER,50,31,7,8,1,21,62.44
2021-08-09,1,ER,50,39,9,10,1,24,78.56
2021-08-10,1,ER,50,36,7,8,5,19,73.32
2021-08-11,1,ER,50,40,3,15,2,24,80.4
2021-08-12,1,ER,50,40,10,5,2,17,80.97
2021-08-13,1,ER,50,37,6,4,1,22,75.83
2021-08-14,1,ER,50,28,9,5,2,22,56.2
2021-08-15,1,ER,50,28,4,8,1,19,57.37
2021-08-16,1,ER,50,38,8,6,2,26,76.94
2021-08-17,1,ER,50,36,6,8,2,22,73.17
2021-08-18,1,ER,50,40,11,6,2,23,80.21
2021-08-19,1,ER,50,39,5,9,1,20,78.39
2021-08-20,1,ER,50,37,8,9,1,20,75.56
2021-08-21,1,ER,50,33,10,5,4,20,67.43
2021-08-22,1,ER,50,27,12,5,2,18,54.69
2021-08-23,1,ER,50,35,9,4,2,20,70.41
2021-08-24,1,ER,50,43,9,2,4,25,86.95
2021-08-25,1,ER,50,41,8,8,2,23,82.49
2021-08-26,1,ER,50,42,5,12,1,25,84.04
2021-08-27,1,ER,50,36,4,5,1,23,72.29
2021-08-28,1,ER,50,30,7,7,2,20,60.71
2021-08-29,1,ER,50,32,6,7,1,21,64.9
2021-08-30,1,ER,50,38,6,14,2,20,77.59
2021-08-31,1,ER,50,37,9,10,2,24,75.11
2021-09-01,1,ER,50,39,9,7,4,23,78.07
2021-09-02,1,ER,50,36,5,7,3,22,72.52
2021-09-03,1,ER,50,36,5,9,3,16,73.7
2021-09-04,1,ER,50,32,7,17,2,21,65.99
2021-09-05,1,ER,50,30,9,6,3,20,60.1
2021-09-06,1,ER,50,33,5,8,2,24,67.4
2021-09-07,1,ER,50,35,8,4,2,20,71.35
2021-09-08,1,ER,50,39,6,8,2,20,79.71
2021-09-09,1,ER,50,37,15,5,3,26,75.51
2021-09-10,1,ER,50,37,11,6,2,21,75.12
2021-09-11,1,ER,50,32,9,8,4,18,64.14
2021-09-12,1,ER,50,33,4,9,2,16,66.59
2021-09-13,1,ER,50,37,9,10,2,20,74.63
2021-09-14,1,ER,50,39,8,14,3,20,78.04
2021-09-15,1,ER,50,36,6,7,4,23,73.89
2021-09-16,1,ER,50,39,11,5,1,22,78.55
2021-09-17,1,ER,50,38,10,4,2,19,77.26
2021-09-18,1,ER,50,29,5,5,1,24,59.68
2021-09-19,1,ER,50,28,7,5,2,16,57.63
2021-09-20,1,ER,50,40,3,7,3,23,81.96
2021-09-21,1,ER,50,35,5,10,2,22,70.46
2021-09-22,1,ER,50,38,8,4,2,22,76.98
2021-09-23,1,ER,50,32,11,5,2,23,65.22
2021-09-24,1,ER,50,33,7,5,3,20,66.9
2021-09-25,1,ER,50,28,13,10,2,17,56.05
2021-09-26,1,ER,50,26,10,6,1,20,53.9
2021-09-27,1,ER,50,40,8,4,4,23,80.25
2021-09-28,1,ER,50,37,10,10,2,21,75.17
2021-09-29,1,ER,50,40,7,5,1,23,81.76
2021-09-30,1,ER,50,36,10,5,2,25,72.35
2021-10-01,1,ER,50,40,7,5,3,22,81.55
2021-10-02,1,ER,50,25,10,9,3,18,51.55
2021-10-03,1,ER,50,33,14,11,3,19,66.86
2021-10-04,1,ER,50,34,8,5,4,17,68.1
2021-10-05,1,ER,50,40,5,12,2,25,81.16
2021-10-06,1,ER,50,35,10,8,3,21,71.76
2021-10-07,1,ER,50,42,8,11,4,19,84.08
2021-10-08,1,ER,50,39,9,4,2,22,78.06
2021-10-09,1,ER,50,30,5,7,2,19,60.49
2021-10-10,1,ER,50,30,11,6,3,21,61.38
2021-10-11,1,ER,50,35,9,7,3,22,71.1
2021-10-12,1,ER,50,35,5,6,3,23,70.57
2021-10-13,1,ER,50,33,11,10,1,22,67.57
2021-10-14,1,ER,50,34,4,6,5,20,68.62
2021-10-15,1,ER,50,39,3,9,2,20,78.9
2021-10-16,1,ER,50,29,12,2,2,18,59.73
2021-10-17,1,ER,50,29,7,6,2,18,58.96
2021-10-18,1,ER,50,41,13,4,3,24,82.69
2021-10-19,1,ER,50,37,8,9,2,21,75.83
2021-10-20,1,ER,50,36,11,8,2,23,73.57
2021-10-21,1,ER,50,35,16,6,2,20,71.27
2021-10-22,1,ER,50,36,12,2,4,21,73.72
2021-10-23,1,ER,50,34,4,9,2,24,68.7
2021-10-24,1,ER,50,34,12,10,2,20,68.88
2021-10-25,1,ER,50,38,10,8,3,20,77.92
2021-10-26,1,ER,50,39,8,5,2,21,78.27
2021-10-27,1,ER,50,37,6,4,1,23,74.27
2021-10-28,1,ER,50,40,11,6,3,21,81.0
2021-10-29,1,ER,50,39,7,13,3,23,79.1
2021-10-30,1,ER,50,33,7,7,3,18,67.19
2021-10-31,1,ER,50,34,9,9,2,21,68.9
2021-11-01,1,ER,50,40,4,6,4,21,81.39
2021-11-02,1,ER,50,42,11,5,2,19,85.05
2021-11-03,1,ER,50,40,5,9,4,21,80.97
2021-11-04,1,ER,50,44,11,5,1,27,89.6
2021-11-05,1,ER,50,40,5,6,3,21,81.89
2021-11-06,1,ER,50,36,4,7,1,22,72.54
2021-11-07,1,ER,50,32,7,1,3,23,64.14
2021-11-08,1,ER,50,40,6,10,4,22,80.6
2021-11-09,1,ER,50,43,8,1,3,25,87.53
2021-11-10,1,ER,50,40,6,7,2,23,80.46
2021-11-11,1,ER,50,40,10,8,4,24,80.62
2021-11-12,1,ER,50,39,5,6,2,25,78.73
2021-11-13,1,ER,50,34,3,7,3,22,69.41
2021-11-14,1,ER,50,31,9,6,3,17,62.14
2021-11-15,1,ER,50,42,8,7,1,19,84.76
2021-11-16,1,ER,50,43,7,3,3,22,87.54
2021-11-17,1,ER,50,42,6,7,3,27,85.71
2021-11-18,1,ER,50,40,6,6,4,22,80.8
2021-11-19,1,ER,50,41,11,5,1,23,83.32
2021-11-20,1,ER,50,30,4,8,2,18,60.91
2021-11-21,1,ER,50,35,12,6,2,23,70.33
2021-11-22,1,ER,50,38,9,8,1,25,77.08
2021-11-23,1,ER,50,44,6,7,3,23,88.02
2021-11-24,1,ER,50,39,6,0,2,20,78.42
2021-11-25,1,ER,50,41,7,7,1,19,82.29
2021-11-26,1,ER,50,37,10,7,3,22,74.36
2021-11-27,1,ER,50,32,5,7,1,19,65.68
2021-11-28,1,ER,50,30,9,11,3,23,61.57
2021-11-29,1,ER,50,39,5,6,3,19,78.37
2021-11-30,1,ER,50,34,4,2,4,19,69.1
2021-12-01,1,ER,50,46,7,7,3,22,92.92
2021-12-02,1,ER,50,47,3,9,3,23,94.25
2021-12-03,1,ER,50,47,5,6,3,25,94.44
2021-12-04,1,ER,50,35,9,4,1,23,71.36
2021-12-05,1,ER,50,37,8,8,1,25,74.46
2021-12-06,1,ER,50,43,8,6,2,22,86.9
2021-12-07,1,ER,50,44,5,11,5,24,88.53
2021-12-08,1,ER,50,43,7,16,3,23,86.29
2021-12-09,1,ER,50,47,10,7,2,26,95.0
2021-12-10,1,ER,50,44,6,6,4,21,89.95
2021-12-11,1,ER,50,39,10,3,4,22,78.07
2021-12-12,1,ER,50,38,18,9,4,24,77.26
2021-12-13,1,ER,50,44,4,10,2,25,88.95
2021-12-14,1,ER,50,45,8,10,4,24,91.88
2021-12-15,1,ER,50,45,8,6,1,23,90.41
2021-12-16,1,ER,50,47,11,14,2,24,95.0
2021-12-17,1,ER,50,47,11,12,4,24,94.85
2021-12-18,1,ER,50,35,11,4,2,20,70.45
2021-12-19,1,ER,50,39,7,3,2,24,78.73
2021-12-20,1,ER,50,47,3,3,3,25,95.0
2021-12-21,1,ER,50,43,10,3,3,25,86.48
2021-12-22,1,ER,50,44,13,9,2,22,88.21
2021-12-23,1,ER,50,47,8,6,2,25,95.0
2021-12-24,1,ER,50,41,6,10,1,22,82.8
2021-12-25,1,ER,50,40,6,11,3,19,81.53
2021-12-26,1,ER,50,35,3,5,3,25,71.67
2021-12-27,1,ER,50,39,6,13,2,24,78.22
2021-12-28,1,ER,50,47,8,3,3,20,95.0
2021-12-29,1,ER,50,46,8,3,2,22,93.37
2021-12-30,1,ER,50,47,6,6,2,22,95.0
2021-12-31,1,ER,50,47,8,6,2,21,94.28
2022-01-01,1,ER,50,29,8,3,3,20,58.29
2022-01-02,1,ER,50,29,8,3,2,23,59.82
2022-01-03,1,ER,50,38,7,9,1,22,76.35
2022-01-04,1,ER,50,40,3,7,2,21,80.71
2022-01-05,1,ER,50,36,6,14,3,21,73.12
2022-01-06,1,ER,50,39,5,7,2,25,78.69
2022-01-07,1,ER,50,41,8,13,4,21,83.37
2022-01-08,1,ER,50,29,2,4,1,19,59.25
2022-01-09,1,ER,50,30,2,9,3,20,61.5
2022-01-10,1,ER,50,35,10,8,2,20,71.37
2022-01-11,1,ER,50,35,1,8,4,25,71.72
2022-01-12,1,ER,50,39,5,8,3,25,78.18
2022-01-13,1,ER,50,41,9,7,1,24,82.78
2022-01-14,1,ER,50,40,6,6,2,24,81.4
2022-01-15,1,ER,50,32,10,6,1,22,65.71
2022-01-16,1,ER,50,30,6,3,4,18,61.34
2022-01-17,1,ER,50,38,5,6,1,23,76.88
2022-01-18,1,ER,50,40,10,11,2,23,80.7
2022-01-19,1,ER,50,35,11,4,3,23,71.21
2022-01-20,1,ER,50,42,8,9,2,24,85.62
2022-01-21,1,ER,50,37,7,12,2,20,74.77
2022-01-22,1,ER,50,29,18,8,3,23,59.53
2022-01-23,1,ER,50,31,6,4,2,22,62.62
2022-01-24,1,ER,50,40,5,11,2,23,81.11
2022-01-25,1,ER,50,36,5,7,1,18,72.99
2022-01-26,1,ER,50,38,6,8,3,24,76.58
2022-01-27,1,ER,50,38,7,6,3,23,77.08
2022-01-28,1,ER,50,42,6,6,3,20,85.29
2022-01-29,1,ER,50,31,11,6,2,18,63.75
2022-01-30,1,ER,50,32,9,8,4,22,64.13
2022-01-31,1,ER,50,33,12,6,1,20,66.59
2022-02-01,1,ER,50,40,6,8,2,20,81.2
2022-02-02,1,ER,50,42,9,7,4,24,85.13
2022-02-03,1,ER,50,41,4,6,3,27,83.17
2022-02-04,1,ER,50,41,11,5,2,22,82.26
2022-02-05,1,ER,50,32,9,9,4,17,65.62
2022-02-06,1,ER,50,33,5,5,3,18,66.17
2022-02-07,1,ER,50,39,6,5,2,23,79.73
2022-02-08,1,ER,50,39,7,5,3,22,79.64
2022-02-09,1,ER,50,40,6,3,3,23,81.26
2022-02-10,1,ER,50,42,6,7,2,22,85.3
2022-02-11,1,ER,50,39,12,8,3,26,78.6
2022-02-12,1,ER,50,33,4,8,2,19,67.62
2022-02-13,1,ER,50,32,10,11,4,22,64.93
2022-02-14,1,ER,50,41,14,7,3,19,83.03
2022-02-15,1,ER,50,40,7,6,2,21,80.18
2022-02-16,1,ER,50,42,8,5,4,25,84.14
2022-02-17,1,ER,50,39,7,6,4,21,79.31
2022-02-18,1,ER,50,40,6,12,4,24,81.46
2022-02-19,1,ER,50,29,5,7,3,21,58.28
2022-02-20,1,ER,50,34,8,10,3,25,69.28
2022-02-21,1,ER,50,42,12,5,2,23,85.73
2022-02-22,1,ER,50,40,6,8,2,22,81.99
2022-02-23,1,ER,50,39,9,9,3,26,78.56
2022-02-24,1,ER,50,40,8,8,3,24,81.68
2022-02-25,1,ER,50,36,11,4,2,22,73.91
2022-02-26,1,ER,50,34,8,14,3,22,68.09
2022-02-27,1,ER,50,34,3,6,2,22,68.8
2022-02-28,1,ER,50,42,4,5,1,26,84.7
2022-03-01,1,ER,50,46,8,6,2,20,93.01
2022-03-02,1,ER,50,41,3,8,3,23,82.21
2022-03-03,1,ER,50,46,10,7,2,21,93.52
2022-03-04,1,ER,50,40,11,8,3,23,80.53
2022-03-05,1,ER,50,34,11,5,3,20,68.32
2022-03-06,1,ER,50,38,3,6,5,24,76.49
2022-03-07,1,ER,50,39,7,7,1,25,79.79
2022-03-08,1,ER,50,44,4,7,4,21,89.51
2022-03-09,1,ER,50,44,12,6,2,21,89.78
2022-03-10,1,ER,50,41,7,5,3,23,83.28
2022-03-11,1,ER,50,44,5,3,3,22,88.29
2022-03-12,1,ER,50,34,8,3,4,20,69.47
2022-03-13,1,ER,50,35,8,6,2,21,70.75
2022-03-14,1,ER,50,41,5,4,3,24,83.21
2022-03-15,1,ER,50,45,7,2,1,23,90.94
2022-03-16,1,ER,50,40,3,7,3,23,80.03
2022-03-17,1,ER,50,41,8,7,2,23,82.8
2022-03-18,1,ER,50,43,10,7,3,21,86.44
2022-03-19,1,ER,50,33,7,7,2,20,66.13
2022-03-20,1,ER,50,32,12,7,2,21,65.35
2022-03-21,1,ER,50,44,5,9,2,20,89.51
2022-03-22,1,ER,50,46,9,9,2,23,92.9
2022-03-23,1,ER,50,42,8,3,2,26,85.74
2022-03-24,1,ER,50,42,8,9,4,19,85.24
2022-03-25,1,ER,50,42,6,8,2,24,85.82
2022-03-26,1,ER,50,33,11,11,2,17,66.68
2022-03-27,1,ER,50,36,10,5,4,24,72.29
2022-03-28,1,ER,50,39,8,8,3,17,78.14
2022-03-29,1,ER,50,42,11,3,2,22,85.39
2022-03-30,1,ER,50,47,9,10,1,23,94.96
2022-03-31,1,ER,50,43,12,10,2,22,86.94
2022-04-01,1,ER,50,46,10,11,3,23,92.83
2022-04-02,1,ER,50,31,9,8,2,21,62.51
2022-04-03,1,ER,50,32,12,8,2,20,64.96
2022-04-04,1,ER,50,40,5,6,1,23,81.84
2022-04-05,1,ER,50,42,10,6,2,23,84.47
2022-04-06,1,ER,50,40,10,8,2,19,80.07
2022-04-07,1,ER,50,40,5,4,4,22,80.5
2022-04-08,1,ER,50,42,4,2,3,21,84.71
2022-04-09,1,ER,50,36,10,3,2,22,73.59
2022-04-10,1,ER,50,37,11,7,5,26,75.65
2022-04-11,1,ER,50,37,7,7,1,20,75.45
2022-04-12,1,ER,50,39,12,6,3,24,78.23
2022-04-13,1,ER,50,41,9,5,2,22,83.83
2022-04-14,1,ER,50,43,14,5,4,23,86.85
2022-04-15,1,ER,50,44,5,2,3,22,88.06
2022-04-16,1,ER,50,33,8,7,1,20,66.54
2022-04-17,1,ER,50,35,11,8,2,19,70.43
2022-04-18,1,ER,50,40,2,7,3,20,80.77
2022-04-19,1,ER,50,39,12,3,4,19,78.39
2022-04-20,1,ER,50,39,5,6,2,19,79.26
2022-04-21,1,ER,50,41,11,8,1,24,82.67
2022-04-22,1,ER,50,42,4,5,2,22,84.77
2022-04-23,1,ER,50,34,6,5,2,23,69.73
2022-04-24,1,ER,50,33,6,6,2,20,67.71
2022-04-25,1,ER,50,37,12,4,2,22,74.16
2022-04-26,1,ER,50,37,10,7,4,22,75.04
2022-04-27,1,ER,50,40,11,12,2,23,81.15
2022-04-28,1,ER,50,41,10,6,1,22,82.31
2022-04-29,1,ER,50,43,6,9,2,20,87.69
2022-04-30,1,ER,50,34,11,7,4,18,68.93
2022-05-01,1,ER,50,29,5,10,2,19,58.92
2022-05-02,1,ER,50,41,7,8,1,22,83.71
2022-05-03,1,ER,50,35,12,10,5,21,71.81
2022-05-04,1,ER,50,40,6,7,3,23,80.78
2022-05-05,1,ER,50,39,12,7,2,20,79.09
2022-05-06,1,ER,50,38,6,7,2,20,76.55
2022-05-07,1,ER,50,32,3,9,3,18,64.31
2022-05-08,1,ER,50,29,4,6,2,19,58.75
2022-05-09,1,ER,50,37,7,9,3,23,75.69
2022-05-10,1,ER,50,38,10,8,3,24,77.66
2022-05-11,1,ER,50,41,7,10,3,24,82.19
2022-05-12,1,ER,50,35,5,11,2,20,70.96
2022-05-13,1,ER,50,36,11,9,3,21,72.73
2022-05-14,1,ER,50,29,7,12,3,24,60.0
2022-05-15,1,ER,50,36,2,3,3,22,72.81
2022-05-16,1,ER,50,41,9,10,2,21,83.63
2022-05-17,1,ER,50,39,7,4,2,19,79.14
2022-05-18,1,ER,50,39,11,4,2,19,78.26
2022-05-19,1,ER,50,41,8,8,3,22,83.75
2022-05-20,1,ER,50,44,6,4,2,20,88.28
2022-05-21,1,ER,50,29,7,9,3,20,59.54
2022-05-22,1,ER,50,31,11,9,1,21,62.15
2022-05-23,1,ER,50,41,10,5,4,21,83.58
2022-05-24,1,ER,50,37,7,8,2,23,75.35
2022-05-25,1,ER,50,36,15,3,3,25,72.37
2022-05-26,1,ER,50,38,12,9,2,20,77.13
2022-05-27,1,ER,50,34,10,6,3,21,69.54
2022-05-28,1,ER,50,30,7,9,1,21,61.78
2022-05-29,1,ER,50,30,8,9,2,23,61.2
2022-05-30,1,ER,50,39,7,10,4,23,78.64
2022-05-31,1,ER,50,39,8,6,3,23,78.92
2022-06-01,1,ER,50,42,8,7,3,23,85.04
2022-06-02,1,ER,50,36,12,5,2,25,72.35
2022-06-03,1,ER,50,35,4,9,2,21,71.76
2022-06-04,1,ER,50,31,9,11,2,22,63.31
2022-06-05,1,ER,50,29,8,8,2,17,58.16
2022-06-06,1,ER,50,34,8,6,1,16,69.31
2022-06-07,1,ER,50,29,7,0,3,22,59.26
2022-06-08,1,ER,50,32,9,5,4,20,65.13
2022-06-09,1,ER,50,31,8,9,4,23,62.35
2022-06-10,1,ER,50,32,6,6,2,22,65.77
2022-06-11,1,ER,50,30,2,8,4,23,60.38
2022-06-12,1,ER,50,26,10,12,1,17,53.5
2022-06-13,1,ER,50,35,8,6,3,19,70.21
2022-06-14,1,ER,50,37,7,9,2,22,74.46
2022-06-15,1,ER,50,33,8,7,2,23,67.19
2022-06-16,1,ER,50,35,11,14,1,23,71.78
2022-06-17,1,ER,50,35,13,4,2,17,70.04
2022-06-18,1,ER,50,23,13,7,3,19,47.84
2022-06-19,1,ER,50,31,6,6,2,19,63.88
2022-06-20,1,ER,50,34,5,8,3,20,68.16
2022-06-21,1,ER,50,37,8,7,4,25,74.16
2022-06-22,1,ER,50,34,4,3,2,23,69.1
2022-06-23,1,ER,50,33,15,5,1,24,67.77
2022-06-24,1,ER,50,34,7,9,3,19,68.08
2022-06-25,1,ER,50,24,1,8,4,22,48.41
2022-06-26,1,ER,50,27,4,8,1,18,54.42
2022-06-27,1,ER,50,36,6,6,4,20,72.53
2022-06-28,1,ER,50,34,8,8,3,21,68.99
2022-06-29,1,ER,50,34,6,6,4,23,69.28
2022-06-30,1,ER,50,40,5,10,4,22,80.47
2022-07-01,1,ER,50,30,4,11,3,20,60.69
2022-07-02,1,ER,50,25,9,8,1,20,51.36
2022-07-03,1,ER,50,23,6,3,1,23,47.15
2022-07-04,1,ER,50,28,7,5,3,25,56.83
2022-07-05,1,ER,50,32,11,5,3,22,65.6
2022-07-06,1,ER,50,28,7,6,2,19,56.38
2022-07-07,1,ER,50,30,11,5,3,21,61.04
2022-07-08,1,ER,50,32,7,2,3,18,64.48
2022-07-09,1,ER,50,20,10,5,2,23,41.34
2022-07-10,1,ER,50,22,7,5,4,16,45.89
2022-07-11,1,ER,50,33,5,4,3,19,66.05
2022-07-12,1,ER,50,31,8,7,2,23,63.94
2022-07-13,1,ER,50,29,6,5,4,18,59.05
2022-07-14,1,ER,50,29,7,5,3,20,59.65
2022-07-15,1,ER,50,31,5,4,2,21,62.76
2022-07-16,1,ER,50,21,8,7,2,13,42.7
2022-07-17,1,ER,50,22,10,10,3,19,45.26
2022-07-18,1,ER,50,31,10,3,3,24,62.72
2022-07-19,1,ER,50,33,8,9,3,21,67.88
2022-07-20,1,ER,50,34,14,9,2,23,69.11
2022-07-21,1,ER,50,27,6,3,3,22,55.25
2022-07-22,1,ER,50,33,9,4,3,20,66.31
2022-07-23,1,ER,50,24,9,6,3,23,48.74
2022-07-24,1,ER,50,23,8,4,2,20,47.09
2022-07-25,1,ER,50,28,10,6,4,24,57.49
2022-07-26,1,ER,50,25,6,10,5,19,50.07
2022-07-27,1,ER,50,31,8,7,3,16,62.2
2022-07-28,1,ER,50,32,6,10,2,20,64.13
2022-07-29,1,ER,50,31,2,10,2,20,63.66
2022-07-30,1,ER,50,24,8,7,4,17,48.32
2022-07-31,1,ER,50,24,4,8,3,19,48.89
2022-08-01,1,ER,50,25,15,6,1,17,50.23
2022-08-02,1,ER,50,25,4,5,1,18,51.18
2022-08-03,1,ER,50,30,10,9,3,20,60.81
2022-08-04,1,ER,50,24,10,5,3,21,49.68
2022-08-05,1,ER,50,26,9,5,5,23,53.98
2022-08-06,1,ER,50,20,10,4,3,16,40.07
2022-08-07,1,ER,50,16,9,6,3,18,33.32
2022-08-08,1,ER,50,27,11,4,3,21,54.64
2022-08-09,1,ER,50,25,9,12,4,21,51.48
2022-08-10,1,ER,50,30,7,10,3,22,61.93
2022-08-11,1,ER,50,32,6,9,2,22,65.97
2022-08-12,1,ER,50,26,9,5,2,19,52.45
2022-08-13,1,ER,50,19,6,4,1,16,39.61
2022-08-14,1,ER,50,21,6,8,2,23,43.81
2022-08-15,1,ER,50,23,5,8,2,20,47.26
2022-08-16,1,ER,50,28,6,11,1,19,57.67
2022-08-17,1,ER,50,30,12,5,2,21,60.93
2022-08-18,1,ER,50,24,12,7,4,23,49.46
2022-08-19,1,ER,50,23,8,7,3,17,47.55
2022-08-20,1,ER,50,24,7,11,2,16,49.95
2022-08-21,1,ER,50,18,9,5,1,17,37.85
2022-08-22,1,ER,50,29,8,6,2,21,58.61
2022-08-23,1,ER,50,29,5,3,2,18,59.41
2022-08-24,1,ER,50,21,10,12,2,18,42.76
2022-08-25,1,ER,50,32,6,3,4,17,64.72
2022-08-26,1,ER,50,33,5,11,4,24,67.72
2022-08-27,1,ER,50,18,4,7,4,20,37.42
2022-08-28,1,ER,50,15,4,8,2,16,31.52
2022-08-29,1,ER,50,28,11,7,1,21,57.58
2022-08-30,1,ER,50,29,5,6,1,17,59.22
2022-08-31,1,ER,50,24,8,8,1,19,49.66
2022-09-01,1,ER,50,28,4,9,1,23,57.2
2022-09-02,1,ER,50,22,9,4,4,23,45.31
2022-09-03,1,ER,50,20,6,6,5,20,40.48
2022-09-04,1,ER,50,24,6,9,3,17,48.97
2022-09-05,1,ER,50,26,9,7,2,16,52.45
2022-09-06,1,ER,50,26,7,7,1,22,52.85
2022-09-07,1,ER,50,25,3,8,1,19,50.1
2022-09-08,1,ER,50,25,7,11,4,19,51.91
2022-09-09,1,ER,50,26,5,16,4,21,52.49
2022-09-10,1,ER,50,22,6,7,2,17,44.5
2022-09-11,1,ER,50,15,7,10,2,18,30.0
2022-09-12,1,ER,50,24,6,6,1,20,48.4
2022-09-13,1,ER,50,27,7,8,3,21,55.25
2022-09-14,1,ER,50,27,9,6,2,20,55.24
2022-09-15,1,ER,50,29,11,5,2,22,59.05
2022-09-16,1,ER,50,29,7,5,2,24,58.49
2022-09-17,1,ER,50,18,10,6,1,16,37.95
2022-09-18,1,ER,50,17,5,6,2,17,35.84
2022-09-19,1,ER,50,25,8,8,4,20,51.49
2022-09-20,1,ER,50,31,7,7,2,20,63.78
2022-09-21,1,ER,50,27,8,4,3,22,55.58
2022-09-22,1,ER,50,27,9,6,3,17,55.9
2022-09-23,1,ER,50,33,5,13,2,21,66.93
2022-09-24,1,ER,50,18,8,4,5,20,36.11
2022-09-25,1,ER,50,22,4,5,2,22,45.95
2022-09-26,1,ER,50,29,7,5,3,21,59.47
2022-09-27,1,ER,50,26,10,4,2,20,52.03
2022-09-28,1,ER,50,31,4,9,1,24,62.36
2022-09-29,1,ER,50,29,10,6,2,24,58.83
2022-09-30,1,ER,50,29,5,7,2,20,59.25
2022-10-01,1,ER,50,21,8,6,2,23,42.36
2022-10-02,1,ER,50,19,13,5,2,22,39.62
2022-10-03,1,ER,50,29,10,5,1,17,58.45
2022-10-04,1,ER,50,33,8,3,3,19,66.51
2022-10-05,1,ER,50,31,9,3,2,21,62.8
2022-10-06,1,ER,50,29,8,6,2,20,59.32
2022-10-07,1,ER,50,28,7,12,4,21,56.91
2022-10-08,1,ER,50,21,3,12,2,18,43.3
2022-10-09,1,ER,50,22,5,6,5,16,44.06
2022-10-10,1,ER,50,25,5,12,2,24,50.95
2022-10-11,1,ER,50,25,7,5,4,20,51.3
2022-10-12,1,ER,50,28,10,7,2,21,56.42
2022-10-13,1,ER,50,30,9,4,3,19,61.45
2022-10-14,1,ER,50,28,3,10,2,20,57.68
2022-10-15,1,ER,50,21,4,7,1,18,43.29
2022-10-16,1,ER,50,21,8,7,3,18,43.67
2022-10-17,1,ER,50,28,8,11,3,19,56.49
2022-10-18,1,ER,50,29,6,4,2,21,58.58
2022-10-19,1,ER,50,29,9,8,4,22,59.4
2022-10-20,1,ER,50,27,9,4,3,18,55.13
2022-10-21,1,ER,50,25,4,8,2,20,51.52
2022-10-22,1,ER,50,19,8,10,3,20,39.89
2022-10-23,1,ER,50,20,9,3,3,20,40.53
2022-10-24,1,ER,50,29,7,6,2,21,59.17
2022-10-25,1,ER,50,22,9,4,4,14,44.96
2022-10-26,1,ER,50,27,5,7,2,18,55.42
2022-10-27,1,ER,50,31,5,4,2,20,63.8
2022-10-28,1,ER,50,26,11,9,2,21,52.98
2022-10-29,1,ER,50,21,7,8,3,19,42.78
2022-10-30,1,ER,50,19,8,10,2,20,39.2
2022-10-31,1,ER,50,31,10,5,2,21,62.18
2022-11-01,1,ER,50,32,10,11,2,20,65.15
2022-11-02,1,ER,50,32,5,7,4,20,64.38
2022-11-03,1,ER,50,28,12,9,4,16,56.47
2022-11-04,1,ER,50,30,12,8,4,21,61.25
2022-11-05,1,ER,50,24,9,11,3,22,49.87
2022-11-06,1,ER,50,22,4,8,3,21,44.79
2022-11-07,1,ER,50,33,8,7,1,21,66.41
2022-11-08,1,ER,50,31,7,10,3,21,63.79
2022-11-09,1,ER,50,34,5,7,2,17,68.31
2022-11-10,1,ER,50,32,2,6,1,18,64.52
2022-11-11,1,ER,50,31,7,8,2,18,62.98
2022-11-12,1,ER,50,28,8,3,3,20,57.83
2022-11-13,1,ER,50,25,8,3,3,19,51.59
2022-11-14,1,ER,50,25,5,4,3,21,50.39
2022-11-15,1,ER,50,31,7,10,2,20,63.06
2022-11-16,1,ER,50,28,13,7,5,19,56.18
2022-11-17,1,ER,50,32,10,5,1,21,64.45
2022-11-18,1,ER,50,29,5,6,3,18,58.37
2022-11-19,1,ER,50,26,0,5,2,21,52.04
2022-11-20,1,ER,50,22,7,4,2,17,45.65
2022-11-21,1,ER,50,34,8,6,1,22,68.17
2022-11-22,1,ER,50,31,9,4,2,19,63.61
2022-11-23,1,ER,50,30,12,5,1,23,61.2
2022-11-24,1,ER,50,33,5,6,5,19,66.38
2022-11-25,1,ER,50,28,6,7,3,23,57.21
2022-11-26,1,ER,50,20,4,4,4,15,41.35
2022-11-27,1,ER,50,24,10,10,2,17,48.39
2022-11-28,1,ER,50,34,7,12,1,20,68.77
2022-11-29,1,ER,50,36,5,8,1,23,73.13
2022-11-30,1,ER,50,36,8,12,1,22,73.27
2022-12-01,1,ER,50,37,8,7,1,23,74.38
2022-12-02,1,ER,50,34,5,8,2,21,68.29
2022-12-03,1,ER,50,28,7,5,2,20,57.57
2022-12-04,1,ER,50,30,6,6,2,21,60.62
2022-12-05,1,ER,50,39,9,6,3,23,79.69
2022-12-06,1,ER,50,35,5,5,3,20,71.59
2022-12-07,1,ER,50,32,7,6,2,21,64.29
2022-12-08,1,ER,50,31,8,7,4,23,63.19
2022-12-09,1,ER,50,36,5,9,2,20,72.63
2022-12-10,1,ER,50,29,6,6,2,16,59.01
2022-12-11,1,ER,50,23,10,5,1,17,47.33
2022-12-12,1,ER,50,37,6,8,3,22,74.19
2022-12-13,1,ER,50,36,13,8,1,22,72.32
2022-12-14,1,ER,50,36,7,7,2,19,73.85
2022-12-15,1,ER,50,37,10,8,3,20,74.6
2022-12-16,1,ER,50,33,5,6,2,21,67.52
2022-12-17,1,ER,50,31,7,10,3,21,62.0
2022-12-18,1,ER,50,27,6,18,2,17,54.95
2022-12-19,1,ER,50,38,7,8,2,21,77.14
2022-12-20,1,ER,50,38,8,6,3,20,76.55
2022-12-21,1,ER,50,34,7,4,4,21,68.43
2022-12-22,1,ER,50,35,9,12,3,20,71.21
2022-12-23,1,ER,50,31,3,7,3,16,63.76
2022-12-24,1,ER,50,26,9,9,4,18,53.47
2022-12-25,1,ER,50,26,2,12,3,21,52.07
2022-12-26,1,ER,50,34,5,7,2,20,69.16
2022-12-27,1,ER,50,35,7,8,2,21,70.45
2022-12-28,1,ER,50,38,7,3,5,22,77.72
2022-12-29,1,ER,50,31,11,6,3,19,62.3
2022-12-30,1,ER,50,31,8,6,2,22,63.09
2022-12-31,1,ER,50,27,8,4,2,19,54.06
2023-01-01,1,ER,50,29,7,5,3,22,59.99
2023-01-02,1,ER,50,42,5,4,3,19,85.11
2023-01-03,1,ER,50,41,5,10,3,25,82.38
2023-01-04,1,ER,50,38,11,5,3,24,77.94
2023-01-05,1,ER,50,35,10,10,4,21,71.46
2023-01-06,1,ER,50,38,6,8,2,24,77.18
2023-01-07,1,ER,50,32,10,5,3,19,65.85
2023-01-08,1,ER,50,30,10,5,2,23,61.69
2023-01-09,1,ER,50,38,8,8,3,24,76.12
2023-01-10,1,ER,50,41,10,6,3,22,83.94
2023-01-11,1,ER,50,39,7,6,3,20,79.67
2023-01-12,1,ER,50,33,12,7,2,24,67.82
2023-01-13,1,ER,50,41,9,7,1,21,83.09
2023-01-14,1,ER,50,31,12,8,2,20,63.86
2023-01-15,1,ER,50,34,7,6,2,24,69.15
2023-01-16,1,ER,50,41,5,5,2,26,82.62
2023-01-17,1,ER,50,40,11,8,3,20,80.07
2023-01-18,1,ER,50,41,7,5,2,23,83.58
2023-01-19,1,ER,50,38,13,11,3,24,77.37
2023-01-20,1,ER,50,38,9,8,1,18,76.56
2023-01-21,1,ER,50,33,8,9,4,20,67.75
2023-01-22,1,ER,50,32,5,9,4,20,65.43
2023-01-23,1,ER,50,43,5,9,2,22,87.92
2023-01-24,1,ER,50,38,6,9,1,22,76.72
2023-01-25,1,ER,50,38,7,15,2,20,77.11
2023-01-26,1,ER,50,36,3,5,2,20,72.29
2023-01-27,1,ER,50,39,7,4,1,26,79.74
2023-01-28,1,ER,50,31,5,5,1,20,62.34
2023-01-29,1,ER,50,30,7,8,2,19,60.65
2023-01-30,1,ER,50,40,5,6,1,22,80.61
2023-01-31,1,ER,50,42,8,8,3,22,84.78
2023-02-01,1,ER,50,41,9,10,4,22,83.82
2023-02-02,1,ER,50,44,7,6,2,23,89.15
2023-02-03,1,ER,50,44,11,4,3,20,89.52
2023-02-04,1,ER,50,33,7,7,3,23,67.64
2023-02-05,1,ER,50,28,10,9,4,19,57.46
2023-02-06,1,ER,50,46,8,7,3,22,92.03
2023-02-07,1,ER,50,39,5,7,3,22,79.43
2023-02-08,1,ER,50,39,6,8,4,20,79.59
2023-02-09,1,ER,50,44,7,7,3,27,88.78
2023-02-10,1,ER,50,40,11,6,1,21,81.47
2023-02-11,1,ER,50,32,8,3,3,17,64.41
2023-02-12,1,ER,50,33,9,11,2,23,67.1
2023-02-13,1,ER,50,44,7,6,3,24,89.17
2023-02-14,1,ER,50,41,3,9,2,24,83.86
2023-02-15,1,ER,50,41,8,13,3,23,82.93
2023-02-16,1,ER,50,44,3,6,3,24,88.24
2023-02-17,1,ER,50,44,8,3,3,21,89.02
2023-02-18,1,ER,50,37,10,11,1,21,75.34
2023-02-19,1,ER,50,32,4,9,3,23,65.56
2023-02-20,1,ER,50,40,8,10,5,22,81.93
2023-02-21,1,ER,50,41,9,9,2,24,83.58
2023-02-22,1,ER,50,38,8,5,2,26,76.03
2023-02-23,1,ER,50,46,4,7,3,20,93.95
2023-02-24,1,ER,50,43,5,5,4,19,87.13
2023-02-25,1,ER,50,36,3,10,4,21,72.92
2023-02-26,1,ER,50,34,9,5,1,18,69.24
2023-02-27,1,ER,50,41,5,5,2,19,82.93
2023-02-28,1,ER,50,42,8,7,1,21,85.19
2023-03-01,1,ER,50,39,8,4,4,22,79.82
2023-03-02,1,ER,50,44,6,9,3,26,88.14
2023-03-03,1,ER,50,40,10,14,2,25,81.23
2023-03-04,1,ER,50,35,8,3,1,22,70.62
2023-03-05,1,ER,50,37,5,9,4,23,75.16
2023-03-06,1,ER,50,40,8,2,3,22,81.88
2023-03-07,1,ER,50,44,10,3,2,22,89.34
2023-03-08,1,ER,50,45,10,12,3,20,90.88
2023-03-09,1,ER,50,39,6,10,2,22,79.9
2023-03-10,1,ER,50,38,5,8,1,21,77.61
2023-03-11,1,ER,50,37,5,7,3,20,74.95
2023-03-12,1,ER,50,34,10,7,2,21,69.47
2023-03-13,1,ER,50,43,10,10,4,24,86.85
2023-03-14,1,ER,50,46,2,7,3,25,93.16
2023-03-15,1,ER,50,38,8,8,5,22,77.12
2023-03-16,1,ER,50,38,6,12,2,22,76.33
2023-03-17,1,ER,50,44,9,3,3,22,89.1
2023-03-18,1,ER,50,36,8,5,2,21,73.18
2023-03-19,1,ER,50,31,11,7,4,22,62.74
2023-03-20,1,ER,50,42,7,5,2,18,85.63
2023-03-21,1,ER,50,35,7,8,2,21,71.84
2023-03-22,1,ER,50,44,11,6,2,26,89.09
2023-03-23,1,ER,50,41,6,7,3,27,82.23
2023-03-24,1,ER,50,41,6,8,2,22,82.71
2023-03-25,1,ER,50,35,7,4,3,21,71.78
2023-03-26,1,ER,50,33,3,8,2,22,67.27
2023-03-27,1,ER,50,41,12,4,2,22,82.34
2023-03-28,1,ER,50,43,11,3,2,22,86.73
2023-03-29,1,ER,50,40,9,7,1,18,80.31
2023-03-30,1,ER,50,43,4,9,1,23,86.05
2023-03-31,1,ER,50,42,7,8,2,18,84.53
2023-04-01,1,ER,50,38,4,9,2,20,76.4
2023-04-02,1,ER,50,38,3,9,1,20,77.47
2023-04-03,1,ER,50,42,7,9,2,25,84.16
2023-04-04,1,ER,50,43,6,3,5,23,86.11
2023-04-05,1,ER,50,40,5,8,3,24,80.32
2023-04-06,1,ER,50,45,7,11,1,24,91.47
2023-04-07,1,ER,50,37,9,7,3,22,75.82
2023-04-08,1,ER,50,31,8,6,2,22,63.86
2023-04-09,1,ER,50,36,9,10,3,22,72.2
2023-04-10,1,ER,50,37,6,7,2,18,74.82
2023-04-11,1,ER,50,38,5,7,2,20,77.9
2023-04-12,1,ER,50,47,5,8,3,19,94.67
2023-04-13,1,ER,50,38,6,5,3,24,77.68
2023-04-14,1,ER,50,40,12,12,3,20,81.41
2023-04-15,1,ER,50,35,9,6,2,21,71.36
2023-04-16,1,ER,50,33,7,9,4,19,67.12
2023-04-17,1,ER,50,44,7,7,1,24,88.0
2023-04-18,1,ER,50,37,9,5,2,21,75.5
2023-04-19,1,ER,50,35,8,9,3,21,71.1
2023-04-20,1,ER,50,40,12,11,3,19,81.85
2023-04-21,1,ER,50,43,5,6,3,24,86.88
2023-04-22,1,ER,50,34,8,4,5,17,68.95
2023-04-23,1,ER,50,28,3,7,2,23,56.03
2023-04-24,1,ER,50,41,6,10,3,24,82.94
2023-04-25,1,ER,50,40,7,8,3,23,80.22
2023-04-26,1,ER,50,43,8,5,2,21,87.82
2023-04-27,1,ER,50,38,5,6,2,25,76.94
2023-04-28,1,ER,50,41,12,9,3,22,82.29
2023-04-29,1,ER,50,32,14,8,4,21,64.35
2023-04-30,1,ER,50,35,5,6,2,23,70.76
2023-05-01,1,ER,50,37,7,3,3,22,75.66
2023-05-02,1,ER,50,37,6,4,3,23,74.76
2023-05-03,1,ER,50,41,4,13,2,24,83.83
2023-05-04,1,ER,50,33,8,5,3,21,66.42
2023-05-05,1,ER,50,33,7,10,1,21,66.36
2023-05-06,1,ER,50,36,7,2,3,21,72.19
2023-05-07,1,ER,50,28,10,10,2,19,57.85
2023-05-08,1,ER,50,39,6,4,2,21,79.16
2023-05-09,1,ER,50,34,6,6,4,21,68.99
2023-05-10,1,ER,50,39,10,12,3,19,79.18
2023-05-11,1,ER,50,41,7,4,4,21,82.02
2023-05-12,1,ER,50,37,11,3,1,19,75.94
2023-05-13,1,ER,50,33,5,8,3,20,67.73
2023-05-14,1,ER,50,30,3,9,4,21,60.99
2023-05-15,1,ER,50,35,7,14,4,21,71.11
2023-05-16,1,ER,50,41,10,5,1,24,83.15
2023-05-17,1,ER,50,39,5,6,2,21,78.3
2023-05-18,1,ER,50,39,10,8,3,19,78.1
2023-05-19,1,ER,50,47,9,11,2,24,94.77
2023-05-20,1,ER,50,27,7,2,3,20,55.07
2023-05-21,1,ER,50,28,9,6,1,24,56.36
2023-05-22,1,ER,50,38,10,11,1,23,76.53
2023-05-23,1,ER,50,37,9,5,3,29,74.73
2023-05-24,1,ER,50,40,9,6,3,22,80.99
2023-05-25,1,ER,50,33,7,3,3,22,66.96
2023-05-26,1,ER,50,39,6,7,3,20,79.12
2023-05-27,1,ER,50,34,9,9,2,23,69.18
2023-05-28,1,ER,50,29,2,10,3,19,58.04
2023-05-29,1,ER,50,40,8,5,3,18,80.2
2023-05-30,1,ER,50,37,8,6,2,22,75.59
2023-05-31,1,ER,50,42,5,4,1,23,84.09
2023-06-01,1,ER,50,34,5,3,2,19,68.31
2023-06-02,1,ER,50,32,5,9,4,20,65.03
2023-06-03,1,ER,50,26,6,5,3,20,52.77
2023-06-04,1,ER,50,24,6,5,3,18,48.14
2023-06-05,1,ER,50,35,6,5,2,23,71.33
2023-06-06,1,ER,50,37,7,4,1,21,75.14
2023-06-07,1,ER,50,37,9,8,1,22,74.84
2023-06-08,1,ER,50,33,7,4,2,18,67.75
2023-06-09,1,ER,50,39,4,4,3,18,79.07
2023-06-10,1,ER,50,27,4,9,2,20,54.66
2023-06-11,1,ER,50,28,8,13,3,18,57.69
2023-06-12,1,ER,50,34,4,2,3,24,69.79
2023-06-13,1,ER,50,36,7,5,1,23,73.74
2023-06-14,1,ER,50,36,6,10,2,23,73.76
2023-06-15,1,ER,50,31,12,7,3,21,63.46
2023-06-16,1,ER,50,32,10,8,4,18,64.06
2023-06-17,1,ER,50,27,11,9,3,23,55.86
2023-06-18,1,ER,50,26,11,8,1,18,53.59
2023-06-19,1,ER,50,34,9,13,3,18,69.58
2023-06-20,1,ER,50,38,3,12,3,24,77.27
2023-06-21,1,ER,50,37,10,4,2,22,74.18
2023-06-22,1,ER,50,31,11,8,3,21,62.72
2023-06-23,1,ER,50,40,9,13,3,22,81.79
2023-06-24,1,ER,50,23,8,4,2,19,46.71
2023-06-25,1,ER,50,26,3,7,2,19,53.82
2023-06-26,1,ER,50,33,10,3,2,22,66.79
2023-06-27,1,ER,50,31,8,5,3,17,62.06
2023-06-28,1,ER,50,32,9,7,3,19,64.66
2023-06-29,1,ER,50,34,6,10,2,20,69.72
2023-06-30,1,ER,50,32,6,10,2,22,65.25
2023-07-01,1,ER,50,21,11,8,4,19,42.97
2023-07-02,1,ER,50,23,6,11,2,20,47.1
2023-07-03,1,ER,50,29,6,9,2,20,59.0
2023-07-04,1,ER,50,29,6,7,2,18,59.64
2023-07-05,1,ER,50,31,7,5,2,19,63.43
2023-07-06,1,ER,50,28,7,4,2,20,57.77
2023-07-07,1,ER,50,32,10,5,2,19,64.19
2023-07-08,1,ER,50,23,4,1,2,20,47.55
2023-07-09,1,ER,50,24,5,6,4,22,49.26
2023-07-10,1,ER,50,32,7,7,3,20,64.64
2023-07-11,1,ER,50,30,5,7,1,17,61.9
2023-07-12,1,ER,50,34,9,9,3,20,69.86
2023-07-13,1,ER,50,32,3,4,2,23,65.29
2023-07-14,1,ER,50,28,4,6,2,19,56.42
2023-07-15,1,ER,50,20,2,5,2,20,41.94
2023-07-16,1,ER,50,21,10,11,1,20,43.51
2023-07-17,1,ER,50,31,6,2,1,21,62.74
2023-07-18,1,ER,50,25,11,3,1,18,51.26
2023-07-19,1,ER,50,32,5,6,2,19,65.35
2023-07-20,1,ER,50,36,7,6,1,21,72.69
2023-07-21,1,ER,50,26,4,8,4,18,53.25
2023-07-22,1,ER,50,23,6,11,2,20,46.2
2023-07-23,1,ER,50,27,13,8,2,19,55.25
2023-07-24,1,ER,50,27,7,9,1,16,54.8
2023-07-25,1,ER,50,30,3,8,2,22,61.96
2023-07-26,1,ER,50,34,5,7,4,20,68.32
2023-07-27,1,ER,50,34,11,6,1,22,68.76
2023-07-28,1,ER,50,30,3,10,1,18,60.95
2023-07-29,1,ER,50,27,6,6,4,17,54.61
2023-07-30,1,ER,50,24,9,5,4,22,49.68
2023-07-31,1,ER,50,34,5,10,1,20,69.64
2023-08-01,1,ER,50,30,10,7,3,21,60.13
2023-08-02,1,ER,50,25,9,9,2,23,50.29
2023-08-03,1,ER,50,24,9,9,2,19,48.34
2023-08-04,1,ER,50,24,7,8,2,19,49.8
2023-08-05,1,ER,50,22,9,6,3,21,45.06
2023-08-06,1,ER,50,22,6,6,3,17,45.04
2023-08-07,1,ER,50,26,11,9,2,20,53.09
2023-08-08,1,ER,50,30,8,6,3,21,60.27
2023-08-09,1,ER,50,29,8,9,1,24,58.03
2023-08-10,1,ER,50,27,7,5,2,18,54.24
2023-08-11,1,ER,50,24,8,9,2,19,48.58
2023-08-12,1,ER,50,24,6,5,2,21,48.31
2023-08-13,1,ER,50,23,5,9,1,20,46.88
2023-08-14,1,ER,50,32,8,8,5,20,65.35
2023-08-15,1,ER,50,33,5,8,3,25,66.67
2023-08-16,1,ER,50,29,6,6,3,23,59.2
2023-08-17,1,ER,50,29,5,13,2,21,59.0
2023-08-18,1,ER,50,30,10,9,3,19,61.38
2023-08-19,1,ER,50,25,10,4,3,18,51.77
2023-08-20,1,ER,50,23,6,8,3,18,46.92
2023-08-21,1,ER,50,29,9,6,2,18,58.32
2023-08-22,1,ER,50,23,10,7,3,19,47.61
2023-08-23,1,ER,50,26,9,8,2,21,53.7
2023-08-24,1,ER,50,29,12,7,3,21,59.43
2023-08-25,1,ER,50,30,6,8,1,20,61.52
2023-08-26,1,ER,50,21,8,5,4,17,42.54
2023-08-27,1,ER,50,22,5,8,2,16,45.41
2023-08-28,1,ER,50,28,3,7,4,20,56.23
2023-08-29,1,ER,50,31,4,7,1,16,62.66
2023-08-30,1,ER,50,26,8,9,3,16,53.63
2023-08-31,1,ER,50,26,5,4,3,20,53.04
2023-09-01,1,ER,50,30,8,5,1,26,60.14
2023-09-02,1,ER,50,22,7,9,1,21,44.35
2023-09-03,1,ER,50,22,5,7,4,20,44.89
2023-09-04,1,ER,50,29,8,5,2,16,58.06
2023-09-05,1,ER,50,24,9,6,1,19,49.41
2023-09-06,1,ER,50,28,10,3,2,21,56.38
2023-09-07,1,ER,50,27,8,3,3,21,55.56
2023-09-08,1,ER,50,25,7,6,2,21,51.45
2023-09-09,1,ER,50,18,5,4,2,20,37.15
2023-09-10,1,ER,50,22,6,5,3,19,45.69
2023-09-11,1,ER,50,28,6,9,1,19,56.13
2023-09-12,1,ER,50,29,4,9,4,20,58.55
2023-09-13,1,ER,50,30,6,11,2,20,61.91
2023-09-14,1,ER,50,30,8,5,1,20,61.11
2023-09-15,1,ER,50,24,7,5,2,19,48.79
2023-09-16,1,ER,50,24,8,8,2,22,48.14
2023-09-17,1,ER,50,21,8,5,3,17,42.66
2023-09-18,1,ER,50,26,8,7,2,17,53.12
2023-09-19,1,ER,50,28,7,9,3,19,57.27
2023-09-20,1,ER,50,27,6,7,3,18,55.7
2023-09-21,1,ER,50,29,13,6,5,19,58.65
2023-09-22,1,ER,50,25,6,4,4,18,50.58
2023-09-23,1,ER,50,17,5,7,2,18,35.99
2023-09-24,1,ER,50,18,7,6,3,18,36.12
2023-09-25,1,ER,50,24,6,8,2,17,49.08
2023-09-26,1,ER,50,27,9,5,5,22,54.86
2023-09-27,1,ER,50,24,12,9,4,18,48.5
2023-09-28,1,ER,50,26,8,7,2,18,52.49
2023-09-29,1,ER,50,26,8,8,4,18,52.76
2023-09-30,1,ER,50,17,5,4,2,18,34.1
2023-10-01,1,ER,50,19,12,7,2,20,38.36
2023-10-02,1,ER,50,32,9,7,4,21,64.33
2023-10-03,1,ER,50,23,8,8,2,16,47.05
2023-10-04,1,ER,50,28,4,4,1,23,57.15
2023-10-05,1,ER,50,29,10,4,3,19,58.67
2023-10-06,1,ER,50,27,7,2,1,22,55.1
2023-10-07,1,ER,50,21,6,1,3,19,42.98
2023-10-08,1,ER,50,19,12,6,2,16,38.43
2023-10-09,1,ER,50,29,8,10,3,22,59.29
2023-10-10,1,ER,50,29,8,8,2,21,59.2
2023-10-11,1,ER,50,27,12,4,3,22,54.69
2023-10-12,1,ER,50,28,8,4,3,19,57.94
2023-10-13,1,ER,50,29,4,13,2,19,59.32
2023-10-14,1,ER,50,21,3,7,1,19,42.98
2023-10-15,1,ER,50,17,6,7,3,15,34.9
2023-10-16,1,ER,50,26,7,8,4,18,52.8
2023-10-17,1,ER,50,29,10,7,2,20,59.86
2023-10-18,1,ER,50,30,12,10,1,19,60.33
2023-10-19,1,ER,50,26,8,8,5,21,53.92
2023-10-20,1,ER,50,31,9,6,2,22,62.97
2023-10-21,1,ER,50,21,13,3,4,20,42.2
2023-10-22,1,ER,50,18,7,7,2,20,37.56
2023-10-23,1,ER,50,31,6,7,2,20,62.81
2023-10-24,1,ER,50,28,6,8,4,23,57.69
2023-10-25,1,ER,50,27,4,5,1,20,54.26
2023-10-26,1,ER,50,27,5,10,1,22,54.05
2023-10-27,1,ER,50,29,4,10,3,19,58.91
2023-10-28,1,ER,50,18,5,11,3,19,36.21
2023-10-29,1,ER,50,22,14,4,2,19,44.77
2023-10-30,1,ER,50,28,9,4,2,24,56.6
2023-10-31,1,ER,50,29,9,9,3,25,59.67
2023-11-01,1,ER,50,28,7,7,4,23,57.95
2023-11-02,1,ER,50,34,11,7,1,21,69.97
2023-11-03,1,ER,50,30,7,7,1,22,60.9
2023-11-04,1,ER,50,22,8,5,3,21,45.93
2023-11-05,1,ER,50,23,5,8,2,19,46.86
2023-11-06,1,ER,50,28,4,7,4,21,56.95
2023-11-07,1,ER,50,28,3,5,3,19,57.68
2023-11-08,1,ER,50,26,10,9,5,22,53.1
2023-11-09,1,ER,50,29,4,5,4,18,58.34
2023-11-10,1,ER,50,29,12,6,3,21,59.66
2023-11-11,1,ER,50,20,5,3,3,17,40.64
2023-11-12,1,ER,50,20,10,6,2,17,40.89
2023-11-13,1,ER,50,29,6,6,4,22,59.3
2023-11-14,1,ER,50,31,2,5,2,22,63.03
2023-11-15,1,ER,50,26,4,5,5,20,52.82
2023-11-16,1,ER,50,31,10,6,5,20,63.35
2023-11-17,1,ER,50,29,3,10,1,20,59.52
2023-11-18,1,ER,50,22,14,8,3,18,45.38
2023-11-19,1,ER,50,24,10,5,3,18,48.7
2023-11-20,1,ER,50,34,11,6,2,23,68.17
2023-11-21,1,ER,50,31,8,13,4,22,62.73
2023-11-22,1,ER,50,29,11,4,2,19,58.03
2023-11-23,1,ER,50,28,5,9,2,20,57.06
2023-11-24,1,ER,50,30,6,6,3,21,61.72
2023-11-25,1,ER,50,28,5,5,3,18,56.2
2023-11-26,1,ER,50,25,2,3,5,20,51.76
2023-11-27,1,ER,50,32,6,7,1,22,65.62
2023-11-28,1,ER,50,30,5,4,4,19,61.5
2023-11-29,1,ER,50,30,5,6,4,21,61.46
2023-11-30,1,ER,50,34,2,7,1,18,69.71
2023-12-01,1,ER,50,31,5,5,2,18,63.71
2023-12-02,1,ER,50,28,14,7,4,18,56.42
2023-12-03,1,ER,50,23,8,5,2,19,47.81
2023-12-04,1,ER,50,29,3,9,1,19,58.53
2023-12-05,1,ER,50,34,6,9,4,21,69.77
2023-12-06,1,ER,50,36,4,11,3,21,72.31
2023-12-07,1,ER,50,33,9,8,4,18,67.45
2023-12-08,1,ER,50,32,8,5,3,18,65.41
2023-12-09,1,ER,50,27,3,4,2,20,55.67
2023-12-10,1,ER,50,31,15,9,4,22,62.15
2023-12-11,1,ER,50,36,7,11,4,21,72.79
2023-12-12,1,ER,50,35,5,9,4,23,71.56
2023-12-13,1,ER,50,30,9,4,3,19,61.01
2023-12-14,1,ER,50,35,11,6,2,21,70.94
2023-12-15,1,ER,50,32,12,8,3,21,64.46
2023-12-16,1,ER,50,25,6,4,4,23,51.84
2023-12-17,1,ER,50,31,4,7,3,20,63.37
2023-12-18,1,ER,50,28,12,10,3,17,57.47
2023-12-19,1,ER,50,34,3,2,4,21,69.0
2023-12-20,1,ER,50,32,5,7,4,24,65.17
2023-12-21,1,ER,50,34,6,8,2,23,69.8
2023-12-22,1,ER,50,38,4,10,3,22,76.89
2023-12-23,1,ER,50,28,6,6,2,23,56.78
2023-12-24,1,ER,50,27,10,10,3,19,55.39
2023-12-25,1,ER,50,36,8,4,2,21,72.24
2023-12-26,1,ER,50,34,4,6,4,20,69.46
2023-12-27,1,ER,50,39,4,3,4,22,78.53
2023-12-28,1,ER,50,41,5,3,2,26,82.65
2023-12-29,1,ER,50,37,6,6,3,24,74.93
2023-12-30,1,ER,50,24,6,8,2,20,49.3
2023-12-31,1,ER,50,28,10,3,3,19,57.61
2019-01-01,1,General Ward,100,73,11,18,3,27,73.11
2019-01-02,1,General Ward,100,73,17,10,4,27,73.75
2019-01-03,1,General Ward,100,76,12,16,3,28,76.92
2019-01-04,1,General Ward,100,66,21,14,1,29,66.58
2019-01-05,1,General Ward,100,63,10,10,4,27,63.34
2019-01-06,1,General Ward,100,58,14,10,4,22,58.67
2019-01-07,1,General Ward,100,80,19,13,3,27,80.25
2019-01-08,1,General Ward,100,69,14,7,4,31,69.33
2019-01-09,1,General Ward,100,71,15,16,5,25,71.83
2019-01-10,1,General Ward,100,69,8,11,2,27,69.25
2019-01-11,1,General Ward,100,79,21,15,5,25,79.55
2019-01-12,1,General Ward,100,51,13,8,3,28,51.79
2019-01-13,1,General Ward,100,58,10,15,4,26,58.99
2019-01-14,1,General Ward,100,72,11,8,2,27,72.91
2019-01-15,1,General Ward,100,85,21,14,2,29,85.72
2019-01-16,1,General Ward,100,69,13,17,2,27,69.75
2019-01-17,1,General Ward,100,68,13,22,2,29,68.71
2019-01-18,1,General Ward,100,63,13,15,4,25,63.62
2019-01-19,1,General Ward,100,57,22,17,3,23,57.43
2019-01-20,1,General Ward,100,53,18,17,4,25,53.83
2019-01-21,1,General Ward,100,69,8,7,3,26,69.92
2019-01-22,1,General Ward,100,72,12,17,3,24,72.27
2019-01-23,1,General Ward,100,63,22,21,3,25,63.15
2019-01-24,1,General Ward,100,80,7,13,3,29,80.99
2019-01-25,1,General Ward,100,79,16,12,1,31,79.59
2019-01-26,1,General Ward,100,48,19,18,5,25,48.62
2019-01-27,1,General Ward,100,56,9,15,2,27,56.93
2019-01-28,1,General Ward,100,72,13,14,4,27,72.2
2019-01-29,1,General Ward,100,70,18,15,4,29,70.5
2019-01-30,1,General Ward,100,70,18,10,2,29,70.51
2019-01-31,1,General Ward,100,77,11,17,3,25,77.77
2019-02-01,1,General Ward,100,76,13,17,2,28,76.01
2019-02-02,1,General Ward,100,60,14,15,3,24,60.96
2019-02-03,1,General Ward,100,60,17,16,5,23,60.55
2019-02-04,1,General Ward,100,76,22,13,2,25,76.37
2019-02-05,1,General Ward,100,74,26,11,1,30,74.24
2019-02-06,1,General Ward,100,78,11,18,4,29,78.55
2019-02-07,1,General Ward,100,81,13,19,4,27,81.64
2019-02-08,1,General Ward,100,73,12,15,2,23,73.54
2019-02-09,1,General Ward,100,61,17,13,4,25,61.25
2019-02-10,1,General Ward,100,64,17,15,4,25,64.46
2019-02-11,1,General Ward,100,80,14,20,3,28,80.42
2019-02-12,1,General Ward,100,74,10,10,4,23,74.85
2019-02-13,1,General Ward,100,66,21,12,3,27,66.66
2019-02-14,1,General Ward,100,72,17,13,4,27,72.1
2019-02-15,1,General Ward,100,76,17,10,2,26,76.18
2019-02-16,1,General Ward,100,62,16,11,2,28,62.53
2019-02-17,1,General Ward,100,65,22,11,3,27,65.46
2019-02-18,1,General Ward,100,82,11,10,2,26,82.38
2019-02-19,1,General Ward,100,71,20,8,3,27,71.72
2019-02-20,1,General Ward,100,73,15,13,3,25,73.25
2019-02-21,1,General Ward,100,72,15,14,3,27,72.82
2019-02-22,1,General Ward,100,85,16,9,4,27,85.67
2019-02-23,1,General Ward,100,57,21,17,5,25,57.79
2019-02-24,1,General Ward,100,69,16,17,4,29,69.55
2019-02-25,1,General Ward,100,81,13,8,4,26,81.76
2019-02-26,1,General Ward,100,69,12,12,4,28,69.96
2019-02-27,1,General Ward,100,73,16,10,3,23,73.87
2019-02-28,1,General Ward,100,84,17,19,5,26,84.54
2019-03-01,1,General Ward,100,74,10,17,2,27,74.6
2019-03-02,1,General Ward,100,65,15,11,6,25,65.2
2019-03-03,1,General Ward,100,63,18,13,4,27,63.12
2019-03-04,1,General Ward,100,83,16,12,3,26,83.42
2019-03-05,1,General Ward,100,73,21,15,3,25,73.36
2019-03-06,1,General Ward,100,85,22,17,4,26,85.08
2019-03-07,1,General Ward,100,74,14,14,4,26,74.41
2019-03-08,1,General Ward,100,82,7,16,3,31,82.28
2019-03-09,1,General Ward,100,68,21,19,3,29,68.62
2019-03-10,1,General Ward,100,65,16,17,2,26,65.48
2019-03-11,1,General Ward,100,78,23,16,4,29,78.09
2019-03-12,1,General Ward,100,82,16,16,3,22,82.85
2019-03-13,1,General Ward,100,74,19,11,4,27,74.62
2019-03-14,1,General Ward,100,81,17,11,2,27,81.28
2019-03-15,1,General Ward,100,84,18,19,3,28,84.33
2019-03-16,1,General Ward,100,54,11,15,4,24,54.7
2019-03-17,1,General Ward,100,60,14,14,2,28,60.01
2019-03-18,1,General Ward,100,84,13,20,4,27,84.77
2019-03-19,1,General Ward,100,76,17,14,3,30,76.92
2019-03-20,1,General Ward,100,72,11,9,2,27,72.84
2019-03-21,1,General Ward,100,81,17,16,3,26,81.17
2019-03-22,1,General Ward,100,83,14,5,4,28,83.84
2019-03-23,1,General Ward,100,58,18,17,2,27,58.22
2019-03-24,1,General Ward,100,63,23,8,4,26,63.78
2019-03-25,1,General Ward,100,75,22,17,4,24,75.69
2019-03-26,1,General Ward,100,73,12,16,4,30,73.91
2019-03-27,1,General Ward,100,73,14,12,6,25,73.37
2019-03-28,1,General Ward,100,87,18,15,3,31,87.12
2019-03-29,1,General Ward,100,82,14,9,4,28,82.85
2019-03-30,1,General Ward,100,75,15,21,4,27,75.18
2019-03-31,1,General Ward,100,59,23,18,5,25,59.88
2019-04-01,1,General Ward,100,75,16,15,4,28,75.51
2019-04-02,1,General Ward,100,76,18,13,3,28,76.81
2019-04-03,1,General Ward,100,78,14,12,3,28,78.17
2019-04-04,1,General Ward,100,77,14,16,3,28,77.96
2019-04-05,1,General Ward,100,69,9,9,2,28,69.85
2019-04-06,1,General Ward,100,62,18,16,3,24,62.76
2019-04-07,1,General Ward,100,63,15,12,4,26,63.37
2019-04-08,1,General Ward,100,74,14,11,4,28,74.16
2019-04-09,1,General Ward,100,77,22,7,3,29,77.68
2019-04-10,1,General Ward,100,85,18,16,4,31,85.37
2019-04-11,1,General Ward,100,77,12,10,3,23,77.63
2019-04-12,1,General Ward,100,72,17,12,3,28,72.22
2019-04-13,1,General Ward,100,58,16,9,5,27,58.55
2019-04-14,1,General Ward,100,63,17,17,4,26,63.46
2019-04-15,1,General Ward,100,73,12,13,4,29,73.67
2019-04-16,1,General Ward,100,87,18,16,2,27,87.01
2019-04-17,1,General Ward,100,74,11,9,2,26,74.75
2019-04-18,1,General Ward,100,74,9,20,1,29,74.89
2019-04-19,1,General Ward,100,74,10,10,4,26,74.74
2019-04-20,1,General Ward,100,56,14,12,2,29,56.81
2019-04-21,1,General Ward,100,67,6,22,3,28,67.3
2019-04-22,1,General Ward,100,67,16,14,4,21,67.27
2019-04-23,1,General Ward,100,73,10,12,3,30,73.82
2019-04-24,1,General Ward,100,67,15,16,2,24,67.82
2019-04-25,1,General Ward,100,81,19,12,4,27,81.54
2019-04-26,1,General Ward,100,83,18,15,4,31,83.08
2019-04-27,1,General Ward,100,56,21,13,4,26,56.77
2019-04-28,1,General Ward,100,57,15,12,1,26,57.73
2019-04-29,1,General Ward,100,71,7,7,2,30,71.98
2019-04-30,1,General Ward,100,79,17,13,4,30,79.28
2019-05-01,1,General Ward,100,79,8,7,3,28,79.87
2019-05-02,1,General Ward,100,64,14,19,5,26,64.94
2019-05-03,1,General Ward,100,74,16,12,2,27,74.98
2019-05-04,1,General Ward,100,58,20,18,3,25,58.4
2019-05-05,1,General Ward,100,59,13,13,4,24,59.46
2019-05-06,1,General Ward,100,65,20,16,4,24,65.18
2019-05-07,1,General Ward,100,75,16,15,3,27,75.79
2019-05-08,1,General Ward,100,77,14,21,4,29,77.93
2019-05-09,1,General Ward,100,67,11,20,6,27,67.45
2019-05-10,1,General Ward,100,83,11,17,2,26,83.14
2019-05-11,1,General Ward,100,51,15,10,3,28,51.73
2019-05-12,1,General Ward,100,59,13,17,3,23,59.35
2019-05-13,1,General Ward,100,70,8,18,3,26,70.69
2019-05-14,1,General Ward,100,69,21,15,3,26,69.86
2019-05-15,1,General Ward,100,67,11,14,3,23,67.12
2019-05-16,1,General Ward,100,78,15,12,3,27,78.59
2019-05-17,1,General Ward,100,76,15,11,3,27,76.97
2019-05-18,1,General Ward,100,58,13,10,3,25,58.81
2019-05-19,1,General Ward,100,67,21,10,2,26,67.27
2019-05-20,1,General Ward,100,71,19,9,3,29,71.18
2019-05-21,1,General Ward,100,75,10,14,3,29,75.78
2019-05-22,1,General Ward,100,82,15,15,3,26,82.33
2019-05-23,1,General Ward,100,74,11,14,3,30,74.42
2019-05-24,1,General Ward,100,65,20,13,3,26,65.04
2019-05-25,1,General Ward,100,63,16,20,2,24,63.64
2019-05-26,1,General Ward,100,56,9,14,3,29,56.25
2019-05-27,1,General Ward,100,72,15,17,6,27,72.57
2019-05-28,1,General Ward,100,76,13,14,3,26,76.06
2019-05-29,1,General Ward,100,71,16,11,4,27,71.6
2019-05-30,1,General Ward,100,61,17,12,4,25,62.0
2019-05-31,1,General Ward,100,73,16,10,3,27,73.11
2019-06-01,1,General Ward,100,54,21,13,4,28,54.08
2019-06-02,1,General Ward,100,47,17,12,3,28,47.23
2019-06-03,1,General Ward,100,73,16,11,5,24,73.31
2019-06-04,1,General Ward,100,71,18,13,4,27,71.01
2019-06-05,1,General Ward,100,64,16,5,2,25,64.99
2019-06-06,1,General Ward,100,62,11,13,3,28,62.85
2019-06-07,1,General Ward,100,67,13,12,4,30,67.57
2019-06-08,1,General Ward,100,46,16,12,2,24,46.07
2019-06-09,1,General Ward,100,54,15,19,5,26,54.56
2019-06-10,1,General Ward,100,63,17,15,3,27,63.58
2019-06-11,1,General Ward,100,65,12,15,3,25,65.21
2019-06-12,1,General Ward,100,57,19,11,4,29,57.86
2019-06-13,1,General Ward,100,63,15,8,3,28,63.57
2019-06-14,1,General Ward,100,66,18,18,3,25,66.98
2019-06-15,1,General Ward,100,52,11,17,4,28,52.2
2019-06-16,1,General Ward,100,48,11,14,2,25,48.99
2019-06-17,1,General Ward,100,64,13,17,3,30,64.1
2019-06-18,1,General Ward,100,53,8,14,2,26,53.65
2019-06-19,1,General Ward,100,63,13,8,3,26,63.54
2019-06-20,1,General Ward,100,64,17,16,3,28,64.62
2019-06-21,1,General Ward,100,62,12,11,2,27,62.57
2019-06-22,1,General Ward,100,48,15,17,5,26,48.19
2019-06-23,1,General Ward,100,59,14,11,3,27,59.96
2019-06-24,1,General Ward,100,67,7,17,4,26,67.44
2019-06-25,1,General Ward,100,68,22,17,3,27,68.21
2019-06-26,1,General Ward,100,67,23,8,2,25,67.98
2019-06-27,1,General Ward,100,73,15,17,4,27,73.11
2019-06-28,1,General Ward,100,65,15,15,2,23,65.91
2019-06-29,1,General Ward,100,42,16,16,5,23,42.35
2019-06-30,1,General Ward,100,55,15,18,4,25,55.3
2019-07-01,1,General Ward,100,52,9,20,5,22,52.41
2019-07-02,1,General Ward,100,49,23,20,3,25,49.0
2019-07-03,1,General Ward,100,58,9,17,4,26,58.02
2019-07-04,1,General Ward,100,58,17,20,3,25,58.25
2019-07-05,1,General Ward,100,56,11,22,3,26,56.05
2019-07-06,1,General Ward,100,49,17,11,3,24,49.23
2019-07-07,1,General Ward,100,46,21,17,3,24,46.81
2019-07-08,1,General Ward,100,52,19,13,6,23,52.03
2019-07-09,1,General Ward,100,70,16,13,4,26,70.93
2019-07-10,1,General Ward,100,56,17,17,4,27,56.79
2019-07-11,1,General Ward,100,57,15,16,4,22,57.93
2019-07-12,1,General Ward,100,63,13,12,3,24,63.75
2019-07-13,1,General Ward,100,43,21,14,2,24,43.35
2019-07-14,1,General Ward,100,39,4,8,2,23,39.47
2019-07-15,1,General Ward,100,64,22,17,3,28,64.85
2019-07-16,1,General Ward,100,56,12,17,3,25,56.66
2019-07-17,1,General Ward,100,47,21,13,3,28,47.61
2019-07-18,1,General Ward,100,60,9,12,5,27,60.58
2019-07-19,1,General Ward,100,56,13,9,3,27,56.43
2019-07-20,1,General Ward,100,45,14,19,2,22,45.6
2019-07-21,1,General Ward,100,42,10,13,4,24,42.13
2019-07-22,1,General Ward,100,54,16,18,4,23,54.23
2019-07-23,1,General Ward,100,60,14,9,3,21,60.12
2019-07-24,1,General Ward,100,51,12,17,4,23,51.62
2019-07-25,1,General Ward,100,50,12,13,4,24,50.24
2019-07-26,1,General Ward,100,54,14,18,3,26,54.34
2019-07-27,1,General Ward,100,49,13,15,3,23,50.0
2019-07-28,1,General Ward,100,43,16,8,3,23,43.22
2019-07-29,1,General Ward,100,58,15,13,2,24,58.51
2019-07-30,1,General Ward,100,58,13,13,5,27,58.04
2019-07-31,1,General Ward,100,50,16,8,3,23,50.53
2019-08-01,1,General Ward,100,45,14,12,4,23,45.36
2019-08-02,1,General Ward,100,49,25,10,5,28,49.26
2019-08-03,1,General Ward,100,39,16,15,4,26,39.92
2019-08-04,1,General Ward,100,34,12,15,5,21,34.74
2019-08-05,1,General Ward,100,55,15,16,4,27,55.41
2019-08-06,1,General Ward,100,58,19,15,5,28,58.73
2019-08-07,1,General Ward,100,40,11,13,3,22,40.6
2019-08-08,1,General Ward,100,47,10,23,3,20,47.67
2019-08-09,1,General Ward,100,52,15,18,3,21,52.6
2019-08-10,1,General Ward,100,34,15,13,3,26,34.08
2019-08-11,1,General Ward,100,37,14,10,2,24,37.84
2019-08-12,1,General Ward,100,61,14,16,3,25,61.43
2019-08-13,1,General Ward,100,58,24,17,2,27,58.69
2019-08-14,1,General Ward,100,48,12,14,4,25,48.35
2019-08-15,1,General Ward,100,50,12,9,2,24,50.26
2019-08-16,1,General Ward,100,58,20,13,4,27,58.66
2019-08-17,1,General Ward,100,36,13,15,5,25,36.61
2019-08-18,1,General Ward,100,33,9,20,4,25,33.05
2019-08-19,1,General Ward,100,47,14,17,5,22,47.26
2019-08-20,1,General Ward,100,49,16,19,4,26,49.88
2019-08-21,1,General Ward,100,62,7,16,4,27,62.8
2019-08-22,1,General Ward,100,47,15,10,5,26,47.75
2019-08-23,1,General Ward,100,50,14,15,5,23,50.49
2019-08-24,1,General Ward,100,36,21,16,4,25,36.05
2019-08-25,1,General Ward,100,33,14,17,4,23,33.73
2019-08-26,1,General Ward,100,50,22,12,2,28,50.94
2019-08-27,1,General Ward,100,61,10,13,3,27,61.43
2019-08-28,1,General Ward,100,50,14,11,4,24,50.8
2019-08-29,1,General Ward,100,50,12,17,3,23,50.26
2019-08-30,1,General Ward,100,45,12,16,4,26,45.22
2019-08-31,1,General Ward,100,43,16,14,4,22,43.64
2019-09-01,1,General Ward,100,42,18,16,3,27,42.62
2019-09-02,1,General Ward,100,57,16,15,5,25,57.26
2019-09-03,1,General Ward,100,54,18,9,4,26,54.15
2019-09-04,1,General Ward,100,41,8,10,3,24,41.51
2019-09-05,1,General Ward,100,55,15,10,5,23,55.02
2019-09-06,1,General Ward,100,53,13,19,3,24,53.11
2019-09-07,1,General Ward,100,32,13,17,3,24,32.54
2019-09-08,1,General Ward,100,33,21,11,3,21,33.08
2019-09-09,1,General Ward,100,39,14,14,4,20,39.27
2019-09-10,1,General Ward,100,51,11,18,4,24,51.63
2019-09-11,1,General Ward,100,42,20,15,2,22,42.3
2019-09-12,1,General Ward,100,43,5,16,5,22,43.9
2019-09-13,1,General Ward,100,53,16,19,2,24,53.91
2019-09-14,1,General Ward,100,30,11,11,3,21,30.0
2019-09-15,1,General Ward,100,30,12,12,3,25,30.0
2019-09-16,1,General Ward,100,46,15,17,4,28,46.29
2019-09-17,1,General Ward,100,48,18,14,4,22,48.25
2019-09-18,1,General Ward,100,52,19,20,3,24,52.26
2019-09-19,1,General Ward,100,56,20,12,4,24,56.71
2019-09-20,1,General Ward,100,57,16,18,5,24,57.38
2019-09-21,1,General Ward,100,30,16,10,4,23,30.0
2019-09-22,1,General Ward,100,33,16,15,2,25,33.17
2019-09-23,1,General Ward,100,45,19,15,4,25,45.66
2019-09-24,1,General Ward,100,44,19,13,4,24,44.98
2019-09-25,1,General Ward,100,53,18,16,3,26,53.68
2019-09-26,1,General Ward,100,36,11,21,6,25,36.85
2019-09-27,1,General Ward,100,57,12,9,3,25,57.41
2019-09-28,1,General Ward,100,30,18,18,3,19,30.0
2019-09-29,1,General Ward,100,33,19,17,4,19,33.23
2019-09-30,1,General Ward,100,46,17,20,3,24,46.1
2019-10-01,1,General Ward,100,52,13,15,5,26,52.2
2019-10-02,1,General Ward,100,53,7,12,4,23,53.35
2019-10-03,1,General Ward,100,48,21,15,2,24,48.64
2019-10-04,1,General Ward,100,47,13,17,4,25,47.63
2019-10-05,1,General Ward,100,41,21,19,4,22,41.28
2019-10-06,1,General Ward,100,40,16,18,3,25,40.98
2019-10-07,1,General Ward,100,52,21,18,3,21,52.94
2019-10-08,1,General Ward,100,53,15,12,4,23,53.71
2019-10-09,1,General Ward,100,55,10,9,5,27,55.5
2019-10-10,1,General Ward,100,53,21,10,4,25,53.8
2019-10-11,1,General Ward,100,47,18,16,4,26,47.18
2019-10-12,1,General Ward,100,36,18,7,4,23,36.83
2019-10-13,1,General Ward,100,37,16,10,4,16,37.63
2019-10-14,1,General Ward,100,45,14,15,5,22,45.05
2019-10-15,1,General Ward,100,46,9,12,4,22,46.65
2019-10-16,1,General Ward,100,50,13,20,1,24,50.54
2019-10-17,1,General Ward,100,54,19,17,2,26,54.04
2019-10-18,1,General Ward,100,52,14,23,4,27,52.71
2019-10-19,1,General Ward,100,45,20,15,3,28,45.84
2019-10-20,1,General Ward,100,39,14,8,2,26,39.74
2019-10-21,1,General Ward,100,56,12,16,4,26,56.95
2019-10-22,1,General Ward,100,48,20,11,4,26,48.33
2019-10-23,1,General Ward,100,65,17,14,1,25,65.89
2019-10-24,1,General Ward,100,50,16,20,3,24,50.07
2019-10-25,1,General Ward,100,61,16,11,3,28,61.02
2019-10-26,1,General Ward,100,45,12,15,5,25,45.34
2019-10-27,1,General Ward,100,37,15,15,4,25,37.47
2019-10-28,1,General Ward,100,51,16,18,5,25,51.3
2019-10-29,1,General Ward,100,49,20,14,1,23,49.32
2019-10-30,1,General Ward,100,54,16,11,2,24,54.12
2019-10-31,1,General Ward,100,55,11,8,3,26,55.14
2019-11-01,1,General Ward,100,56,15,12,4,27,56.05
2019-11-02,1,General Ward,100,45,11,16,2,24,45.18
2019-11-03,1,General Ward,100,47,17,14,5,26,47.72
2019-11-04,1,General Ward,100,51,15,14,2,26,51.02
2019-11-05,1,General Ward,100,54,11,11,2,28,54.95
2019-11-06,1,General Ward,100,47,10,12,4,23,47.85
2019-11-07,1,General Ward,100,46,18,10,6,25,46.45
2019-11-08,1,General Ward,100,43,16,14,2,20,43.02
2019-11-09,1,General Ward,100,50,8,16,5,22,50.11
2019-11-10,1,General Ward,100,40,13,15,3,23,40.2
2019-11-11,1,General Ward,100,56,15,11,1,27,56.47
2019-11-12,1,General Ward,100,52,18,15,3,22,52.89
2019-11-13,1,General Ward,100,56,21,12,3,27,56.98
2019-11-14,1,General Ward,100,54,16,16,3,25,54.08
2019-11-15,1,General Ward,100,59,14,8,4,22,59.32
2019-11-16,1,General Ward,100,39,11,12,4,19,39.81
2019-11-17,1,General Ward,100,36,7,13,5,23,36.15
2019-11-18,1,General Ward,100,58,13,8,3,27,58.37
2019-11-19,1,General Ward,100,59,13,10,2,25,59.03
2019-11-20,1,General Ward,100,55,15,11,4,22,55.03
2019-11-21,1,General Ward,100,50,14,10,4,20,50.09
2019-11-22,1,General Ward,100,62,22,18,3,26,62.61
2019-11-23,1,General Ward,100,39,12,12,5,23,39.85
2019-11-24,1,General Ward,100,37,15,14,4,23,37.32
2019-11-25,1,General Ward,100,65,11,19,2,28,65.85
2019-11-26,1,General Ward,100,69,13,9,5,26,69.52
2019-11-27,1,General Ward,100,57,20,7,3,25,57.9
2019-11-28,1,General Ward,100,63,10,13,3,25,63.58
2019-11-29,1,General Ward,100,52,14,16,4,24,52.41
2019-11-30,1,General Ward,100,45,14,12,2,24,45.34
2019-12-01,1,General Ward,100,60,12,11,3,24,60.21
2019-12-02,1,General Ward,100,51,16,13,4,25,51.29
2019-12-03,1,General Ward,100,56,17,10,4,28,56.66
2019-12-04,1,General Ward,100,60,13,8,3,26,60.64
2019-12-05,1,General Ward,100,66,10,18,4,25,66.17
2019-12-06,1,General Ward,100,61,19,9,4,25,61.53
2019-12-07,1,General Ward,100,53,8,7,4,26,53.07
2019-12-08,1,General Ward,100,57,17,22,3,25,57.85
2019-12-09,1,General Ward,100,65,9,12,5,29,65.23
2019-12-10,1,General Ward,100,75,15,22,4,25,75.15
2019-12-11,1,General Ward,100,64,14,12,1,26,64.4
2019-12-12,1,General Ward,100,70,17,17,5,26,70.4
2019-12-13,1,General Ward,100,58,14,13,3,25,58.69
2019-12-14,1,General Ward,100,49,21,14,3,23,49.73
2019-12-15,1,General Ward,100,44,24,18,5,25,44.78
2019-12-16,1,General Ward,100,61,15,16,1,23,61.38
2019-12-17,1,General Ward,100,67,15,14,2,29,67.67
2019-12-18,1,General Ward,100,67,19,12,4,23,67.12
2019-12-19,1,General Ward,100,70,15,11,2,31,70.91
2019-12-20,1,General Ward,100,65,12,15,1,30,65.25
2019-12-21,1,General Ward,100,56,16,20,4,25,56.51
2019-12-22,1,General Ward,100,45,16,17,4,26,45.47
2019-12-23,1,General Ward,100,60,16,15,5,25,60.02
2019-12-24,1,General Ward,100,58,17,10,2,25,58.08
2019-12-25,1,General Ward,100,66,21,16,3,28,66.31
2019-12-26,1,General Ward,100,57,15,17,3,31,57.8
2019-12-27,1,General Ward,100,72,16,17,2,25,72.08
2019-12-28,1,General Ward,100,45,10,6,4,26,45.1
2019-12-29,1,General Ward,100,52,12,11,4,27,52.76
2019-12-30,1,General Ward,100,68,23,9,3,26,68.72
2019-12-31,1,General Ward,100,55,14,15,3,25,55.37
2020-01-01,1,General Ward,100,93,18,13,5,29,93.88
2020-01-02,1,General Ward,100,95,10,14,3,28,95.0
2020-01-03,1,General Ward,100,92,13,13,5,31,92.25
2020-01-04,1,General Ward,100,77,17,15,2,28,77.16
2020-01-05,1,General Ward,100,80,15,21,4,28,80.35
2020-01-06,1,General Ward,100,92,12,10,4,29,92.24
2020-01-07,1,General Ward,100,90,14,11,2,24,90.06
2020-01-08,1,General Ward,100,95,11,14,4,29,95.0
2020-01-09,1,General Ward,100,95,18,14,2,29,95.0
2020-01-10,1,General Ward,100,93,9,13,3,30,93.91
2020-01-11,1,General Ward,100,72,11,16,4,28,72.21
2020-01-12,1,General Ward,100,81,16,13,4,31,81.54
2020-01-13,1,General Ward,100,93,17,13,2,30,93.13
2020-01-14,1,General Ward,100,95,15,14,4,31,95.0
2020-01-15,1,General Ward,100,95,22,21,3,30,95.0
2020-01-16,1,General Ward,100,91,16,12,4,30,91.27
2020-01-17,1,General Ward,100,90,20,10,4,27,90.34
2020-01-18,1,General Ward,100,79,17,12,4,26,79.82
2020-01-19,1,General Ward,100,83,18,13,5,25,83.31
2020-01-20,1,General Ward,100,94,13,12,3,27,94.83
2020-01-21,1,General Ward,100,89,15,15,1,32,89.19
2020-01-22,1,General Ward,100,88,20,15,4,24,88.23
2020-01-23,1,General Ward,100,90,8,10,4,28,90.54
2020-01-24,1,General Ward,100,95,15,15,3,27,95.0
2020-01-25,1,General Ward,100,88,20,19,3,28,88.25
2020-01-26,1,General Ward,100,75,14,12,4,29,75.44
2020-01-27,1,General Ward,100,95,16,11,3,30,95.0
2020-01-28,1,General Ward,100,95,14,11,4,29,95.0
2020-01-29,1,General Ward,100,87,12,17,2,26,87.59
2020-01-30,1,General Ward,100,95,19,10,2,35,95.0
2020-01-31,1,General Ward,100,86,18,15,3,28,86.43
2020-02-01,1,General Ward,100,84,14,19,4,27,84.01
2020-02-02,1,General Ward,100,83,10,13,3,28,83.75
2020-02-03,1,General Ward,100,95,18,15,3,27,95.0
2020-02-04,1,General Ward,100,95,9,14,4,30,95.0
2020-02-05,1,General Ward,100,92,18,9,4,29,92.02
2020-02-06,1,General Ward,100,95,15,17,1,32,95.0
2020-02-07,1,General Ward,100,95,15,6,2,27,95.0
2020-02-08,1,General Ward,100,85,19,13,4,29,86.0
2020-02-09,1,General Ward,100,89,18,10,3,30,89.44
2020-02-10,1,General Ward,100,95,15,11,4,33,95.0
2020-02-11,1,General Ward,100,87,14,18,3,28,87.83
2020-02-12,1,General Ward,100,95,16,11,3,28,95.0
2020-02-13,1,General Ward,100,95,13,11,4,29,95.0
2020-02-14,1,General Ward,100,95,17,11,2,33,95.0
2020-02-15,1,General Ward,100,83,14,11,5,28,83.78
2020-02-16,1,General Ward,100,76,14,18,3,26,76.48
2020-02-17,1,General Ward,100,95,17,8,4,25,95.0
2020-02-18,1,General Ward,100,94,12,12,4,27,94.6
2020-02-19,1,General Ward,100,95,11,14,4,30,95.0
2020-02-20,1,General Ward,100,93,23,7,4,31,93.59
2020-02-21,1,General Ward,100,95,21,16,4,23,95.0
2020-02-22,1,General Ward,100,88,8,23,3,28,88.33
2020-02-23,1,General Ward,100,81,17,10,2,28,81.08
2020-02-24,1,General Ward,100,90,10,12,3,29,90.59
2020-02-25,1,General Ward,100,95,15,20,3,34,95.0
2020-02-26,1,General Ward,100,95,17,10,3,33,95.0
2020-02-27,1,General Ward,100,95,12,15,4,30,95.0
2020-02-28,1,General Ward,100,95,14,19,4,31,95.0
2020-02-29,1,General Ward,100,81,18,19,4,23,81.57
2020-03-01,1,General Ward,100,83,14,14,3,28,83.92
2020-03-02,1,General Ward,100,95,19,18,3,30,95.0
2020-03-03,1,General Ward,100,95,17,12,4,31,95.0
2020-03-04,1,General Ward,100,95,14,20,4,29,95.0
2020-03-05,1,General Ward,100,95,18,16,3,30,95.0
2020-03-06,1,General Ward,100,95,11,10,5,31,95.0
2020-03-07,1,General Ward,100,90,15,14,4,26,90.68
2020-03-08,1,General Ward,100,84,20,14,4,29,84.26
2020-03-09,1,General Ward,100,95,16,16,4,30,95.0
2020-03-10,1,General Ward,100,95,14,8,3,30,95.0
2020-03-11,1,General Ward,100,95,23,13,4,27,95.0
2020-03-12,1,General Ward,100,95,17,16,4,30,95.0
2020-03-13,1,General Ward,100,95,12,12,6,30,95.0
2020-03-14,1,General Ward,100,76,18,18,3,30,76.94
2020-03-15,1,General Ward,100,87,17,21,4,29,87.88
2020-03-16,1,General Ward,100,95,12,10,3,30,95.0
2020-03-17,1,General Ward,100,95,14,2,4,28,95.0
2020-03-18,1,General Ward,100,95,13,11,4,26,95.0
2020-03-19,1,General Ward,100,95,17,10,4,28,95.0
2020-03-20,1,General Ward,100,95,11,16,4,30,95.0
2020-03-21,1,General Ward,100,79,14,20,3,27,79.77
2020-03-22,1,General Ward,100,82,12,13,6,31,82.49
2020-03-23,1,General Ward,100,95,12,18,2,30,95.0
2020-03-24,1,General Ward,100,95,15,15,2,28,95.0
2020-03-25,1,General Ward,100,95,19,17,3,29,95.0
2020-03-26,1,General Ward,100,95,9,16,3,26,95.0
2020-03-27,1,General Ward,100,95,12,9,4,33,95.0
2020-03-28,1,General Ward,100,78,11,18,4,29,78.5
2020-03-29,1,General Ward,100,84,14,14,4,27,84.98
2020-03-30,1,General Ward,100,95,15,7,2,26,95.0
2020-03-31,1,General Ward,100,95,14,16,3,28,95.0
2020-04-01,1,General Ward,100,95,15,12,4,27,95.0
2020-04-02,1,General Ward,100,94,17,11,3,33,94.99
2020-04-03,1,General Ward,100,95,13,15,4,31,95.0
2020-04-04,1,General Ward,100,84,14,25,3,27,84.21
2020-04-05,1,General Ward,100,79,20,9,3,27,79.82
2020-04-06,1,General Ward,100,95,11,12,3,30,95.0
2020-04-07,1,General Ward,100,95,13,20,4,30,95.0
2020-04-08,1,General Ward,100,92,17,19,4,30,92.14
2020-04-09,1,General Ward,100,95,20,18,2,30,95.0
2020-04-10,1,General Ward,100,94,15,12,4,33,94.23
2020-04-11,1,General Ward,100,85,15,10,4,27,85.31
2020-04-12,1,General Ward,100,75,22,17,3,27,75.38
2020-04-13,1,General Ward,100,95,17,10,4,28,95.0
2020-04-14,1,General Ward,100,95,14,16,4,28,95.0
2020-04-15,1,General Ward,100,95,15,17,5,32,95.0
2020-04-16,1,General Ward,100,91,11,15,4,29,91.28
2020-04-17,1,General Ward,100,94,11,9,4,29,94.32
2020-04-18,1,General Ward,100,89,19,20,3,26,89.05
2020-04-19,1,General Ward,100,82,19,17,2,30,82.7
2020-04-20,1,General Ward,100,95,17,15,3,32,95.0
2020-04-21,1,General Ward,100,95,15,7,2,32,95.0
2020-04-22,1,General Ward,100,91,11,7,3,28,91.61
2020-04-23,1,General Ward,100,95,11,18,4,29,95.0
2020-04-24,1,General Ward,100,95,17,12,4,29,95.0
2020-04-25,1,General Ward,100,82,12,17,5,27,82.86
2020-04-26,1,General Ward,100,85,19,16,3,29,85.92
2020-04-27,1,General Ward,100,95,12,8,4,29,95.0
2020-04-28,1,General Ward,100,90,15,17,2,29,90.82
2020-04-29,1,General Ward,100,95,12,18,4,30,95.0
2020-04-30,1,General Ward,100,95,12,17,2,30,95.0
2020-05-01,1,General Ward,100,85,12,15,1,26,85.75
2020-05-02,1,General Ward,100,70,14,18,2,27,70.82
2020-05-03,1,General Ward,100,80,13,8,3,28,80.34
2020-05-04,1,General Ward,100,91,15,14,2,28,91.96
2020-05-05,1,General Ward,100,92,20,18,4,27,92.5
2020-05-06,1,General Ward,100,95,15,16,4,30,95.0
2020-05-07,1,General Ward,100,85,12,22,5,27,85.88
2020-05-08,1,General Ward,100,93,15,12,3,27,93.66
2020-05-09,1,General Ward,100,75,14,12,3,28,75.4
2020-05-10,1,General Ward,100,70,20,11,2,24,70.43
2020-05-11,1,General Ward,100,90,16,13,4,29,90.25
2020-05-12,1,General Ward,100,95,21,18,3,28,95.0
2020-05-13,1,General Ward,100,90,14,9,4,27,90.58
2020-05-14,1,General Ward,100,95,14,17,2,30,95.0
2020-05-15,1,General Ward,100,95,12,13,5,31,95.0
2020-05-16,1,General Ward,100,73,13,14,5,29,73.57
2020-05-17,1,General Ward,100,79,17,13,4,29,79.04
2020-05-18,1,General Ward,100,90,18,13,4,28,90.52
2020-05-19,1,General Ward,100,92,10,19,3,29,92.46
2020-05-20,1,General Ward,100,89,18,19,3,29,89.79
2020-05-21,1,General Ward,100,94,8,18,3,34,94.4
2020-05-22,1,General Ward,100,86,22,17,5,29,86.25
2020-05-23,1,General Ward,100,81,11,13,2,26,81.94
2020-05-24,1,General Ward,100,78,14,17,2,30,78.48
2020-05-25,1,General Ward,100,89,15,9,2,27,89.18
2020-05-26,1,General Ward,100,89,11,16,3,29,89.69
2020-05-27,1,General Ward,100,95,16,6,4,31,95.0
2020-05-28,1,General Ward,100,95,12,14,7,29,95.0
2020-05-29,1,General Ward,100,93,17,18,3,29,93.3
2020-05-30,1,General Ward,100,74,10,10,4,27,74.18
2020-05-31,1,General Ward,100,76,12,17,3,26,76.64
2020-06-01,1,General Ward,100,79,20,16,3,27,79.37
2020-06-02,1,General Ward,100,84,15,13,3,28,84.41
2020-06-03,1,General Ward,100,87,12,20,2,27,87.01
2020-06-04,1,General Ward,100,83,12,20,3,30,83.68
2020-06-05,1,General Ward,100,83,18,17,4,28,83.34
2020-06-06,1,General Ward,100,62,17,16,2,28,62.62
2020-06-07,1,General Ward,100,69,17,28,2,28,69.92
2020-06-08,1,General Ward,100,87,7,8,4,27,87.59
2020-06-09,1,General Ward,100,78,18,11,3,29,78.43
2020-06-10,1,General Ward,100,85,14,13,4,27,85.52
2020-06-11,1,General Ward,100,79,15,9,4,26,79.82
2020-06-12,1,General Ward,100,81,18,9,4,29,81.77
2020-06-13,1,General Ward,100,63,20,15,4,28,63.32
2020-06-14,1,General Ward,100,69,11,12,3,26,69.23
2020-06-15,1,General Ward,100,86,21,17,5,26,86.67
2020-06-16,1,General Ward,100,83,14,15,5,26,83.52
2020-06-17,1,General Ward,100,85,18,10,2,30,85.13
2020-06-18,1,General Ward,100,86,17,9,3,31,86.16
2020-06-19,1,General Ward,100,89,9,15,2,29,89.41
2020-06-20,1,General Ward,100,72,11,10,3,28,72.64
2020-06-21,1,General Ward,100,69,11,16,4,26,69.07
2020-06-22,1,General Ward,100,80,15,17,3,24,80.52
2020-06-23,1,General Ward,100,81,12,20,2,27,81.25
2020-06-24,1,General Ward,100,82,13,15,4,26,82.77
2020-06-25,1,General Ward,100,84,24,18,2,28,84.44
2020-06-26,1,General Ward,100,85,13,19,2,22,85.47
2020-06-27,1,General Ward,100,64,10,14,3,29,65.0
2020-06-28,1,General Ward,100,74,11,11,4,26,74.15
2020-06-29,1,General Ward,100,83,7,17,1,30,83.07
2020-06-30,1,General Ward,100,78,12,18,4,29,78.77
2020-07-01,1,General Ward,100,78,19,10,4,29,78.8
2020-07-02,1,General Ward,100,75,18,13,5,30,75.04
2020-07-03,1,General Ward,100,83,17,15,3,28,83.07
2020-07-04,1,General Ward,100,62,9,16,2,26,62.07
2020-07-05,1,General Ward,100,65,18,18,4,25,65.58
2020-07-06,1,General Ward,100,81,15,6,4,27,81.4
2020-07-07,1,General Ward,100,89,15,14,5,28,89.52
2020-07-08,1,General Ward,100,77,15,14,3,26,77.83
2020-07-09,1,General Ward,100,82,16,14,4,31,82.94
2020-07-10,1,General Ward,100,73,14,13,6,24,73.28
2020-07-11,1,General Ward,100,60,14,18,2,22,60.62
2020-07-12,1,General Ward,100,67,8,13,3,28,67.87
2020-07-13,1,General Ward,100,79,17,10,4,26,79.11
2020-07-14,1,General Ward,100,75,9,11,3,24,75.2
2020-07-15,1,General Ward,100,80,15,16,5,27,80.88
2020-07-16,1,General Ward,100,74,14,13,4,29,74.64
2020-07-17,1,General Ward,100,81,12,10,4,28,81.46
2020-07-18,1,General Ward,100,65,13,16,4,25,65.9
2020-07-19,1,General Ward,100,63,11,14,2,25,63.01
2020-07-20,1,General Ward,100,83,16,12,4,29,83.6
2020-07-21,1,General Ward,100,78,12,22,2,24,78.79
2020-07-22,1,General Ward,100,71,13,11,5,25,71.53
2020-07-23,1,General Ward,100,83,16,14,3,27,83.51
2020-07-24,1,General Ward,100,73,15,18,4,28,73.52
2020-07-25,1,General Ward,100,64,17,22,4,26,64.6
2020-07-26,1,General Ward,100,60,14,16,4,27,60.65
2020-07-27,1,General Ward,100,74,16,15,5,27,74.18
2020-07-28,1,General Ward,100,80,10,15,2,26,80.74
2020-07-29,1,General Ward,100,80,16,17,4,25,80.99
2020-07-30,1,General Ward,100,74,18,16,4,26,74.79
2020-07-31,1,General Ward,100,79,14,14,5,28,79.47
2020-08-01,1,General Ward,100,54,15,17,4,23,54.64
2020-08-02,1,General Ward,100,50,20,15,3,25,50.39
2020-08-03,1,General Ward,100,71,12,24,5,26,71.42
2020-08-04,1,General Ward,100,73,18,8,2,27,73.43
2020-08-05,1,General Ward,100,68,9,12,2,26,68.42
2020-08-06,1,General Ward,100,74,23,19,4,27,74.13
2020-08-07,1,General Ward,100,65,14,16,2,25,65.96
2020-08-08,1,General Ward,100,55,20,20,2,23,55.9
2020-08-09,1,General Ward,100,63,20,16,3,29,63.38
2020-08-10,1,General Ward,100,73,23,14,3,24,73.15
2020-08-11,1,General Ward,100,79,12,13,2,28,79.05
2020-08-12,1,General Ward,100,67,14,8,5,27,67.32
2020-08-13,1,General Ward,100,76,20,11,4,24,76.14
2020-08-14,1,General Ward,100,64,20,12,5,28,64.34
2020-08-15,1,General Ward,100,49,20,21,2,26,49.93
2020-08-16,1,General Ward,100,64,22,16,4,26,64.22
2020-08-17,1,General Ward,100,75,15,14,5,29,75.14
2020-08-18,1,General Ward,100,63,20,14,6,25,63.21
2020-08-19,1,General Ward,100,69,9,8,5,26,69.18
2020-08-20,1,General Ward,100,68,15,19,5,26,68.6
2020-08-21,1,General Ward,100,68,16,12,3,27,68.45
2020-08-22,1,General Ward,100,47,9,11,5,26,47.02
2020-08-23,1,General Ward,100,51,12,9,5,25,51.59
2020-08-24,1,General Ward,100,70,9,12,3,26,70.11
2020-08-25,1,General Ward,100,82,13,13,4,28,82.63
2020-08-26,1,General Ward,100,70,13,13,1,29,70.46
2020-08-27,1,General Ward,100,75,13,19,4,28,75.34
2020-08-28,1,General Ward,100,74,12,14,3,26,74.37
2020-08-29,1,General Ward,100,45,11,10,3,26,45.97
2020-08-30,1,General Ward,100,50,8,10,2,26,50.27
2020-08-31,1,General Ward,100,69,16,13,3,27,69.17
2020-09-01,1,General Ward,100,66,8,17,1,24,66.62
2020-09-02,1,General Ward,100,64,23,20,4,22,64.29
2020-09-03,1,General Ward,100,68,13,12,3,30,68.53
2020-09-04,1,General Ward,100,73,18,14,4,27,73.91
2020-09-05,1,General Ward,100,62,15,18,4,26,62.19
2020-09-06,1,General Ward,100,63,20,14,2,31,63.43
2020-09-07,1,General Ward,100,78,16,16,3,25,78.48
2020-09-08,1,General Ward,100,68,11,9,3,26,68.2
2020-09-09,1,General Ward,100,67,17,15,2,25,67.67
2020-09-10,1,General Ward,100,64,18,15,4,25,64.92
2020-09-11,1,General Ward,100,78,12,16,3,25,78.16
2020-09-12,1,General Ward,100,59,19,12,4,24,59.08
2020-09-13,1,General Ward,100,55,18,15,3,23,55.4
2020-09-14,1,General Ward,100,68,15,13,5,24,68.06
2020-09-15,1,General Ward,100,76,15,16,4,32,76.3
2020-09-16,1,General Ward,100,64,11,15,3,27,64.85
2020-09-17,1,General Ward,100,71,14,17,3,28,71.1
2020-09-18,1,General Ward,100,74,14,10,4,29,74.74
2020-09-19,1,General Ward,100,55,9,19,4,23,55.82
2020-09-20,1,General Ward,100,64,11,10,3,26,64.43
2020-09-21,1,General Ward,100,65,10,11,5,31,65.76
2020-09-22,1,General Ward,100,73,8,10,3,31,73.0
2020-09-23,1,General Ward,100,71,16,17,3,27,71.4
2020-09-24,1,General Ward,100,67,11,13,3,26,67.87
2020-09-25,1,General Ward,100,72,10,11,6,25,72.04
2020-09-26,1,General Ward,100,44,20,31,3,24,44.02
2020-09-27,1,General Ward,100,50,17,16,3,28,50.1
2020-09-28,1,General Ward,100,67,11,10,3,25,67.56
2020-09-29,1,General Ward,100,66,13,12,2,27,66.18
2020-09-30,1,General Ward,100,69,16,16,2,30,69.4
2020-10-01,1,General Ward,100,71,16,13,4,25,71.5
2020-10-02,1,General Ward,100,72,10,6,4,29,72.95
2020-10-03,1,General Ward,100,53,19,20,3,25,53.85
2020-10-04,1,General Ward,100,54,12,10,4,23,54.22
2020-10-05,1,General Ward,100,71,12,13,3,28,71.31
2020-10-06,1,General Ward,100,66,18,13,2,25,66.35
2020-10-07,1,General Ward,100,68,24,12,6,28,68.26
2020-10-08,1,General Ward,100,80,14,11,6,28,80.07
2020-10-09,1,General Ward,100,66,14,11,2,28,66.41
2020-10-10,1,General Ward,100,55,12,10,5,22,55.21
2020-10-11,1,General Ward,100,59,13,14,3,28,59.25
2020-10-12,1,General Ward,100,77,23,9,3,25,77.06
2020-10-13,1,General Ward,100,73,18,17,4,25,73.42
2020-10-14,1,General Ward,100,76,21,16,5,31,76.65
2020-10-15,1,General Ward,100,71,17,17,2,28,71.26
2020-10-16,1,General Ward,100,70,17,18,5,25,70.81
2020-10-17,1,General Ward,100,59,18,12,3,25,59.46
2020-10-18,1,General Ward,100,58,11,17,2,22,58.37
2020-10-19,1,General Ward,100,68,8,10,3,27,68.31
2020-10-20,1,General Ward,100,66,14,9,5,26,66.72
2020-10-21,1,General Ward,100,65,12,10,4,25,65.7
2020-10-22,1,General Ward,100,70,21,12,3,26,70.35
2020-10-23,1,General Ward,100,80,10,11,5,29,80.41
2020-10-24,1,General Ward,100,52,17,14,3,25,52.91
2020-10-25,1,General Ward,100,61,16,10,4,21,61.44
2020-10-26,1,General Ward,100,76,11,14,3,27,76.94
2020-10-27,1,General Ward,100,70,17,10,4,25,70.68
2020-10-28,1,General Ward,100,68,14,19,3,28,68.73
2020-10-29,1,General Ward,100,61,16,15,5,25,61.83
2020-10-30,1,General Ward,100,63,13,21,4,28,63.62
2020-10-31,1,General Ward,100,56,12,15,2,25,56.63
2020-11-01,1,General Ward,100,52,15,17,2,25,52.21
2020-11-02,1,General Ward,100,75,12,20,2,26,75.21
2020-11-03,1,General Ward,100,79,12,11,2,26,79.55
2020-11-04,1,General Ward,100,75,16,7,4,26,75.85
2020-11-05,1,General Ward,100,75,10,15,5,27,75.07
2020-11-06,1,General Ward,100,80,20,18,3,28,80.66
2020-11-07,1,General Ward,100,66,16,15,4,30,66.07
2020-11-08,1,General Ward,100,67,16,13,3,30,67.57
2020-11-09,1,General Ward,100,88,12,15,5,29,88.61
2020-11-10,1,General Ward,100,76,17,15,4,27,76.32
2020-11-11,1,General Ward,100,68,9,19,3,29,68.14
2020-11-12,1,General Ward,100,71,12,11,3,27,71.1
2020-11-13,1,General Ward,100,79,14,16,4,26,79.24
2020-11-14,1,General Ward,100,61,17,14,4,24,61.13
2020-11-15,1,General Ward,100,67,14,19,2,26,67.02
2020-11-16,1,General Ward,100,64,22,14,3,24,64.63
2020-11-17,1,General Ward,100,73,17,15,4,27,73.49
2020-11-18,1,General Ward,100,75,19,16,2,30,75.14
2020-11-19,1,General Ward,100,66,16,12,2,26,66.94
2020-11-20,1,General Ward,100,81,14,14,2,30,81.96
2020-11-21,1,General Ward,100,56,11,15,4,27,56.47
2020-11-22,1,General Ward,100,66,14,15,4,26,66.58
2020-11-23,1,General Ward,100,70,20,16,4,28,70.29
2020-11-24,1,General Ward,100,80,18,11,4,24,80.34
2020-11-25,1,General Ward,100,79,17,11,4,30,79.43
2020-11-26,1,General Ward,100,83,15,20,2,27,83.19
2020-11-27,1,General Ward,100,78,12,13,5,26,78.44
2020-11-28,1,General Ward,100,75,13,11,2,31,75.71
2020-11-29,1,General Ward,100,66,18,12,4,27,66.39
2020-11-30,1,General Ward,100,75,18,12,4,26,75.38
2020-12-01,1,General Ward,100,89,21,8,3,29,89.14
2020-12-02,1,General Ward,100,90,13,9,3,29,90.94
2020-12-03,1,General Ward,100,83,14,10,3,29,83.03
2020-12-04,1,General Ward,100,80,15,6,4,25,80.71
2020-12-05,1,General Ward,100,72,13,17,5,27,72.35
2020-12-06,1,General Ward,100,65,13,17,5,22,65.27
2020-12-07,1,General Ward,100,82,11,11,3,30,82.4
2020-12-08,1,General Ward,100,85,18,13,4,27,85.43
2020-12-09,1,General Ward,100,84,10,13,3,29,84.45
2020-12-10,1,General Ward,100,87,19,16,4,28,87.97
2020-12-11,1,General Ward,100,84,20,15,2,25,84.42
2020-12-12,1,General Ward,100,74,19,19,3,26,74.36
2020-12-13,1,General Ward,100,72,15,12,4,25,72.99
2020-12-14,1,General Ward,100,88,12,9,3,28,88.15
2020-12-15,1,General Ward,100,88,21,7,3,32,88.89
2020-12-16,1,General Ward,100,85,18,14,5,28,85.8
2020-12-17,1,General Ward,100,87,8,15,4,26,87.88
2020-12-18,1,General Ward,100,77,17,16,3,27,77.43
2020-12-19,1,General Ward,100,64,16,14,3,26,64.04
2020-12-20,1,General Ward,100,72,10,17,3,28,72.86
2020-12-21,1,General Ward,100,89,13,8,2,24,89.72
2020-12-22,1,General Ward,100,87,20,11,3,29,87.84
2020-12-23,1,General Ward,100,88,13,16,4,27,88.08
2020-12-24,1,General Ward,100,84,9,13,4,30,84.14
2020-12-25,1,General Ward,100,88,9,12,2,28,88.09
2020-12-26,1,General Ward,100,64,16,7,4,28,64.73
2020-12-27,1,General Ward,100,66,14,19,5,26,66.48
2020-12-28,1,General Ward,100,76,15,12,4,27,76.6
2020-12-29,1,General Ward,100,88,20,13,3,27,88.7
2020-12-30,1,General Ward,100,88,18,13,4,29,88.75
2020-12-31,1,General Ward,100,88,16,19,4,22,88.39
2021-01-01,1,General Ward,100,95,19,13,2,28,95.0
2021-01-02,1,General Ward,100,79,14,13,3,28,79.57
2021-01-03,1,General Ward,100,86,8,17,1,31,86.78
2021-01-04,1,General Ward,100,95,16,16,3,29,95.0
2021-01-05,1,General Ward,100,89,15,20,2,29,89.41
2021-01-06,1,General Ward,100,95,23,11,3,31,95.0
2021-01-07,1,General Ward,100,95,13,17,5,28,95.0
2021-01-08,1,General Ward,100,95,14,18,4,28,95.0
2021-01-09,1,General Ward,100,80,17,13,5,25,80.81
2021-01-10,1,General Ward,100,76,14,14,5,25,76.78
2021-01-11,1,General Ward,100,86,10,16,3,24,86.17
2021-01-12,1,General Ward,100,95,21,12,5,31,95.0
2021-01-13,1,General Ward,100,94,11,9,3,31,94.21
2021-01-14,1,General Ward,100,95,13,12,4,27,95.0
2021-01-15,1,General Ward,100,95,15,14,4,29,95.0
2021-01-16,1,General Ward,100,77,14,20,4,25,77.84
2021-01-17,1,General Ward,100,76,18,8,3,24,76.22
2021-01-18,1,General Ward,100,90,15,17,4,30,90.99
2021-01-19,1,General Ward,100,95,15,11,3,29,95.0
2021-01-20,1,General Ward,100,86,14,11,2,27,86.28
2021-01-21,1,General Ward,100,84,12,18,2,25,84.88
2021-01-22,1,General Ward,100,87,14,17,3,25,87.81
2021-01-23,1,General Ward,100,84,14,15,2,26,84.45
2021-01-24,1,General Ward,100,77,17,6,4,23,77.71
2021-01-25,1,General Ward,100,91,17,17,3,28,91.92
2021-01-26,1,General Ward,100,93,23,16,3,30,93.28
2021-01-27,1,General Ward,100,90,24,15,4,31,90.68
2021-01-28,1,General Ward,100,92,16,16,2,31,92.3
2021-01-29,1,General Ward,100,94,16,9,2,26,94.72
2021-01-30,1,General Ward,100,87,18,18,5,29,87.47
2021-01-31,1,General Ward,100,74,12,21,3,28,74.58
2021-02-01,1,General Ward,100,92,15,17,2,31,92.83
2021-02-02,1,General Ward,100,95,16,20,3,26,95.0
2021-02-03,1,General Ward,100,95,16,21,3,28,95.0
2021-02-04,1,General Ward,100,93,8,15,1,27,93.16
2021-02-05,1,General Ward,100,95,12,10,3,28,95.0
2021-02-06,1,General Ward,100,93,20,12,3,30,93.7
2021-02-07,1,General Ward,100,86,11,18,5,25,86.23
2021-02-08,1,General Ward,100,91,20,15,3,30,91.63
2021-02-09,1,General Ward,100,90,9,15,4,24,90.88
2021-02-10,1,General Ward,100,95,18,16,2,28,95.0
2021-02-11,1,General Ward,100,95,16,17,5,26,95.0
2021-02-12,1,General Ward,100,93,16,13,1,32,93.62
2021-02-13,1,General Ward,100,86,15,20,4,29,86.31
2021-02-14,1,General Ward,100,88,12,20,4,27,88.01
2021-02-15,1,General Ward,100,95,18,13,4,31,95.0
2021-02-16,1,General Ward,100,91,10,10,3,29,91.06
2021-02-17,1,General Ward,100,95,19,9,4,31,95.0
2021-02-18,1,General Ward,100,89,15,19,2,29,89.09
2021-02-19,1,General Ward,100,90,20,14,2,26,90.91
2021-02-20,1,General Ward,100,82,15,13,4,27,82.24
2021-02-21,1,General Ward,100,71,19,17,3,29,71.37
2021-02-22,1,General Ward,100,95,15,18,5,26,95.0
2021-02-23,1,General Ward,100,95,14,11,3,30,95.0
2021-02-24,1,General Ward,100,95,19,10,4,29,95.0
2021-02-25,1,General Ward,100,95,13,11,3,30,95.0
2021-02-26,1,General Ward,100,95,18,18,3,33,95.0
2021-02-27,1,General Ward,100,84,11,11,5,28,84.62
2021-02-28,1,General Ward,100,81,14,16,3,24,81.04
2021-03-01,1,General Ward,100,95,11,20,4,29,95.0
2021-03-02,1,General Ward,100,94,20,17,4,28,94.09
2021-03-03,1,General Ward,100,95,20,10,3,31,95.0
2021-03-04,1,General Ward,100,95,17,17,2,32,95.0
2021-03-05,1,General Ward,100,95,11,14,5,26,95.0
2021-03-06,1,General Ward,100,86,18,18,4,22,86.39
2021-03-07,1,General Ward,100,87,17,12,4,30,87.95
2021-03-08,1,General Ward,100,95,16,10,4,28,95.0
2021-03-09,1,General Ward,100,92,17,16,2,31,92.94
2021-03-10,1,General Ward,100,95,10,15,4,28,95.0
2021-03-11,1,General Ward,100,90,13,14,3,29,90.66
2021-03-12,1,General Ward,100,95,13,18,4,32,95.0
2021-03-13,1,General Ward,100,87,16,15,5,28,87.14
2021-03-14,1,General Ward,100,82,15,13,4,27,82.26
2021-03-15,1,General Ward,100,95,14,17,3,31,95.0
2021-03-16,1,General Ward,100,95,12,11,4,27,95.0
2021-03-17,1,General Ward,100,95,12,14,4,28,95.0
2021-03-18,1,General Ward,100,94,12,12,5,29,94.81
2021-03-19,1,General Ward,100,95,13,11,4,33,95.0
2021-03-20,1,General Ward,100,82,13,12,2,31,82.75
2021-03-21,1,General Ward,100,80,19,16,4,27,80.11
2021-03-22,1,General Ward,100,95,17,11,4,30,95.0
2021-03-23,1,General Ward,100,94,15,13,4,28,94.55
2021-03-24,1,General Ward,100,95,12,11,2,27,95.0
2021-03-25,1,General Ward,100,95,23,16,2,27,95.0
2021-03-26,1,General Ward,100,95,25,16,5,27,95.0
2021-03-27,1,General Ward,100,74,19,12,4,27,74.55
2021-03-28,1,General Ward,100,77,12,17,4,27,77.71
2021-03-29,1,General Ward,100,95,10,14,3,30,95.0
2021-03-30,1,General Ward,100,92,11,15,4,29,92.59
2021-03-31,1,General Ward,100,95,16,14,2,31,95.0
2021-04-01,1,General Ward,100,95,16,14,3,33,95.0
2021-04-02,1,General Ward,100,95,13,16,3,30,95.0
2021-04-03,1,General Ward,100,85,17,15,4,30,85.34
2021-04-04,1,General Ward,100,77,12,19,1,27,77.6
2021-04-05,1,General Ward,100,95,11,14,6,28,95.0
2021-04-06,1,General Ward,100,95,11,12,2,29,95.0
2021-04-07,1,General Ward,100,95,12,13,3,27,95.0
2021-04-08,1,General Ward,100,95,19,13,3,29,95.0
2021-04-09,1,General Ward,100,95,15,18,1,28,95.0
2021-04-10,1,General Ward,100,90,18,18,3,28,90.72
2021-04-11,1,General Ward,100,81,12,14,4,26,81.47
2021-04-12,1,General Ward,100,95,11,18,4,32,95.0
2021-04-13,1,General Ward,100,95,16,16,5,25,95.0
2021-04-14,1,General Ward,100,92,8,16,2,29,92.66
2021-04-15,1,General Ward,100,95,9,14,3,30,95.0
2021-04-16,1,General Ward,100,95,15,13,3,32,95.0
2021-04-17,1,General Ward,100,78,15,10,4,26,78.88
2021-04-18,1,General Ward,100,84,14,13,2,29,84.57
2021-04-19,1,General Ward,100,95,16,20,5,28,95.0
2021-04-20,1,General Ward,100,95,15,16,3,30,95.0
2021-04-21,1,General Ward,100,95,15,16,4,31,95.0
2021-04-22,1,General Ward,100,95,13,17,3,30,95.0
2021-04-23,1,General Ward,100,92,13,12,2,32,92.15
2021-04-24,1,General Ward,100,89,15,11,2,28,89.79
2021-04-25,1,General Ward,100,74,10,17,4,29,74.56
2021-04-26,1,General Ward,100,95,16,15,4,29,95.0
2021-04-27,1,General Ward,100,95,17,12,4,32,95.0
2021-04-28,1,General Ward,100,95,14,13,3,29,95.0
2021-04-29,1,General Ward,100,95,14,16,4,29,95.0
2021-04-30,1,General Ward,100,84,21,14,1,31,84.2
2021-05-01,1,General Ward,100,80,14,16,3,25,80.95
2021-05-02,1,General Ward,100,78,16,10,2,27,78.49
2021-05-03,1,General Ward,100,90,13,7,2,30,90.95
2021-05-04,1,General Ward,100,83,16,14,4,31,83.98
2021-05-05,1,General Ward,100,95,17,14,4,32,95.0
2021-05-06,1,General Ward,100,89,11,19,5,31,89.61
2021-05-07,1,General Ward,100,95,12,15,4,30,95.0
2021-05-08,1,General Ward,100,78,11,10,4,29,78.55
2021-05-09,1,General Ward,100,83,20,16,5,28,83.29
2021-05-10,1,General Ward,100,89,15,10,3,29,89.91
2021-05-11,1,General Ward,100,94,12,15,5,28,94.59
2021-05-12,1,General Ward,100,94,14,12,4,27,94.91
2021-05-13,1,General Ward,100,95,10,9,4,31,95.0
2021-05-14,1,General Ward,100,92,13,13,3,32,92.75
2021-05-15,1,General Ward,100,77,11,13,3,31,77.98
2021-05-16,1,General Ward,100,81,23,14,5,26,81.71
2021-05-17,1,General Ward,100,93,17,10,4,27,93.62
2021-05-18,1,General Ward,100,95,12,9,4,30,95.0
2021-05-19,1,General Ward,100,89,14,10,2,28,89.0
2021-05-20,1,General Ward,100,92,10,21,4,29,92.24
2021-05-21,1,General Ward,100,95,7,9,4,28,95.0
2021-05-22,1,General Ward,100,82,15,12,4,29,82.99
2021-05-23,1,General Ward,100,82,11,9,4,29,82.2
2021-05-24,1,General Ward,100,93,14,17,3,29,93.66
2021-05-25,1,General Ward,100,95,19,10,4,30,95.0
2021-05-26,1,General Ward,100,93,24,21,4,29,93.48
2021-05-27,1,General Ward,100,91,16,11,3,28,91.92
2021-05-28,1,General Ward,100,91,10,12,4,26,91.38
2021-05-29,1,General Ward,100,70,18,11,6,25,70.57
2021-05-30,1,General Ward,100,79,13,19,2,31,79.73
2021-05-31,1,General Ward,100,95,6,13,3,27,95.0
2021-06-01,1,General Ward,100,76,12,16,4,28,76.97
2021-06-02,1,General Ward,100,89,12,10,4,31,89.34
2021-06-03,1,General Ward,100,82,13,13,5,27,82.5
2021-06-04,1,General Ward,100,91,16,11,4,29,91.32
2021-06-05,1,General Ward,100,75,14,15,3,28,75.02
2021-06-06,1,General Ward,100,72,12,9,5,27,72.32
2021-06-07,1,General Ward,100,80,14,12,2,27,80.5
2021-06-08,1,General Ward,100,83,13,17,3,26,83.22
2021-06-09,1,General Ward,100,86,10,14,4,30,86.02
2021-06-10,1,General Ward,100,82,12,13,4,27,82.21
2021-06-11,1,General Ward,100,83,22,8,5,28,83.85
2021-06-12,1,General Ward,100,68,14,16,5,29,68.06
2021-06-13,1,General Ward,100,67,13,11,3,32,67.49
2021-06-14,1,General Ward,100,92,11,16,6,30,92.37
2021-06-15,1,General Ward,100,87,20,15,4,30,87.55
2021-06-16,1,General Ward,100,78,13,17,3,27,78.88
2021-06-17,1,General Ward,100,78,10,9,2,30,78.87
2021-06-18,1,General Ward,100,88,13,15,5,29,88.3
2021-06-19,1,General Ward,100,68,13,14,3,27,68.98
2021-06-20,1,General Ward,100,71,13,10,4,26,71.9
2021-06-21,1,General Ward,100,84,18,18,4,31,84.88
2021-06-22,1,General Ward,100,90,14,13,4,28,90.36
2021-06-23,1,General Ward,100,87,14,13,2,26,87.79
2021-06-24,1,General Ward,100,80,11,7,3,27,80.25
2021-06-25,1,General Ward,100,78,14,8,3,27,78.5
2021-06-26,1,General Ward,100,75,18,15,5,28,75.91
2021-06-27,1,General Ward,100,71,15,9,4,24,71.22
2021-06-28,1,General Ward,100,87,22,18,3,30,87.07
2021-06-29,1,General Ward,100,84,15,11,4,27,84.72
2021-06-30,1,General Ward,100,83,12,13,6,28,83.18
2021-07-01,1,General Ward,100,76,22,12,4,26,76.19
2021-07-02,1,General Ward,100,77,13,12,2,25,77.25
2021-07-03,1,General Ward,100,69,19,17,6,27,69.85
2021-07-04,1,General Ward,100,57,24,16,1,27,57.62
2021-07-05,1,General Ward,100,73,15,15,4,23,73.54
2021-07-06,1,General Ward,100,70,16,17,4,27,70.14
2021-07-07,1,General Ward,100,76,10,14,3,29,76.3
2021-07-08,1,General Ward,100,78,16,8,4,28,78.13
2021-07-09,1,General Ward,100,81,20,16,6,26,81.37
2021-07-10,1,General Ward,100,59,14,10,4,27,59.19
2021-07-11,1,General Ward,100,60,20,12,3,27,60.7
2021-07-12,1,General Ward,100,76,18,19,4,23,76.25
2021-07-13,1,General Ward,100,75,15,20,2,25,75.8
2021-07-14,1,General Ward,100,71,16,18,4,25,71.74
2021-07-15,1,General Ward,100,78,17,18,3,28,78.81
2021-07-16,1,General Ward,100,82,12,13,5,27,82.65
2021-07-17,1,General Ward,100,58,5,12,4,27,58.55
2021-07-18,1,General Ward,100,69,8,11,4,27,69.01
2021-07-19,1,General Ward,100,72,24,22,3,29,72.7
2021-07-20,1,General Ward,100,83,15,19,4,28,83.14
2021-07-21,1,General Ward,100,74,13,12,4,28,74.49
2021-07-22,1,General Ward,100,80,10,16,4,28,80.66
2021-07-23,1,General Ward,100,81,15,16,2,30,81.67
2021-07-24,1,General Ward,100,66,14,14,4,27,66.09
2021-07-25,1,General Ward,100,67,11,13,3,25,67.61
2021-07-26,1,General Ward,100,78,14,18,3,26,78.63
2021-07-27,1,General Ward,100,76,17,21,3,28,76.62
2021-07-28,1,General Ward,100,81,15,10,1,28,81.87
2021-07-29,1,General Ward,100,69,11,13,5,28,69.7
2021-07-30,1,General Ward,100,82,17,16,4,27,82.42
2021-07-31,1,General Ward,100,57,23,12,4,24,57.18
2021-08-01,1,General Ward,100,65,15,22,5,26,65.93
2021-08-02,1,General Ward,100,76,18,15,2,27,76.93
2021-08-03,1,General Ward,100,72,14,12,3,27,72.09
2021-08-04,1,General Ward,100,77,16,12,3,29,77.08
2021-08-05,1,General Ward,100,81,13,14,4,30,81.44
2021-08-06,1,General Ward,100,68,10,9,4,26,68.36
2021-08-07,1,General Ward,100,55,15,12,3,28,55.1
2021-08-08,1,General Ward,100,65,20,14,5,24,65.46
2021-08-09,1,General Ward,100,68,7,16,4,27,68.56
2021-08-10,1,General Ward,100,67,17,21,1,28,67.72
2021-08-11,1,General Ward,100,67,16,14,4,27,67.42
2021-08-12,1,General Ward,100,65,16,16,5,27,65.56
2021-08-13,1,General Ward,100,63,10,17,2,26,63.01
2021-08-14,1,General Ward,100,59,14,9,3,26,59.45
2021-08-15,1,General Ward,100,44,15,18,3,24,44.83
2021-08-16,1,General Ward,100,66,22,15,4,24,66.97
2021-08-17,1,General Ward,100,68,17,20,3,24,68.66
2021-08-18,1,General Ward,100,68,20,12,3,24,68.45
2021-08-19,1,General Ward,100,74,21,14,5,23,74.81
2021-08-20,1,General Ward,100,71,11,13,3,30,71.62
2021-08-21,1,General Ward,100,55,12,11,4,24,55.12
2021-08-22,1,General Ward,100,63,14,15,3,27,63.99
2021-08-23,1,General Ward,100,70,15,14,2,27,70.25
2021-08-24,1,General Ward,100,68,16,16,3,25,68.83
2021-08-25,1,General Ward,100,74,15,11,1,28,74.48
2021-08-26,1,General Ward,100,70,17,11,3,30,70.76
2021-08-27,1,General Ward,100,73,17,10,5,28,73.43
2021-08-28,1,General Ward,100,58,19,16,3,28,58.35
2021-08-29,1,General Ward,100,53,15,19,5,26,53.8
2021-08-30,1,General Ward,100,70,17,17,4,29,70.5
2021-08-31,1,General Ward,100,70,16,14,3,24,70.17
2021-09-01,1,General Ward,100,79,14,11,3,25,80.0
2021-09-02,1,General Ward,100,65,16,14,3,22,65.88
2021-09-03,1,General Ward,100,72,16,10,4,26,72.15
2021-09-04,1,General Ward,100,47,18,11,3,22,47.38
2021-09-05,1,General Ward,100,56,16,15,3,24,56.13
2021-09-06,1,General Ward,100,68,15,14,4,29,68.39
2021-09-07,1,General Ward,100,68,12,20,5,28,68.24
2021-09-08,1,General Ward,100,69,13,11,4,23,69.59
2021-09-09,1,General Ward,100,80,15,17,3,29,80.22
2021-09-10,1,General Ward,100,63,12,16,4,30,63.1
2021-09-11,1,General Ward,100,57,16,18,2,23,57.92
2021-09-12,1,General Ward,100,56,14,11,4,24,56.64
2021-09-13,1,General Ward,100,78,12,15,4,27,78.43
2021-09-14,1,General Ward,100,68,9,12,2,26,68.67
2021-09-15,1,General Ward,100,66,15,15,4,25,66.29
2021-09-16,1,General Ward,100,73,4,13,4,27,73.2
2021-09-17,1,General Ward,100,64,18,14,5,28,64.67
2021-09-18,1,General Ward,100,53,21,19,4,24,53.27
2021-09-19,1,General Ward,100,57,18,15,4,26,57.42
2021-09-20,1,General Ward,100,71,19,13,2,29,71.97
2021-09-21,1,General Ward,100,63,17,14,4,27,63.46
2021-09-22,1,General Ward,100,70,16,13,4,25,70.24
2021-09-23,1,General Ward,100,72,13,16,3,26,72.32
2021-09-24,1,General Ward,100,74,10,20,3,30,74.55
2021-09-25,1,General Ward,100,56,20,12,3,27,56.55
2021-09-26,1,General Ward,100,58,15,17,4,23,58.89
2021-09-27,1,General Ward,100,70,15,20,5,26,70.9
2021-09-28,1,General Ward,100,70,15,17,6,30,70.81
2021-09-29,1,General Ward,100,69,10,9,1,26,69.96
2021-09-30,1,General Ward,100,72,23,19,2,23,72.98
2021-10-01,1,General Ward,100,68,9,20,3,28,68.41
2021-10-02,1,General Ward,100,58,15,13,5,25,58.46
2021-10-03,1,General Ward,100,54,12,15,4,24,54.21
2021-10-04,1,General Ward,100,68,15,15,3,28,68.67
2021-10-05,1,General Ward,100,74,14,14,3,29,74.59
2021-10-06,1,General Ward,100,71,12,13,4,26,71.71
2021-10-07,1,General Ward,100,61,17,10,5,27,61.55
2021-10-08,1,General Ward,100,72,13,11,2,28,72.4
2021-10-09,1,General Ward,100,65,18,9,2,30,65.26
2021-10-10,1,General Ward,100,55,14,18,5,28,55.27
2021-10-11,1,General Ward,100,80,13,9,5,25,80.79
2021-10-12,1,General Ward,100,79,11,13,2,23,79.68
2021-10-13,1,General Ward,100,71,10,11,3,28,71.55
2021-10-14,1,General Ward,100,70,29,15,5,29,70.66
2021-10-15,1,General Ward,100,69,15,20,4,24,69.63
2021-10-16,1,General Ward,100,46,16,15,5,25,46.43
2021-10-17,1,General Ward,100,56,15,15,6,23,56.56
2021-10-18,1,General Ward,100,72,23,14,2,26,72.25
2021-10-19,1,General Ward,100,70,24,16,5,28,70.35
2021-10-20,1,General Ward,100,75,19,10,3,30,75.73
2021-10-21,1,General Ward,100,67,12,19,5,30,67.44
2021-10-22,1,General Ward,100,70,18,13,1,25,70.5
2021-10-23,1,General Ward,100,64,19,17,3,27,64.99
2021-10-24,1,General Ward,100,54,20,13,4,28,54.69
2021-10-25,1,General Ward,100,75,10,16,3,25,75.2
2021-10-26,1,General Ward,100,69,13,12,4,24,69.39
2021-10-27,1,General Ward,100,66,8,13,4,29,66.43
2021-10-28,1,General Ward,100,83,20,13,5,28,83.04
2021-10-29,1,General Ward,100,69,15,11,2,25,69.9
2021-10-30,1,General Ward,100,51,16,12,1,27,51.59
2021-10-31,1,General Ward,100,50,15,17,3,21,50.55
2021-11-01,1,General Ward,100,75,18,11,4,30,75.29
2021-11-02,1,General Ward,100,75,14,7,4,26,75.89
2021-11-03,1,General Ward,100,74,22,11,3,25,74.12
2021-11-04,1,General Ward,100,72,19,12,3,25,72.94
2021-11-05,1,General Ward,100,75,16,11,3,27,75.33
2021-11-06,1,General Ward,100,60,15,15,2,26,60.91
2021-11-07,1,General Ward,100,57,22,22,5,30,57.84
2021-11-08,1,General Ward,100,68,15,8,4,27,68.5
2021-11-09,1,General Ward,100,86,13,9,2,29,86.47
2021-11-10,1,General Ward,100,77,14,10,4,25,77.02
2021-11-11,1,General Ward,100,74,16,8,3,28,74.69
2021-11-12,1,General Ward,100,78,14,8,5,30,78.05
2021-11-13,1,General Ward,100,65,15,19,3,25,65.25
2021-11-14,1,General Ward,100,64,20,20,3,27,64.19
2021-11-15,1,General Ward,100,67,8,15,3,27,67.53
2021-11-16,1,General Ward,100,82,25,11,2,29,82.65
2021-11-17,1,General Ward,100,75,9,10,5,24,75.55
2021-11-18,1,General Ward,100,79,13,15,5,28,79.44
2021-11-19,1,General Ward,100,70,17,14,5,27,70.93
2021-11-20,1,General Ward,100,61,14,17,3,27,61.97
2021-11-21,1,General Ward,100,64,16,8,3,25,64.38
2021-11-22,1,General Ward,100,87,19,17,4,31,87.77
2021-11-23,1,General Ward,100,70,24,21,2,23,70.61
2021-11-24,1,General Ward,100,80,9,8,4,29,80.54
2021-11-25,1,General Ward,100,82,22,14,3,30,82.3
2021-11-26,1,General Ward,100,82,19,12,2,28,82.04
2021-11-27,1,General Ward,100,56,13,15,3,22,56.09
2021-11-28,1,General Ward,100,67,14,11,5,27,67.28
2021-11-29,1,General Ward,100,70,12,19,4,23,70.12
2021-11-30,1,General Ward,100,77,15,15,5,27,77.72
2021-12-01,1,General Ward,100,88,13,14,5,28,88.63
2021-12-02,1,General Ward,100,88,10,11,3,27,88.85
2021-12-03,1,General Ward,100,90,14,13,4,30,90.19
2021-12-04,1,General Ward,100,64,26,16,4,25,64.52
2021-12-05,1,General Ward,100,66,18,14,3,26,66.15
2021-12-06,1,General Ward,100,77,16,15,3,24,77.71
2021-12-07,1,General Ward,100,95,16,18,5,24,95.0
2021-12-08,1,General Ward,100,79,12,18,4,27,79.48
2021-12-09,1,General Ward,100,84,12,14,2,29,84.48
2021-12-10,1,General Ward,100,77,15,9,4,32,77.84
2021-12-11,1,General Ward,100,62,27,20,6,27,62.65
2021-12-12,1,General Ward,100,71,14,14,5,24,71.14
2021-12-13,1,General Ward,100,79,10,10,4,21,79.71
2021-12-14,1,General Ward,100,81,11,14,3,27,81.14
2021-12-15,1,General Ward,100,78,13,17,4,29,78.18
2021-12-16,1,General Ward,100,88,11,18,3,29,88.3
2021-12-17,1,General Ward,100,90,17,12,4,29,90.31
2021-12-18,1,General Ward,100,63,10,19,5,29,63.69
2021-12-19,1,General Ward,100,73,15,21,4,22,73.77
2021-12-20,1,General Ward,100,81,19,17,3,31,81.6
2021-12-21,1,General Ward,100,82,16,9,3,28,82.18
2021-12-22,1,General Ward,100,85,16,9,3,27,85.29
2021-12-23,1,General Ward,100,76,10,13,4,24,76.69
2021-12-24,1,General Ward,100,81,14,19,4,30,81.21
2021-12-25,1,General Ward,100,72,9,17,4,25,72.64
2021-12-26,1,General Ward,100,65,14,14,5,29,65.09
2021-12-27,1,General Ward,100,82,17,21,4,28,82.52
2021-12-28,1,General Ward,100,83,12,13,4,25,83.3
2021-12-29,1,General Ward,100,87,13,10,4,29,87.58
2021-12-30,1,General Ward,100,85,10,15,4,27,85.53
2021-12-31,1,General Ward,100,85,7,18,5,30,85.69
2022-01-01,1,General Ward,100,54,15,20,4,24,54.46
2022-01-02,1,General Ward,100,56,11,15,5,27,56.65
2022-01-03,1,General Ward,100,73,12,10,3,26,73.27
2022-01-04,1,General Ward,100,57,9,12,2,25,57.07
2022-01-05,1,General Ward,100,73,14,14,2,29,73.86
2022-01-06,1,General Ward,100,77,9,12,3,30,77.0
2022-01-07,1,General Ward,100,75,13,18,4,27,75.47
2022-01-08,1,General Ward,100,64,17,8,4,26,64.77
2022-01-09,1,General Ward,100,57,14,13,3,26,57.19
2022-01-10,1,General Ward,100,66,14,12,3,27,66.99
2022-01-11,1,General Ward,100,68,13,16,5,28,68.87
2022-01-12,1,General Ward,100,80,9,20,5,25,80.08
2022-01-13,1,General Ward,100,68,18,15,3,25,68.06
2022-01-14,1,General Ward,100,77,19,19,3,27,77.51
2022-01-15,1,General Ward,100,51,14,17,4,24,51.74
2022-01-16,1,General Ward,100,57,15,10,4,24,57.86
2022-01-17,1,General Ward,100,69,14,19,4,28,69.62
2022-01-18,1,General Ward,100,60,12,17,4,23,60.28
2022-01-19,1,General Ward,100,63,13,13,2,25,63.12
2022-01-20,1,General Ward,100,75,20,18,3,27,75.51
2022-01-21,1,General Ward,100,65,14,24,3,27,65.89
2022-01-22,1,General Ward,100,52,18,11,4,25,52.97
2022-01-23,1,General Ward,100,67,13,11,4,26,67.83
2022-01-24,1,General Ward,100,72,17,14,1,28,72.43
2022-01-25,1,General Ward,100,71,14,8,7,25,71.37
2022-01-26,1,General Ward,100,66,15,17,4,26,66.56
2022-01-27,1,General Ward,100,73,13,15,3,25,73.83
2022-01-28,1,General Ward,100,76,12,11,5,29,76.55
2022-01-29,1,General Ward,100,57,13,15,3,25,57.04
2022-01-30,1,General Ward,100,55,23,9,4,22,55.32
2022-01-31,1,General Ward,100,75,15,12,3,29,75.39
2022-02-01,1,General Ward,100,79,13,16,3,24,79.2
2022-02-02,1,General Ward,100,75,8,18,3,29,75.07
2022-02-03,1,General Ward,100,75,18,14,2,29,75.45
2022-02-04,1,General Ward,100,83,15,19,4,27,83.26
2022-02-05,1,General Ward,100,63,14,9,3,24,63.99
2022-02-06,1,General Ward,100,61,16,19,4,27,61.68
2022-02-07,1,General Ward,100,72,18,18,3,25,72.98
2022-02-08,1,General Ward,100,80,6,9,6,29,80.08
2022-02-09,1,General Ward,100,75,17,17,3,28,76.0
2022-02-10,1,General Ward,100,74,13,14,4,25,74.85
2022-02-11,1,General Ward,100,79,10,13,4,31,79.71
2022-02-12,1,General Ward,100,69,14,11,3,23,69.83
2022-02-13,1,General Ward,100,55,15,7,3,23,55.25
2022-02-14,1,General Ward,100,75,16,21,3,25,75.92
2022-02-15,1,General Ward,100,80,14,9,4,26,80.24
2022-02-16,1,General Ward,100,74,7,18,3,28,74.5
2022-02-17,1,General Ward,100,71,19,7,3,30,71.2
2022-02-18,1,General Ward,100,78,14,8,4,28,78.89
2022-02-19,1,General Ward,100,64,21,7,2,25,64.91
2022-02-20,1,General Ward,100,55,15,18,4,23,55.44
2022-02-21,1,General Ward,100,77,18,11,2,29,77.93
2022-02-22,1,General Ward,100,77,17,15,6,23,77.48
2022-02-23,1,General Ward,100,71,14,12,1,27,71.69
2022-02-24,1,General Ward,100,77,17,11,4,27,77.15
2022-02-25,1,General Ward,100,78,17,12,4,26,78.12
2022-02-26,1,General Ward,100,65,14,15,1,22,65.79
2022-02-27,1,General Ward,100,64,9,12,3,28,64.92
2022-02-28,1,General Ward,100,75,15,18,4,29,75.98
2022-03-01,1,General Ward,100,87,13,22,3,28,87.1
2022-03-02,1,General Ward,100,75,8,10,4,27,75.62
2022-03-03,1,General Ward,100,89,15,13,4,28,89.52
2022-03-04,1,General Ward,100,80,14,10,5,28,80.66
2022-03-05,1,General Ward,100,66,16,11,4,28,66.92
2022-03-06,1,General Ward,100,66,17,18,4,28,66.19
2022-03-07,1,General Ward,100,84,13,22,2,29,84.51
2022-03-08,1,General Ward,100,80,23,17,4,28,80.45
2022-03-09,1,General Ward,100,80,20,19,2,26,80.45
2022-03-10,1,General Ward,100,74,10,14,2,28,74.27
2022-03-11,1,General Ward,100,73,15,13,4,26,73.94
2022-03-12,1,General Ward,100,62,23,10,3,24,62.33
2022-03-13,1,General Ward,100,66,15,15,4,27,66.96
2022-03-14,1,General Ward,100,74,16,10,3,27,74.66
2022-03-15,1,General Ward,100,79,17,3,3,26,79.97
2022-03-16,1,General Ward,100,80,15,11,5,30,80.96
2022-03-17,1,General Ward,100,65,13,13,3,27,65.43
2022-03-18,1,General Ward,100,73,16,14,4,27,73.34
2022-03-19,1,General Ward,100,54,15,16,3,27,54.69
2022-03-20,1,General Ward,100,71,20,16,4,26,71.3
2022-03-21,1,General Ward,100,75,13,10,4,26,75.69
2022-03-22,1,General Ward,100,74,10,16,5,25,74.75
2022-03-23,1,General Ward,100,92,21,15,2,27,92.12
2022-03-24,1,General Ward,100,76,13,12,2,26,76.88
2022-03-25,1,General Ward,100,93,14,16,4,27,93.84
2022-03-26,1,General Ward,100,71,19,16,3,25,71.88
2022-03-27,1,General Ward,100,60,15,14,2,25,60.98
2022-03-28,1,General Ward,100,80,19,19,3,28,80.4
2022-03-29,1,General Ward,100,80,16,10,4,26,80.9
2022-03-30,1,General Ward,100,75,12,11,2,27,75.61
2022-03-31,1,General Ward,100,84,17,18,2,28,84.8
2022-04-01,1,General Ward,100,80,19,14,2,26,80.5
2022-04-02,1,General Ward,100,64,17,15,2,25,64.79
2022-04-03,1,General Ward,100,65,24,10,3,29,65.47
2022-04-04,1,General Ward,100,78,14,11,2,28,78.14
2022-04-05,1,General Ward,100,76,12,17,5,28,76.13
2022-04-06,1,General Ward,100,72,11,14,4,28,72.15
2022-04-07,1,General Ward,100,84,19,12,3,30,84.23
2022-04-08,1,General Ward,100,76,10,13,3,26,76.26
2022-04-09,1,General Ward,100,62,13,11,4,27,62.08
2022-04-10,1,General Ward,100,64,13,6,2,24,64.18
2022-04-11,1,General Ward,100,86,17,8,4,30,86.83
2022-04-12,1,General Ward,100,81,22,11,2,29,81.98
2022-04-13,1,General Ward,100,80,12,13,2,29,80.5
2022-04-14,1,General Ward,100,66,19,14,4,28,66.26
2022-04-15,1,General Ward,100,76,23,12,4,29,76.57
2022-04-16,1,General Ward,100,68,20,10,4,23,68.53
2022-04-17,1,General Ward,100,67,16,6,5,26,67.31
2022-04-18,1,General Ward,100,74,14,14,4,26,74.32
2022-04-19,1,General Ward,100,79,17,12,2,29,79.35
2022-04-20,1,General Ward,100,79,11,12,4,28,79.34
2022-04-21,1,General Ward,100,76,22,16,5,27,76.36
2022-04-22,1,General Ward,100,68,15,17,4,28,68.47
2022-04-23,1,General Ward,100,64,16,13,2,28,64.98
2022-04-24,1,General Ward,100,68,11,16,4,25,68.67
2022-04-25,1,General Ward,100,92,6,13,5,28,92.61
2022-04-26,1,General Ward,100,89,19,19,2,30,89.27
2022-04-27,1,General Ward,100,70,13,17,2,25,70.48
2022-04-28,1,General Ward,100,63,15,20,3,28,63.68
2022-04-29,1,General Ward,100,86,11,17,3,28,86.07
2022-04-30,1,General Ward,100,60,14,13,4,26,60.86
2022-05-01,1,General Ward,100,54,22,10,4,24,54.13
2022-05-02,1,General Ward,100,58,14,13,4,27,58.46
2022-05-03,1,General Ward,100,66,11,13,2,23,66.15
2022-05-04,1,General Ward,100,68,16,14,4,30,68.89
2022-05-05,1,General Ward,100,66,16,17,3,24,66.86
2022-05-06,1,General Ward,100,77,20,18,3,29,77.18
2022-05-07,1,General Ward,100,58,17,19,4,25,58.45
2022-05-08,1,General Ward,100,57,15,14,5,25,57.46
2022-05-09,1,General Ward,100,74,19,18,3,26,74.78
2022-05-10,1,General Ward,100,79,16,17,3,30,79.19
2022-05-11,1,General Ward,100,72,17,11,2,22,72.46
2022-05-12,1,General Ward,100,74,22,6,6,24,74.9
2022-05-13,1,General Ward,100,74,15,17,4,27,74.79
2022-05-14,1,General Ward,100,63,18,12,4,24,63.24
2022-05-15,1,General Ward,100,49,17,12,3,23,49.32
2022-05-16,1,General Ward,100,70,10,9,6,27,70.78
2022-05-17,1,General Ward,100,70,14,13,4,27,70.18
2022-05-18,1,General Ward,100,64,19,16,4,23,64.46
2022-05-19,1,General Ward,100,75,20,21,3,29,75.4
2022-05-20,1,General Ward,100,74,18,12,4,26,74.33
2022-05-21,1,General Ward,100,58,12,12,3,27,58.66
2022-05-22,1,General Ward,100,44,16,15,2,25,44.72
2022-05-23,1,General Ward,100,66,20,18,4,26,66.72
2022-05-24,1,General Ward,100,72,17,9,2,25,72.45
2022-05-25,1,General Ward,100,80,17,18,2,26,80.73
2022-05-26,1,General Ward,100,77,11,17,5,26,77.41
2022-05-27,1,General Ward,100,73,15,17,2,30,73.64
2022-05-28,1,General Ward,100,59,17,8,3,25,59.29
2022-05-29,1,General Ward,100,57,14,14,4,27,57.98
2022-05-30,1,General Ward,100,72,11,17,4,23,72.75
2022-05-31,1,General Ward,100,74,17,17,6,30,74.3
2022-06-01,1,General Ward,100,58,14,14,4,26,58.44
2022-06-02,1,General Ward,100,63,21,12,3,29,63.3
2022-06-03,1,General Ward,100,66,18,16,5,26,66.4
2022-06-04,1,General Ward,100,47,14,22,4,24,47.36
2022-06-05,1,General Ward,100,52,9,9,3,24,52.95
2022-06-06,1,General Ward,100,68,19,14,5,21,68.06
2022-06-07,1,General Ward,100,64,21,10,2,26,64.2
2022-06-08,1,General Ward,100,62,16,13,4,25,62.63
2022-06-09,1,General Ward,100,60,14,14,2,26,60.9
2022-06-10,1,General Ward,100,65,14,16,4,24,65.11
2022-06-11,1,General Ward,100,56,19,8,4,25,56.82
2022-06-12,1,General Ward,100,53,14,11,5,23,53.63
2022-06-13,1,General Ward,100,69,10,7,4,26,69.11
2022-06-14,1,General Ward,100,64,10,11,4,25,64.23
2022-06-15,1,General Ward,100,63,10,10,3,25,63.95
2022-06-16,1,General Ward,100,63,21,20,4,29,63.64
2022-06-17,1,General Ward,100,49,14,16,3,22,49.68
2022-06-18,1,General Ward,100,50,10,10,4,27,50.81
2022-06-19,1,General Ward,100,44,17,14,4,25,44.85
2022-06-20,1,General Ward,100,62,14,21,4,28,62.19
2022-06-21,1,General Ward,100,70,19,12,3,30,70.67
2022-06-22,1,General Ward,100,55,18,20,3,26,55.11
2022-06-23,1,General Ward,100,66,13,13,2,25,66.05
2022-06-24,1,General Ward,100,54,12,11,3,25,54.4
2022-06-25,1,General Ward,100,43,11,10,2,26,43.94
2022-06-26,1,General Ward,100,50,14,19,4,19,50.41
2022-06-27,1,General Ward,100,70,18,10,4,28,70.65
2022-06-28,1,General Ward,100,68,14,17,4,26,68.44
2022-06-29,1,General Ward,100,71,16,17,3,27,71.01
2022-06-30,1,General Ward,100,52,16,15,2,23,52.16
2022-07-01,1,General Ward,100,56,15,12,3,24,56.31
2022-07-02,1,General Ward,100,43,12,12,4,29,43.85
2022-07-03,1,General Ward,100,38,13,18,5,25,38.23
2022-07-04,1,General Ward,100,60,5,10,2,26,60.32
2022-07-05,1,General Ward,100,57,14,12,4,26,57.3
2022-07-06,1,General Ward,100,58,15,16,2,24,58.22
2022-07-07,1,General Ward,100,62,9,11,5,26,62.1
2022-07-08,1,General Ward,100,57,17,14,4,20,57.51
2022-07-09,1,General Ward,100,38,21,16,3,24,38.98
2022-07-10,1,General Ward,100,45,15,11,4,21,45.47
2022-07-11,1,General Ward,100,59,11,14,3,24,59.78
2022-07-12,1,General Ward,100,59,10,17,5,27,59.88
2022-07-13,1,General Ward,100,54,7,13,3,22,54.0
2022-07-14,1,General Ward,100,57,16,12,4,25,57.94
2022-07-15,1,General Ward,100,62,15,16,5,25,62.89
2022-07-16,1,General Ward,100,32,11,13,4,20,32.6
2022-07-17,1,General Ward,100,30,14,8,5,23,30.0
2022-07-18,1,General Ward,100,61,7,15,5,29,61.89
2022-07-19,1,General Ward,100,62,14,12,4,29,62.18
2022-07-20,1,General Ward,100,57,13,12,2,26,57.87
2022-07-21,1,General Ward,100,59,15,14,4,26,59.3
2022-07-22,1,General Ward,100,64,16,9,3,24,64.78
2022-07-23,1,General Ward,100,42,13,16,4,23,42.54
2022-07-24,1,General Ward,100,40,14,9,3,22,40.39
2022-07-25,1,General Ward,100,57,11,20,3,25,57.69
2022-07-26,1,General Ward,100,51,14,15,3,25,51.42
2022-07-27,1,General Ward,100,58,14,10,4,28,58.03
2022-07-28,1,General Ward,100,61,17,16,2,27,61.9
2022-07-29,1,General Ward,100,60,14,16,3,26,60.35
2022-07-30,1,General Ward,100,44,12,17,5,27,44.67
2022-07-31,1,General Ward,100,41,13,14,4,25,41.27
2022-08-01,1,General Ward,100,52,14,13,3,24,52.79
2022-08-02,1,General Ward,100,52,13,7,3,20,52.21
2022-08-03,1,General Ward,100,53,25,19,3,26,53.14
2022-08-04,1,General Ward,100,51,12,15,2,25,51.71
2022-08-05,1,General Ward,100,53,17,8,2,25,53.69
2022-08-06,1,General Ward,100,36,25,15,5,22,36.81
2022-08-07,1,General Ward,100,41,16,9,2,22,41.35
2022-08-08,1,General Ward,100,54,16,11,5,24,54.7
2022-08-09,1,General Ward,100,48,19,14,3,26,48.61
2022-08-10,1,General Ward,100,59,16,13,3,24,59.61
2022-08-11,1,General Ward,100,55,16,13,4,22,55.93
2022-08-12,1,General Ward,100,57,17,8,3,29,57.86
2022-08-13,1,General Ward,100,42,12,16,4,24,42.38
2022-08-14,1,General Ward,100,36,18,16,4,22,36.26
2022-08-15,1,General Ward,100,54,20,13,5,28,54.89
2022-08-16,1,General Ward,100,50,13,15,4,22,50.52
2022-08-17,1,General Ward,100,54,12,9,3,24,54.13
2022-08-18,1,General Ward,100,55,10,9,5,28,55.48
2022-08-19,1,General Ward,100,49,19,14,3,23,49.23
2022-08-20,1,General Ward,100,30,18,22,3,25,30.6
2022-08-21,1,General Ward,100,32,12,14,4,19,32.77
2022-08-22,1,General Ward,100,55,15,16,5,21,55.39
2022-08-23,1,General Ward,100,52,18,15,2,26,52.76
2022-08-24,1,General Ward,100,49,20,14,4,24,49.58
2022-08-25,1,General Ward,100,55,9,12,4,28,55.36
2022-08-26,1,General Ward,100,58,17,12,4,28,58.14
2022-08-27,1,General Ward,100,31,13,22,3,23,31.68
2022-08-28,1,General Ward,100,36,19,14,2,27,36.52
2022-08-29,1,General Ward,100,46,14,17,4,21,46.5
2022-08-30,1,General Ward,100,54,13,15,3,26,54.82
2022-08-31,1,General Ward,100,53,14,16,3,26,53.13
2022-09-01,1,General Ward,100,47,20,15,4,26,47.48
2022-09-02,1,General Ward,100,43,9,9,3,24,43.64
2022-09-03,1,General Ward,100,34,15,10,3,21,34.44
2022-09-04,1,General Ward,100,41,16,15,3,23,41.21
2022-09-05,1,General Ward,100,52,15,17,4,24,52.85
2022-09-06,1,General Ward,100,43,12,12,5,24,43.3
2022-09-07,1,General Ward,100,47,11,10,4,25,47.19
2022-09-08,1,General Ward,100,59,12,12,3,24,59.78
2022-09-09,1,General Ward,100,50,21,12,2,24,50.68
2022-09-10,1,General Ward,100,30,19,13,4,25,30.0
2022-09-11,1,General Ward,100,31,20,12,3,25,31.74
2022-09-12,1,General Ward,100,47,12,17,3,25,47.51
2022-09-13,1,General Ward,100,53,11,7,5,23,53.83
2022-09-14,1,General Ward,100,47,17,13,3,27,47.8
2022-09-15,1,General Ward,100,58,15,16,4,25,58.43
2022-09-16,1,General Ward,100,56,15,17,5,27,56.24
2022-09-17,1,General Ward,100,39,17,13,4,23,39.17
2022-09-18,1,General Ward,100,31,16,17,4,25,31.45
2022-09-19,1,General Ward,100,56,12,14,3,29,56.47
2022-09-20,1,General Ward,100,52,24,11,4,26,52.1
2022-09-21,1,General Ward,100,52,10,16,3,26,52.54
2022-09-22,1,General Ward,100,54,14,19,5,23,54.6
2022-09-23,1,General Ward,100,44,19,10,4,19,44.44
2022-09-24,1,General Ward,100,32,14,8,3,23,32.68
2022-09-25,1,General Ward,100,37,16,9,5,25,37.98
2022-09-26,1,General Ward,100,43,14,23,4,25,43.56
2022-09-27,1,General Ward,100,53,11,18,4,22,53.8
2022-09-28,1,General Ward,100,47,13,14,2,24,47.2
2022-09-29,1,General Ward,100,56,14,16,3,23,56.93
2022-09-30,1,General Ward,100,35,14,15,5,24,35.47
2022-10-01,1,General Ward,100,42,7,17,3,27,42.47
2022-10-02,1,General Ward,100,35,17,10,2,26,35.32
2022-10-03,1,General Ward,100,41,16,7,4,25,41.68
2022-10-04,1,General Ward,100,48,10,12,4,24,48.58
2022-10-05,1,General Ward,100,51,15,15,4,24,51.99
2022-10-06,1,General Ward,100,53,10,17,3,26,53.2
2022-10-07,1,General Ward,100,51,12,18,5,25,51.92
2022-10-08,1,General Ward,100,45,13,13,3,23,45.9
2022-10-09,1,General Ward,100,35,15,16,3,23,35.61
2022-10-10,1,General Ward,100,51,8,28,4,21,51.78
2022-10-11,1,General Ward,100,53,11,24,3,24,53.84
2022-10-12,1,General Ward,100,50,14,15,4,28,50.45
2022-10-13,1,General Ward,100,55,21,13,4,25,55.4
2022-10-14,1,General Ward,100,53,16,12,4,24,53.93
2022-10-15,1,General Ward,100,39,13,16,4,25,39.39
2022-10-16,1,General Ward,100,35,13,13,2,21,35.76
2022-10-17,1,General Ward,100,52,13,17,4,26,52.01
2022-10-18,1,General Ward,100,49,16,14,6,27,49.36
2022-10-19,1,General Ward,100,47,10,10,6,24,47.15
2022-10-20,1,General Ward,100,54,20,12,2,28,54.62
2022-10-21,1,General Ward,100,51,19,21,5,27,51.24
2022-10-22,1,General Ward,100,40,14,18,2,20,40.59
2022-10-23,1,General Ward,100,41,15,13,4,25,41.67
2022-10-24,1,General Ward,100,47,13,8,5,23,47.86
2022-10-25,1,General Ward,100,47,20,16,4,25,47.43
2022-10-26,1,General Ward,100,46,12,18,4,27,46.48
2022-10-27,1,General Ward,100,55,18,12,2,25,55.17
2022-10-28,1,General Ward,100,52,12,10,4,23,52.29
2022-10-29,1,General Ward,100,43,13,15,4,25,43.71
2022-10-30,1,General Ward,100,34,17,12,3,25,34.22
2022-10-31,1,General Ward,100,47,17,13,3,27,47.26
2022-11-01,1,General Ward,100,55,13,15,4,24,55.21
2022-11-02,1,General Ward,100,64,14,14,4,27,64.53
2022-11-03,1,General Ward,100,66,10,4,2,26,66.53
2022-11-04,1,General Ward,100,41,7,13,4,25,41.78
2022-11-05,1,General Ward,100,41,19,10,3,25,41.54
2022-11-06,1,General Ward,100,40,21,18,4,21,40.12
2022-11-07,1,General Ward,100,54,16,15,3,26,54.87
2022-11-08,1,General Ward,100,60,22,17,3,28,60.84
2022-11-09,1,General Ward,100,49,13,7,4,24,49.55
2022-11-10,1,General Ward,100,51,17,18,4,24,51.7
2022-11-11,1,General Ward,100,60,11,13,4,25,60.66
2022-11-12,1,General Ward,100,46,9,15,3,26,46.14
2022-11-13,1,General Ward,100,38,15,9,4,24,38.77
2022-11-14,1,General Ward,100,55,16,13,4,26,55.42
2022-11-15,1,General Ward,100,57,16,11,5,27,57.25
2022-11-16,1,General Ward,100,58,18,14,5,26,58.61
2022-11-17,1,General Ward,100,60,21,14,3,24,60.32
2022-11-18,1,General Ward,100,64,11,20,5,22,64.73
2022-11-19,1,General Ward,100,48,7,12,4,23,48.83
2022-11-20,1,General Ward,100,34,13,13,4,26,34.51
2022-11-21,1,General Ward,100,54,15,15,4,24,54.24
2022-11-22,1,General Ward,100,58,16,18,3,28,58.47
2022-11-23,1,General Ward,100,63,11,18,4,23,63.14
2022-11-24,1,General Ward,100,55,16,23,3,29,55.97
2022-11-25,1,General Ward,100,50,12,15,2,25,50.74
2022-11-26,1,General Ward,100,33,17,13,3,23,33.53
2022-11-27,1,General Ward,100,36,19,12,2,25,36.48
2022-11-28,1,General Ward,100,46,17,14,4,22,46.41
2022-11-29,1,General Ward,100,53,16,13,2,26,53.84
2022-11-30,1,General Ward,100,48,16,9,4,26,48.19
2022-12-01,1,General Ward,100,59,13,19,4,26,59.06
2022-12-02,1,General Ward,100,74,6,11,4,26,74.11
2022-12-03,1,General Ward,100,54,7,17,4,26,54.23
2022-12-04,1,General Ward,100,45,8,15,4,25,45.18
2022-12-05,1,General Ward,100,72,16,14,5,25,72.51
2022-12-06,1,General Ward,100,58,14,14,3,23,58.01
2022-12-07,1,General Ward,100,61,9,14,5,22,61.03
2022-12-08,1,General Ward,100,60,14,14,2,20,60.71
2022-12-09,1,General Ward,100,66,13,8,3,28,66.79
2022-12-10,1,General Ward,100,42,15,8,5,21,42.95
2022-12-11,1,General Ward,100,56,11,13,4,25,56.17
2022-12-12,1,General Ward,100,57,18,16,5,27,57.47
2022-12-13,1,General Ward,100,65,15,14,3,26,65.42
2022-12-14,1,General Ward,100,63,27,14,2,30,63.81
2022-12-15,1,General Ward,100,64,15,9,5,24,64.36
2022-12-16,1,General Ward,100,61,25,15,3,25,61.84
2022-12-17,1,General Ward,100,51,16,11,3,25,51.1
2022-12-18,1,General Ward,100,54,12,16,4,26,54.77
2022-12-19,1,General Ward,100,59,12,10,5,28,59.9
2022-12-20,1,General Ward,100,61,16,13,4,23,61.8
2022-12-21,1,General Ward,100,58,18,13,3,25,58.43
2022-12-22,1,General Ward,100,62,15,16,4,25,62.98
2022-12-23,1,General Ward,100,64,17,22,2,24,64.74
2022-12-24,1,General Ward,100,49,10,19,2,21,49.92
2022-12-25,1,General Ward,100,55,19,12,3,23,55.58
2022-12-26,1,General Ward,100,59,14,6,4,23,59.86
2022-12-27,1,General Ward,100,68,19,19,3,23,68.15
2022-12-28,1,General Ward,100,65,14,7,4,23,65.75
2022-12-29,1,General Ward,100,62,15,16,2,30,62.6
2022-12-30,1,General Ward,100,63,10,15,3,26,63.68
2022-12-31,1,General Ward,100,43,13,12,4,22,43.39
2023-01-01,1,General Ward,100,50,12,14,2,25,50.27
2023-01-02,1,General Ward,100,64,16,15,4,26,64.94
2023-01-03,1,General Ward,100,68,12,17,3,26,68.69
2023-01-04,1,General Ward,100,73,15,12,3,29,73.34
2023-01-05,1,General Ward,100,72,12,13,4,24,72.62
2023-01-06,1,General Ward,100,76,15,12,3,24,76.52
2023-01-07,1,General Ward,100,55,21,10,4,28,55.66
2023-01-08,1,General Ward,100,63,14,14,5,28,63.64
2023-01-09,1,General Ward,100,71,17,15,2,24,71.25
2023-01-10,1,General Ward,100,71,15,14,5,26,71.13
2023-01-11,1,General Ward,100,62,13,13,4,28,62.91
2023-01-12,1,General Ward,100,70,13,8,2,28,70.55
2023-01-13,1,General Ward,100,79,15,13,3,29,79.18
2023-01-14,1,General Ward,100,58,10,12,5,25,58.75
2023-01-15,1,General Ward,100,62,7,9,5,27,62.34
2023-01-16,1,General Ward,100,73,15,13,1,29,73.51
2023-01-17,1,General Ward,100,75,20,19,2,27,75.05
2023-01-18,1,General Ward,100,66,18,12,5,26,66.4
2023-01-19,1,General Ward,100,70,19,22,2,27,70.65
2023-01-20,1,General Ward,100,76,19,12,4,20,76.5
2023-01-21,1,General Ward,100,57,24,17,2,25,57.99
2023-01-22,1,General Ward,100,61,15,12,3,29,61.8
2023-01-23,1,General Ward,100,77,9,12,3,29,77.54
2023-01-24,1,General Ward,100,82,15,12,4,26,82.34
2023-01-25,1,General Ward,100,73,7,8,4,21,73.45
2023-01-26,1,General Ward,100,69,10,18,4,26,69.67
2023-01-27,1,General Ward,100,77,17,5,4,32,77.38
2023-01-28,1,General Ward,100,56,18,17,3,27,56.46
2023-01-29,1,General Ward,100,61,9,16,4,25,61.58
2023-01-30,1,General Ward,100,66,25,18,2,27,66.56
2023-01-31,1,General Ward,100,71,14,6,4,27,71.85
2023-02-01,1,General Ward,100,76,28,4,3,29,76.21
2023-02-02,1,General Ward,100,82,19,9,3,26,82.16
2023-02-03,1,General Ward,100,73,14,18,5,27,73.37
2023-02-04,1,General Ward,100,57,18,13,3,27,57.9
2023-02-05,1,General Ward,100,61,18,19,5,25,61.45
2023-02-06,1,General Ward,100,76,17,17,4,26,76.79
2023-02-07,1,General Ward,100,78,11,9,5,29,78.29
2023-02-08,1,General Ward,100,86,18,14,4,26,86.07
2023-02-09,1,General Ward,100,77,10,13,3,31,77.18
2023-02-10,1,General Ward,100,88,10,9,3,30,88.77
2023-02-11,1,General Ward,100,59,16,15,4,27,59.38
2023-02-12,1,General Ward,100,62,16,11,4,28,62.37
2023-02-13,1,General Ward,100,79,12,13,3,27,79.47
2023-02-14,1,General Ward,100,65,18,16,5,27,65.04
2023-02-15,1,General Ward,100,79,8,17,3,25,79.49
2023-02-16,1,General Ward,100,82,15,19,2,30,82.04
2023-02-17,1,General Ward,100,85,12,10,2,31,85.1
2023-02-18,1,General Ward,100,58,14,18,6,27,58.72
2023-02-19,1,General Ward,100,59,24,15,3,24,59.47
2023-02-20,1,General Ward,100,74,16,19,3,27,74.7
2023-02-21,1,General Ward,100,79,17,22,3,31,79.58
2023-02-22,1,General Ward,100,83,24,21,3,30,83.58
2023-02-23,1,General Ward,100,83,12,17,2,25,83.28
2023-02-24,1,General Ward,100,68,18,17,3,21,68.07
2023-02-25,1,General Ward,100,63,18,13,3,23,63.61
2023-02-26,1,General Ward,100,64,14,14,5,27,64.55
2023-02-27,1,General Ward,100,81,22,16,3,28,81.65
2023-02-28,1,General Ward,100,84,13,17,4,28,84.06
2023-03-01,1,General Ward,100,86,18,8,2,28,86.46
2023-03-02,1,General Ward,100,92,17,14,4,30,92.38
2023-03-03,1,General Ward,100,72,19,13,2,26,72.75
2023-03-04,1,General Ward,100,68,14,13,3,25,68.78
2023-03-05,1,General Ward,100,69,21,17,4,29,69.52
2023-03-06,1,General Ward,100,84,13,14,4,29,84.48
2023-03-07,1,General Ward,100,79,14,12,4,26,79.03
2023-03-08,1,General Ward,100,77,11,14,4,28,77.83
2023-03-09,1,General Ward,100,87,15,14,6,29,87.85
2023-03-10,1,General Ward,100,82,13,15,5,29,82.68
2023-03-11,1,General Ward,100,65,13,15,4,27,65.53
2023-03-12,1,General Ward,100,67,15,10,5,26,67.75
2023-03-13,1,General Ward,100,77,17,14,4,24,77.47
2023-03-14,1,General Ward,100,77,20,18,3,21,77.24
2023-03-15,1,General Ward,100,85,20,5,3,27,85.02
2023-03-16,1,General Ward,100,83,10,11,5,28,83.24
2023-03-17,1,General Ward,100,73,14,8,6,27,73.75
2023-03-18,1,General Ward,100,66,13,11,2,27,66.13
2023-03-19,1,General Ward,100,71,17,20,3,23,71.4
2023-03-20,1,General Ward,100,73,16,21,4,28,73.06
2023-03-21,1,General Ward,100,82,17,11,3,28,82.14
2023-03-22,1,General Ward,100,81,12,15,3,30,81.77
2023-03-23,1,General Ward,100,74,16,14,3,31,74.63
2023-03-24,1,General Ward,100,82,19,16,3,28,82.55
2023-03-25,1,General Ward,100,61,10,22,5,27,61.98
2023-03-26,1,General Ward,100,73,19,13,4,27,73.71
2023-03-27,1,General Ward,100,72,16,14,4,22,72.37
2023-03-28,1,General Ward,100,80,14,16,4,28,80.15
2023-03-29,1,General Ward,100,68,14,14,3,25,68.73
2023-03-30,1,General Ward,100,83,14,12,2,27,83.27
2023-03-31,1,General Ward,100,77,21,16,3,29,77.98
2023-04-01,1,General Ward,100,60,14,21,5,24,60.79
2023-04-02,1,General Ward,100,62,19,8,3,23,62.41
2023-04-03,1,General Ward,100,78,25,12,4,28,78.67
2023-04-04,1,General Ward,100,82,11,13,3,29,82.58
2023-04-05,1,General Ward,100,76,10,15,2,26,76.24
2023-04-06,1,General Ward,100,77,10,17,4,25,77.22
2023-04-07,1,General Ward,100,79,14,11,3,29,79.13
2023-04-08,1,General Ward,100,64,13,23,4,26,64.64
2023-04-09,1,General Ward,100,58,9,19,3,25,58.87
2023-04-10,1,General Ward,100,76,10,10,4,29,76.78
2023-04-11,1,General Ward,100,75,16,11,3,25,75.78
2023-04-12,1,General Ward,100,82,20,12,3,28,82.19
2023-04-13,1,General Ward,100,72,20,11,4,26,72.14
2023-04-14,1,General Ward,100,80,11,14,4,29,80.55
2023-04-15,1,General Ward,100,65,16,16,4,28,65.16
2023-04-16,1,General Ward,100,61,13,11,3,29,61.71
2023-04-17,1,General Ward,100,79,19,23,5,29,79.89
2023-04-18,1,General Ward,100,79,12,13,3,24,79.05
2023-04-19,1,General Ward,100,67,12,15,3,27,67.54
2023-04-20,1,General Ward,100,89,15,19,2,28,89.61
2023-04-21,1,General Ward,100,75,21,3,3,32,75.98
2023-04-22,1,General Ward,100,67,17,19,3,26,67.5
2023-04-23,1,General Ward,100,57,19,17,4,25,57.57
2023-04-24,1,General Ward,100,72,16,16,4,24,72.31
2023-04-25,1,General Ward,100,70,12,10,4,27,70.86
2023-04-26,1,General Ward,100,81,19,16,4,25,81.54
2023-04-27,1,General Ward,100,80,20,15,4,25,80.19
2023-04-28,1,General Ward,100,72,12,18,3,29,72.13
2023-04-29,1,General Ward,100,64,15,19,4,24,64.15
2023-04-30,1,General Ward,100,64,16,11,4,27,64.72
2023-05-01,1,General Ward,100,67,21,19,5,23,67.33
2023-05-02,1,General Ward,100,66,15,11,4,25,66.6
2023-05-03,1,General Ward,100,73,19,19,5,25,73.24
2023-05-04,1,General Ward,100,71,16,8,4,30,71.01
2023-05-05,1,General Ward,100,76,23,12,4,27,76.21
2023-05-06,1,General Ward,100,63,18,22,3,29,63.44
2023-05-07,1,General Ward,100,46,15,18,4,25,46.04
2023-05-08,1,General Ward,100,79,11,12,4,29,79.5
2023-05-09,1,General Ward,100,70,14,7,4,29,70.83
2023-05-10,1,General Ward,100,82,14,10,3,31,82.38
2023-05-11,1,General Ward,100,80,14,18,3,28,80.55
2023-05-12,1,General Ward,100,72,22,10,3,25,72.8
2023-05-13,1,General Ward,100,62,15,14,3,22,62.82
2023-05-14,1,General Ward,100,56,13,13,3,25,56.76
2023-05-15,1,General Ward,100,67,12,13,3,29,67.97
2023-05-16,1,General Ward,100,69,22,14,4,29,69.05
2023-05-17,1,General Ward,100,79,15,9,1,25,79.01
2023-05-18,1,General Ward,100,60,15,19,3,28,60.65
2023-05-19,1,General Ward,100,70,21,14,4,30,70.41
2023-05-20,1,General Ward,100,56,16,11,5,24,56.31
2023-05-21,1,General Ward,100,60,19,10,5,25,60.06
2023-05-22,1,General Ward,100,75,12,20,5,29,75.85
2023-05-23,1,General Ward,100,77,12,18,4,25,77.57
2023-05-24,1,General Ward,100,73,18,17,3,30,73.01
2023-05-25,1,General Ward,100,69,15,12,5,30,69.69
2023-05-26,1,General Ward,100,69,21,17,4,23,69.76
2023-05-27,1,General Ward,100,56,17,8,2,26,56.26
2023-05-28,1,General Ward,100,56,13,17,3,21,56.39
2023-05-29,1,General Ward,100,69,8,12,4,26,69.76
2023-05-30,1,General Ward,100,72,11,24,4,31,72.0
2023-05-31,1,General Ward,100,66,20,15,3,24,66.21
2023-06-01,1,General Ward,100,68,9,13,3,28,68.49
2023-06-02,1,General Ward,100,59,19,12,5,27,59.66
2023-06-03,1,General Ward,100,44,12,19,6,22,44.68
2023-06-04,1,General Ward,100,49,23,17,5,21,49.74
2023-06-05,1,General Ward,100,65,12,12,5,25,65.53
2023-06-06,1,General Ward,100,61,14,15,3,25,61.84
2023-06-07,1,General Ward,100,66,13,17,4,23,66.19
2023-06-08,1,General Ward,100,58,17,16,3,30,58.63
2023-06-09,1,General Ward,100,68,13,11,1,26,68.24
2023-06-10,1,General Ward,100,48,8,18,4,25,48.06
2023-06-11,1,General Ward,100,49,16,16,3,24,49.54
2023-06-12,1,General Ward,100,69,12,13,4,25,69.82
2023-06-13,1,General Ward,100,67,10,15,6,25,67.96
2023-06-14,1,General Ward,100,67,21,18,2,27,67.57
2023-06-15,1,General Ward,100,63,11,15,3,28,63.56
2023-06-16,1,General Ward,100,64,13,10,2,23,64.72
2023-06-17,1,General Ward,100,46,12,16,4,22,46.08
2023-06-18,1,General Ward,100,44,23,11,3,22,44.44
2023-06-19,1,General Ward,100,68,13,4,4,27,68.02
2023-06-20,1,General Ward,100,74,17,10,4,31,74.57
2023-06-21,1,General Ward,100,65,18,12,4,23,65.71
2023-06-22,1,General Ward,100,56,11,10,4,25,56.13
2023-06-23,1,General Ward,100,57,15,12,4,26,57.36
2023-06-24,1,General Ward,100,50,16,13,2,31,50.64
2023-06-25,1,General Ward,100,53,13,17,4,23,53.04
2023-06-26,1,General Ward,100,66,11,16,4,31,66.66
2023-06-27,1,General Ward,100,56,10,13,3,23,56.81
2023-06-28,1,General Ward,100,65,18,14,3,26,65.21
2023-06-29,1,General Ward,100,67,19,13,3,28,67.93
2023-06-30,1,General Ward,100,66,10,12,4,28,66.18
2023-07-01,1,General Ward,100,48,10,13,3,25,48.5
2023-07-02,1,General Ward,100,44,15,13,2,24,44.5
2023-07-03,1,General Ward,100,63,12,10,3,26,63.5
2023-07-04,1,General Ward,100,55,21,19,4,24,55.39
2023-07-05,1,General Ward,100,61,15,15,4,27,61.42
2023-07-06,1,General Ward,100,62,23,19,4,26,62.89
2023-07-07,1,General Ward,100,58,13,17,3,24,58.08
2023-07-08,1,General Ward,100,44,19,6,2,28,44.11
2023-07-09,1,General Ward,100,43,11,15,4,25,43.64
2023-07-10,1,General Ward,100,58,16,10,5,24,58.66
2023-07-11,1,General Ward,100,53,16,17,4,28,53.87
2023-07-12,1,General Ward,100,58,19,11,4,27,58.38
2023-07-13,1,General Ward,100,52,17,15,3,24,52.48
2023-07-14,1,General Ward,100,58,15,7,4,26,58.58
2023-07-15,1,General Ward,100,37,17,15,2,22,37.18
2023-07-16,1,General Ward,100,43,12,7,5,23,43.81
2023-07-17,1,General Ward,100,67,13,12,4,26,67.53
2023-07-18,1,General Ward,100,57,15,17,3,22,57.74
2023-07-19,1,General Ward,100,61,13,18,5,26,61.56
2023-07-20,1,General Ward,100,62,12,11,4,26,62.18
2023-07-21,1,General Ward,100,56,15,17,4,23,56.74
2023-07-22,1,General Ward,100,44,15,16,2,24,44.94
2023-07-23,1,General Ward,100,45,12,10,3,23,45.01
2023-07-24,1,General Ward,100,60,12,15,3,27,60.34
2023-07-25,1,General Ward,100,62,22,13,5,28,62.83
2023-07-26,1,General Ward,100,58,13,19,4,29,58.75
2023-07-27,1,General Ward,100,60,15,13,3,27,60.94
2023-07-28,1,General Ward,100,60,11,14,4,26,60.33
2023-07-29,1,General Ward,100,39,10,16,4,21,39.3
2023-07-30,1,General Ward,100,52,12,13,3,26,52.78
2023-07-31,1,General Ward,100,51,15,11,3,25,51.01
2023-08-01,1,General Ward,100,60,13,15,4,28,60.13
2023-08-02,1,General Ward,100,51,10,13,4,22,51.18
2023-08-03,1,General Ward,100,54,21,8,4,24,54.62
2023-08-04,1,General Ward,100,47,7,18,3,21,47.61
2023-08-05,1,General Ward,100,37,14,11,4,25,37.17
2023-08-06,1,General Ward,100,37,9,13,4,23,37.33
2023-08-07,1,General Ward,100,59,16,14,3,21,59.12
2023-08-08,1,General Ward,100,48,19,19,4,22,48.1
2023-08-09,1,General Ward,100,51,13,14,3,23,51.63
2023-08-10,1,General Ward,100,43,13,14,4,24,43.22
2023-08-11,1,General Ward,100,57,12,14,2,23,57.53
2023-08-12,1,General Ward,100,40,14,16,4,26,40.06
2023-08-13,1,General Ward,100,35,18,15,4,25,35.72
2023-08-14,1,General Ward,100,48,16,12,4,26,48.8
2023-08-15,1,General Ward,100,52,11,16,3,25,52.05
2023-08-16,1,General Ward,100,48,21,15,5,24,48.23
2023-08-17,1,General Ward,100,40,13,13,2,22,40.73
2023-08-18,1,General Ward,100,39,12,11,4,21,39.08
2023-08-19,1,General Ward,100,39,14,9,4,25,39.28
2023-08-20,1,General Ward,100,30,23,12,4,21,30.0
2023-08-21,1,General Ward,100,54,20,21,4,24,54.34
2023-08-22,1,General Ward,100,44,18,19,3,19,44.75
2023-08-23,1,General Ward,100,53,16,13,3,25,53.38
2023-08-24,1,General Ward,100,51,19,21,3,24,51.28
2023-08-25,1,General Ward,100,49,17,16,4,23,49.19
2023-08-26,1,General Ward,100,39,17,10,3,22,39.6
2023-08-27,1,General Ward,100,38,14,15,3,24,38.54
2023-08-28,1,General Ward,100,45,19,13,4,23,45.97
2023-08-29,1,General Ward,100,51,14,14,4,24,51.14
2023-08-30,1,General Ward,100,46,11,14,4,24,46.72
2023-08-31,1,General Ward,100,54,18,13,3,26,54.7
2023-09-01,1,General Ward,100,56,18,14,2,24,56.96
2023-09-02,1,General Ward,100,30,13,20,4,24,30.17
2023-09-03,1,General Ward,100,30,7,18,3,25,30.42
2023-09-04,1,General Ward,100,43,12,8,3,25,43.1
2023-09-05,1,General Ward,100,50,13,12,3,22,50.29
2023-09-06,1,General Ward,100,54,11,18,3,24,54.24
2023-09-07,1,General Ward,100,44,13,13,5,26,44.74
2023-09-08,1,General Ward,100,51,21,14,4,26,51.38
2023-09-09,1,General Ward,100,32,10,17,5,25,32.64
2023-09-10,1,General Ward,100,36,21,19,4,21,36.37
2023-09-11,1,General Ward,100,41,10,16,3,25,41.68
2023-09-12,1,General Ward,100,52,9,11,3,25,52.6
2023-09-13,1,General Ward,100,43,10,14,3,25,43.99
2023-09-14,1,General Ward,100,54,17,13,4,22,54.54
2023-09-15,1,General Ward,100,52,25,13,2,26,52.65
2023-09-16,1,General Ward,100,32,11,13,4,23,32.87
2023-09-17,1,General Ward,100,30,18,15,4,24,30.0
2023-09-18,1,General Ward,100,48,13,13,3,24,48.16
2023-09-19,1,General Ward,100,54,21,8,5,22,54.41
2023-09-20,1,General Ward,100,43,10,15,4,24,43.98
2023-09-21,1,General Ward,100,56,17,23,3,25,56.57
2023-09-22,1,General Ward,100,46,16,15,5,26,46.93
2023-09-23,1,General Ward,100,39,21,9,4,21,39.11
2023-09-24,1,General Ward,100,35,10,15,4,22,35.08
2023-09-25,1,General Ward,100,43,16,19,4,27,43.23
2023-09-26,1,General Ward,100,48,6,11,3,24,48.39
2023-09-27,1,General Ward,100,46,12,14,4,26,46.78
2023-09-28,1,General Ward,100,53,18,14,5,24,53.21
2023-09-29,1,General Ward,100,49,20,13,4,26,49.28
2023-09-30,1,General Ward,100,35,16,16,3,22,35.66
2023-10-01,1,General Ward,100,30,14,8,4,20,30.0
2023-10-02,1,General Ward,100,51,15,10,3,25,51.84
2023-10-03,1,General Ward,100,50,13,13,3,23,50.63
2023-10-04,1,General Ward,100,41,16,16,3,23,41.71
2023-10-05,1,General Ward,100,49,12,24,4,25,49.57
2023-10-06,1,General Ward,100,54,7,18,3,27,54.57
2023-10-07,1,General Ward,100,43,14,12,2,21,43.37
2023-10-08,1,General Ward,100,47,17,9,5,26,47.83
2023-10-09,1,General Ward,100,50,14,9,4,23,50.52
2023-10-10,1,General Ward,100,49,15,11,5,24,49.47
2023-10-11,1,General Ward,100,41,19,15,2,22,41.4
2023-10-12,1,General Ward,100,51,13,8,3,29,51.16
2023-10-13,1,General Ward,100,50,15,13,4,24,50.2
2023-10-14,1,General Ward,100,36,26,13,5,23,36.49
2023-10-15,1,General Ward,100,38,19,12,3,27,38.69
2023-10-16,1,General Ward,100,55,15,23,3,23,55.64
2023-10-17,1,General Ward,100,57,19,8,4,27,57.36
2023-10-18,1,General Ward,100,49,15,21,3,26,49.81
2023-10-19,1,General Ward,100,47,22,18,3,23,47.07
2023-10-20,1,General Ward,100,47,17,15,5,28,47.51
2023-10-21,1,General Ward,100,45,12,22,3,28,45.98
2023-10-22,1,General Ward,100,36,15,14,3,25,36.52
2023-10-23,1,General Ward,100,47,13,17,5,21,47.59
2023-10-24,1,General Ward,100,55,15,11,3,25,55.1
2023-10-25,1,General Ward,100,50,15,9,4,26,50.57
2023-10-26,1,General Ward,100,58,14,13,3,26,58.1
2023-10-27,1,General Ward,100,57,15,16,4,24,57.18
2023-10-28,1,General Ward,100,39,14,11,4,21,39.76
2023-10-29,1,General Ward,100,30,17,15,4,26,30.0
2023-10-30,1,General Ward,100,46,17,12,3,22,46.88
2023-10-31,1,General Ward,100,48,11,10,4,24,48.98
2023-11-01,1,General Ward,100,61,26,10,2,27,61.96
2023-11-02,1,General Ward,100,59,20,10,4,26,59.08
2023-11-03,1,General Ward,100,71,14,12,4,27,71.07
2023-11-04,1,General Ward,100,40,12,16,3,21,40.07
2023-11-05,1,General Ward,100,41,15,18,3,25,41.08
2023-11-06,1,General Ward,100,59,16,15,4,23,59.36
2023-11-07,1,General Ward,100,55,11,18,3,28,55.05
2023-11-08,1,General Ward,100,55,15,16,2,27,55.13
2023-11-09,1,General Ward,100,54,14,17,2,27,54.79
2023-11-10,1,General Ward,100,61,20,11,3,26,61.69
2023-11-11,1,General Ward,100,37,11,15,5,25,37.77
2023-11-12,1,General Ward,100,47,13,13,4,21,47.22
2023-11-13,1,General Ward,100,55,9,24,1,26,55.06
2023-11-14,1,General Ward,100,64,13,17,3,23,64.08
2023-11-15,1,General Ward,100,67,10,19,4,27,67.53
2023-11-16,1,General Ward,100,60,15,11,4,22,60.92
2023-11-17,1,General Ward,100,50,13,17,4,25,50.02
2023-11-18,1,General Ward,100,38,19,18,2,26,38.65
2023-11-19,1,General Ward,100,39,14,12,4,23,39.87
2023-11-20,1,General Ward,100,55,10,19,4,29,55.17
2023-11-21,1,General Ward,100,59,15,9,5,26,59.06
2023-11-22,1,General Ward,100,58,17,13,3,27,58.07
2023-11-23,1,General Ward,100,52,13,16,2,24,52.27
2023-11-24,1,General Ward,100,47,11,20,2,25,47.53
2023-11-25,1,General Ward,100,36,16,9,4,22,36.4
2023-11-26,1,General Ward,100,50,8,25,4,22,50.1
2023-11-27,1,General Ward,100,57,14,13,3,25,57.72
2023-11-28,1,General Ward,100,58,18,17,5,27,58.49
2023-11-29,1,General Ward,100,62,17,18,4,29,62.78
2023-11-30,1,General Ward,100,57,16,14,3,28,57.21
2023-12-01,1,General Ward,100,64,12,23,4,25,64.23
2023-12-02,1,General Ward,100,47,17,14,3,26,47.65
2023-12-03,1,General Ward,100,48,14,11,4,23,48.16
2023-12-04,1,General Ward,100,64,21,16,3,26,64.16
2023-12-05,1,General Ward,100,61,19,14,3,30,61.52
2023-12-06,1,General Ward,100,65,12,15,3,27,65.33
2023-12-07,1,General Ward,100,67,12,13,4,25,67.77
2023-12-08,1,General Ward,100,61,12,11,3,26,61.11
2023-12-09,1,General Ward,100,47,13,9,4,23,47.53
2023-12-10,1,General Ward,100,49,10,20,5,24,49.4
2023-12-11,1,General Ward,100,62,20,14,3,26,62.74
2023-12-12,1,General Ward,100,69,14,16,4,25,69.43
2023-12-13,1,General Ward,100,66,16,19,3,25,66.67
2023-12-14,1,General Ward,100,70,10,18,3,25,70.89
2023-12-15,1,General Ward,100,65,17,18,4,29,65.67
2023-12-16,1,General Ward,100,56,11,16,2,28,56.3
2023-12-17,1,General Ward,100,44,10,17,2,25,44.3
2023-12-18,1,General Ward,100,56,28,12,3,23,56.37
2023-12-19,1,General Ward,100,60,17,11,3,24,60.7
2023-12-20,1,General Ward,100,54,15,16,4,21,54.54
2023-12-21,1,General Ward,100,65,14,9,5,22,65.92
2023-12-22,1,General Ward,100,59,13,13,3,27,59.17
2023-12-23,1,General Ward,100,53,19,16,4,24,53.85
2023-12-24,1,General Ward,100,52,20,17,1,27,52.15
2023-12-25,1,General Ward,100,64,13,15,3,27,64.25
2023-12-26,1,General Ward,100,54,9,23,5,24,54.61
2023-12-27,1,General Ward,100,66,15,16,4,25,66.9
2023-12-28,1,General Ward,100,60,14,19,3,26,60.91
2023-12-29,1,General Ward,100,58,14,13,3,26,58.12
2023-12-30,1,General Ward,100,53,12,14,4,23,53.72
2023-12-31,1,General Ward,100,46,9,12,3,22,46.99
2019-01-01,1,ICU,30,24,4,4,7,17,82.88
2019-01-02,1,ICU,30,25,7,5,5,17,85.89
2019-01-03,1,ICU,30,27,8,1,4,17,90.81
2019-01-04,1,ICU,30,25,3,2,6,13,86.15
2019-01-05,1,ICU,30,20,6,6,5,15,69.62
2019-01-06,1,ICU,30,20,1,4,5,14,66.85
2019-01-07,1,ICU,30,25,7,3,4,17,85.69
2019-01-08,1,ICU,30,27,3,4,3,18,91.05
2019-01-09,1,ICU,30,25,2,4,5,17,84.06
2019-01-10,1,ICU,30,28,5,3,4,15,95.0
2019-01-11,1,ICU,30,26,5,7,4,19,87.3
2019-01-12,1,ICU,30,24,7,3,5,19,82.53
2019-01-13,1,ICU,30,22,7,7,4,15,73.5
2019-01-14,1,ICU,30,22,1,4,3,18,76.46
2019-01-15,1,ICU,30,24,5,8,4,16,83.17
2019-01-16,1,ICU,30,28,7,3,3,13,93.68
2019-01-17,1,ICU,30,27,4,1,4,18,90.52
2019-01-18,1,ICU,30,25,4,7,4,17,86.1
2019-01-19,1,ICU,30,18,4,1,5,11,62.32
2019-01-20,1,ICU,30,18,3,3,5,17,61.47
2019-01-21,1,ICU,30,25,8,4,4,17,83.71
2019-01-22,1,ICU,30,24,5,2,4,17,81.95
2019-01-23,1,ICU,30,25,2,5,4,19,84.91
2019-01-24,1,ICU,30,25,4,3,4,14,85.63
2019-01-25,1,ICU,30,26,5,3,4,16,88.17
2019-01-26,1,ICU,30,23,4,5,5,17,76.72
2019-01-27,1,ICU,30,19,3,3,5,16,64.66
2019-01-28,1,ICU,30,25,4,5,5,16,86.39
2019-01-29,1,ICU,30,23,1,3,4,14,78.53
2019-01-30,1,ICU,30,26,4,3,7,19,87.08
2019-01-31,1,ICU,30,27,4,6,6,16,91.35
2019-02-01,1,ICU,30,25,7,7,6,15,84.78
2019-02-02,1,ICU,30,24,2,5,5,19,81.22
2019-02-03,1,ICU,30,22,2,3,5,14,75.04
2019-02-04,1,ICU,30,27,5,3,4,18,92.13
2019-02-05,1,ICU,30,27,4,1,7,21,90.99
2019-02-06,1,ICU,30,25,4,2,6,13,85.74
2019-02-07,1,ICU,30,28,3,6,6,17,95.0
2019-02-08,1,ICU,30,28,5,1,4,20,93.89
2019-02-09,1,ICU,30,20,2,6,4,14,69.26
2019-02-10,1,ICU,30,21,4,4,3,16,72.45
2019-02-11,1,ICU,30,28,3,2,3,19,94.9
2019-02-12,1,ICU,30,26,5,3,5,20,86.92
2019-02-13,1,ICU,30,26,5,7,4,15,88.44
2019-02-14,1,ICU,30,28,3,3,6,17,95.0
2019-02-15,1,ICU,30,28,3,4,6,22,95.0
2019-02-16,1,ICU,30,23,3,5,4,18,79.53
2019-02-17,1,ICU,30,24,5,4,5,19,80.51
2019-02-18,1,ICU,30,27,2,4,5,18,93.05
2019-02-19,1,ICU,30,28,7,1,4,15,94.49
2019-02-20,1,ICU,30,28,5,6,4,20,95.0
2019-02-21,1,ICU,30,25,4,3,4,20,86.56
2019-02-22,1,ICU,30,28,7,0,6,19,95.0
2019-02-23,1,ICU,30,21,5,2,5,17,72.56
2019-02-24,1,ICU,30,22,4,3,4,18,74.98
2019-02-25,1,ICU,30,24,2,5,6,17,81.6
2019-02-26,1,ICU,30,26,5,5,6,18,87.59
2019-02-27,1,ICU,30,26,6,6,6,17,88.43
2019-02-28,1,ICU,30,27,1,1,4,18,90.7
2019-03-01,1,ICU,30,27,1,6,3,17,90.22
2019-03-02,1,ICU,30,24,7,7,5,20,80.28
2019-03-03,1,ICU,30,24,8,7,3,17,82.31
2019-03-04,1,ICU,30,26,4,3,6,15,88.38
2019-03-05,1,ICU,30,28,4,7,5,16,94.46
2019-03-06,1,ICU,30,28,6,5,4,16,95.0
2019-03-07,1,ICU,30,28,6,2,3,17,95.0
2019-03-08,1,ICU,30,27,4,2,5,15,91.55
2019-03-09,1,ICU,30,25,2,2,2,16,85.33
2019-03-10,1,ICU,30,22,5,1,4,15,74.51
2019-03-11,1,ICU,30,28,4,3,4,16,95.0
2019-03-12,1,ICU,30,26,7,4,4,17,89.04
2019-03-13,1,ICU,30,26,4,5,4,17,89.54
2019-03-14,1,ICU,30,28,0,3,4,17,95.0
2019-03-15,1,ICU,30,28,5,8,4,15,95.0
2019-03-16,1,ICU,30,22,5,4,5,16,75.87
2019-03-17,1,ICU,30,22,7,6,4,14,73.58
2019-03-18,1,ICU,30,28,8,2,3,16,95.0
2019-03-19,1,ICU,30,26,3,3,5,14,87.09
2019-03-20,1,ICU,30,28,4,2,6,21,95.0
2019-03-21,1,ICU,30,27,6,7,4,18,91.58
2019-03-22,1,ICU,30,27,5,4,4,19,92.06
2019-03-23,1,ICU,30,21,4,3,5,16,70.63
2019-03-24,1,ICU,30,24,6,5,5,17,80.2
2019-03-25,1,ICU,30,27,7,7,6,16,92.72
2019-03-26,1,ICU,30,27,7,4,5,15,92.21
2019-03-27,1,ICU,30,26,5,6,3,17,88.76
2019-03-28,1,ICU,30,28,1,5,6,16,94.82
2019-03-29,1,ICU,30,26,6,2,4,15,88.26
2019-03-30,1,ICU,30,23,1,4,4,17,78.31
2019-03-31,1,ICU,30,25,5,4,4,19,83.79
2019-04-01,1,ICU,30,28,5,3,5,18,95.0
2019-04-02,1,ICU,30,28,2,4,5,14,93.77
2019-04-03,1,ICU,30,26,6,4,4,14,88.79
2019-04-04,1,ICU,30,28,5,5,5,17,94.61
2019-04-05,1,ICU,30,28,1,3,6,18,95.0
2019-04-06,1,ICU,30,24,6,4,6,17,82.26
2019-04-07,1,ICU,30,26,6,4,6,18,89.35
2019-04-08,1,ICU,30,25,5,2,5,19,84.81
2019-04-09,1,ICU,30,28,3,5,5,16,95.0
2019-04-10,1,ICU,30,28,1,7,5,16,95.0
2019-04-11,1,ICU,30,28,8,6,4,13,95.0
2019-04-12,1,ICU,30,27,1,3,5,16,91.95
2019-04-13,1,ICU,30,20,3,2,4,14,69.64
2019-04-14,1,ICU,30,23,2,2,4,18,77.28
2019-04-15,1,ICU,30,26,1,3,3,16,89.21
2019-04-16,1,ICU,30,26,3,5,3,18,89.18
2019-04-17,1,ICU,30,28,0,5,4,18,95.0
2019-04-18,1,ICU,30,28,5,6,6,20,95.0
2019-04-19,1,ICU,30,27,13,4,3,16,90.61
2019-04-20,1,ICU,30,21,3,5,5,16,70.73
2019-04-21,1,ICU,30,26,9,6,5,13,86.89
2019-04-22,1,ICU,30,24,8,6,4,15,82.05
2019-04-23,1,ICU,30,28,1,5,4,20,95.0
2019-04-24,1,ICU,30,25,5,3,4,10,85.79
2019-04-25,1,ICU,30,27,4,1,3,16,90.42
2019-04-26,1,ICU,30,27,5,2,4,26,90.94
2019-04-27,1,ICU,30,25,7,3,5,16,83.65
2019-04-28,1,ICU,30,22,4,8,5,14,73.93
2019-04-29,1,ICU,30,28,6,9,4,18,94.87
2019-04-30,1,ICU,30,27,4,4,5,14,91.21
2019-05-01,1,ICU,30,28,3,4,6,16,95.0
2019-05-02,1,ICU,30,24,9,5,4,17,82.05
2019-05-03,1,ICU,30,24,9,4,5,15,80.55
2019-05-04,1,ICU,30,22,4,5,5,14,76.16
2019-05-05,1,ICU,30,20,7,5,6,14,68.97
2019-05-06,1,ICU,30,26,8,6,6,18,87.19
2019-05-07,1,ICU,30,27,7,6,4,20,91.55
2019-05-08,1,ICU,30,26,3,4,5,20,89.11
2019-05-09,1,ICU,30,28,4,2,5,16,94.93
2019-05-10,1,ICU,30,26,4,5,4,16,87.87
2019-05-11,1,ICU,30,23,7,2,7,15,79.51
2019-05-12,1,ICU,30,23,3,2,6,15,77.01
2019-05-13,1,ICU,30,27,7,7,3,21,91.96
2019-05-14,1,ICU,30,28,5,4,3,21,95.0
2019-05-15,1,ICU,30,25,1,10,4,18,83.69
2019-05-16,1,ICU,30,26,5,5,5,18,89.96
2019-05-17,1,ICU,30,24,6,3,5,14,81.89
2019-05-18,1,ICU,30,20,2,3,4,15,69.61
2019-05-19,1,ICU,30,20,5,8,3,17,68.18
2019-05-20,1,ICU,30,28,3,2,3,16,95.0
2019-05-21,1,ICU,30,24,8,5,4,13,80.27
2019-05-22,1,ICU,30,26,5,2,6,19,89.47
2019-05-23,1,ICU,30,26,4,5,5,17,88.38
2019-05-24,1,ICU,30,28,3,0,5,13,95.0
2019-05-25,1,ICU,30,20,3,4,4,17,67.57
2019-05-26,1,ICU,30,20,6,6,6,15,69.85
2019-05-27,1,ICU,30,27,7,1,4,14,90.57
2019-05-28,1,ICU,30,25,5,2,5,21,85.21
2019-05-29,1,ICU,30,24,3,1,4,15,80.28
2019-05-30,1,ICU,30,25,4,3,5,17,84.07
2019-05-31,1,ICU,30,25,4,6,4,16,83.88
2019-06-01,1,ICU,30,19,5,3,6,19,65.31
2019-06-02,1,ICU,30,21,3,7,4,14,71.45
2019-06-03,1,ICU,30,24,4,3,6,19,82.39
2019-06-04,1,ICU,30,24,3,3,5,13,81.57
2019-06-05,1,ICU,30,24,1,5,5,17,83.1
2019-06-06,1,ICU,30,26,1,7,3,17,87.77
2019-06-07,1,ICU,30,23,5,5,3,15,78.06
2019-06-08,1,ICU,30,17,3,3,3,17,59.06
2019-06-09,1,ICU,30,17,5,1,5,14,59.4
2019-06-10,1,ICU,30,22,8,6,5,15,74.31
2019-06-11,1,ICU,30,23,4,4,5,16,79.19
2019-06-12,1,ICU,30,22,4,6,5,17,74.98
2019-06-13,1,ICU,30,26,4,4,5,19,87.2
2019-06-14,1,ICU,30,22,3,5,5,13,76.66
2019-06-15,1,ICU,30,17,9,6,5,16,59.21
2019-06-16,1,ICU,30,17,1,5,4,18,58.49
2019-06-17,1,ICU,30,22,5,3,3,16,76.64
2019-06-18,1,ICU,30,24,4,9,3,14,80.61
2019-06-19,1,ICU,30,21,4,7,5,14,72.68
2019-06-20,1,ICU,30,24,1,4,6,19,83.08
2019-06-21,1,ICU,30,23,5,6,4,19,78.65
2019-06-22,1,ICU,30,18,3,5,3,13,61.62
2019-06-23,1,ICU,30,20,8,5,3,11,66.79
2019-06-24,1,ICU,30,22,2,6,6,17,76.39
2019-06-25,1,ICU,30,24,5,1,5,18,82.85
2019-06-26,1,ICU,30,23,3,6,5,19,77.95
2019-06-27,1,ICU,30,25,6,6,4,20,85.62
2019-06-28,1,ICU,30,22,8,5,6,20,74.16
2019-06-29,1,ICU,30,19,5,1,4,15,64.09
2019-06-30,1,ICU,30,20,5,5,6,15,68.06
2019-07-01,1,ICU,30,22,9,10,5,13,74.64
2019-07-02,1,ICU,30,23,4,2,5,14,78.12
2019-07-03,1,ICU,30,20,2,3,6,16,67.31
2019-07-04,1,ICU,30,20,4,1,3,14,67.18
2019-07-05,1,ICU,30,22,6,3,5,20,74.67
2019-07-06,1,ICU,30,19,2,5,4,13,64.41
2019-07-07,1,ICU,30,18,6,4,5,15,63.09
2019-07-08,1,ICU,30,23,5,2,5,16,76.77
2019-07-09,1,ICU,30,21,6,12,3,14,71.32
2019-07-10,1,ICU,30,22,5,7,3,15,73.45
2019-07-11,1,ICU,30,22,1,7,4,15,76.16
2019-07-12,1,ICU,30,19,4,5,4,13,64.25
2019-07-13,1,ICU,30,16,7,5,5,15,54.46
2019-07-14,1,ICU,30,18,4,4,5,21,60.37
2019-07-15,1,ICU,30,21,4,5,4,18,70.86
2019-07-16,1,ICU,30,22,4,4,6,20,74.19
2019-07-17,1,ICU,30,23,2,3,6,18,77.98
2019-07-18,1,ICU,30,21,5,3,4,16,71.03
2019-07-19,1,ICU,30,23,4,2,4,18,79.93
2019-07-20,1,ICU,30,19,4,7,3,14,65.11
2019-07-21,1,ICU,30,18,4,2,5,15,60.27
2019-07-22,1,ICU,30,17,10,4,4,14,59.11
2019-07-23,1,ICU,30,21,2,6,4,17,71.55
2019-07-24,1,ICU,30,22,5,4,2,16,75.25
2019-07-25,1,ICU,30,19,5,5,4,17,64.89
2019-07-26,1,ICU,30,21,5,2,4,16,72.88
2019-07-27,1,ICU,30,17,1,4,4,11,59.74
2019-07-28,1,ICU,30,19,7,3,4,15,66.24
2019-07-29,1,ICU,30,21,5,4,5,19,71.17
2019-07-30,1,ICU,30,23,5,4,5,17,76.81
2019-07-31,1,ICU,30,19,4,5,5,14,65.93
2019-08-01,1,ICU,30,19,5,4,5,21,65.56
2019-08-02,1,ICU,30,17,5,1,4,12,59.55
2019-08-03,1,ICU,30,17,8,4,5,13,56.75
2019-08-04,1,ICU,30,17,4,2,6,12,59.75
2019-08-05,1,ICU,30,17,7,4,6,15,58.36
2019-08-06,1,ICU,30,19,2,4,3,16,65.5
2019-08-07,1,ICU,30,22,6,4,3,18,74.96
2019-08-08,1,ICU,30,18,4,2,6,12,62.37
2019-08-09,1,ICU,30,17,4,3,6,18,58.68
2019-08-10,1,ICU,30,13,3,5,4,16,44.54
2019-08-11,1,ICU,30,14,4,3,5,18,46.97
2019-08-12,1,ICU,30,20,5,4,3,12,67.62
2019-08-13,1,ICU,30,19,3,5,4,18,63.6
2019-08-14,1,ICU,30,20,4,6,4,20,68.72
2019-08-15,1,ICU,30,21,6,3,3,17,72.16
2019-08-16,1,ICU,30,20,2,2,6,16,66.98
2019-08-17,1,ICU,30,12,5,4,5,14,43.28
2019-08-18,1,ICU,30,17,7,6,4,16,59.46
2019-08-19,1,ICU,30,20,13,7,4,15,70.0
2019-08-20,1,ICU,30,21,2,5,4,14,71.11
2019-08-21,1,ICU,30,19,6,7,5,16,63.77
2019-08-22,1,ICU,30,20,5,6,6,15,68.44
2019-08-23,1,ICU,30,22,3,3,3,15,73.74
2019-08-24,1,ICU,30,15,8,2,4,16,51.03
2019-08-25,1,ICU,30,15,2,6,5,11,52.32
2019-08-26,1,ICU,30,17,2,4,3,16,59.45
2019-08-27,1,ICU,30,18,4,11,3,15,61.35
2019-08-28,1,ICU,30,19,4,5,5,15,63.42
2019-08-29,1,ICU,30,19,0,4,4,14,65.86
2019-08-30,1,ICU,30,19,14,6,5,14,66.04
2019-08-31,1,ICU,30,19,6,3,6,16,64.1
2019-09-01,1,ICU,30,14,3,3,4,11,48.84
2019-09-02,1,ICU,30,19,2,7,4,11,64.89
2019-09-03,1,ICU,30,15,6,5,6,14,51.13
2019-09-04,1,ICU,30,18,3,6,2,14,63.12
2019-09-05,1,ICU,30,17,5,9,4,14,57.4
2019-09-06,1,ICU,30,20,2,2,5,15,67.15
2019-09-07,1,ICU,30,15,3,8,5,17,50.72
2019-09-08,1,ICU,30,17,2,7,5,17,56.97
2019-09-09,1,ICU,30,22,7,5,4,16,76.66
2019-09-10,1,ICU,30,18,1,2,5,15,62.37
2019-09-11,1,ICU,30,22,3,4,7,18,74.59
2019-09-12,1,ICU,30,19,5,7,4,16,66.54
2019-09-13,1,ICU,30,19,4,6,4,13,63.84
2019-09-14,1,ICU,30,15,7,3,3,18,51.3
2019-09-15,1,ICU,30,16,7,1,4,12,53.64
2019-09-16,1,ICU,30,19,5,4,4,15,64.77
2019-09-17,1,ICU,30,19,7,2,5,16,64.16
2019-09-18,1,ICU,30,18,5,5,4,16,60.4
2019-09-19,1,ICU,30,19,2,7,4,14,66.31
2019-09-20,1,ICU,30,21,3,4,6,13,73.08
2019-09-21,1,ICU,30,16,4,4,4,17,54.2
2019-09-22,1,ICU,30,15,4,1,5,16,51.2
2019-09-23,1,ICU,30,18,4,0,3,15,60.68
2019-09-24,1,ICU,30,17,4,5,5,16,56.93
2019-09-25,1,ICU,30,20,6,4,4,13,67.64
2019-09-26,1,ICU,30,21,4,5,4,13,71.19
2019-09-27,1,ICU,30,22,3,5,6,15,73.63
2019-09-28,1,ICU,30,15,7,3,3,15,51.13
2019-09-29,1,ICU,30,15,3,4,5,17,51.24
2019-09-30,1,ICU,30,19,5,3,2,15,64.94
2019-10-01,1,ICU,30,19,10,5,6,18,63.48
2019-10-02,1,ICU,30,21,2,5,4,14,71.8
2019-10-03,1,ICU,30,22,3,6,3,15,74.03
2019-10-04,1,ICU,30,18,2,3,6,18,61.42
2019-10-05,1,ICU,30,15,1,4,5,16,50.82
2019-10-06,1,ICU,30,14,4,3,6,17,48.66
2019-10-07,1,ICU,30,20,2,2,5,12,68.57
2019-10-08,1,ICU,30,17,2,4,5,15,58.9
2019-10-09,1,ICU,30,20,7,6,4,16,69.66
2019-10-10,1,ICU,30,20,4,6,4,19,69.38
2019-10-11,1,ICU,30,21,4,4,6,17,71.15
2019-10-12,1,ICU,30,15,5,5,4,16,52.83
2019-10-13,1,ICU,30,15,5,6,5,13,52.17
2019-10-14,1,ICU,30,22,5,7,4,16,75.41
2019-10-15,1,ICU,30,21,3,4,4,15,70.81
2019-10-16,1,ICU,30,20,2,6,5,15,67.51
2019-10-17,1,ICU,30,19,3,8,5,15,66.54
2019-10-18,1,ICU,30,17,3,8,6,15,58.35
2019-10-19,1,ICU,30,14,5,6,4,16,49.08
2019-10-20,1,ICU,30,17,5,2,4,11,57.06
2019-10-21,1,ICU,30,20,4,2,5,16,68.73
2019-10-22,1,ICU,30,20,2,2,5,17,69.77
2019-10-23,1,ICU,30,20,5,2,4,16,68.93
2019-10-24,1,ICU,30,18,6,4,4,14,63.02
2019-10-25,1,ICU,30,22,2,6,4,16,74.17
2019-10-26,1,ICU,30,15,1,3,5,13,50.84
2019-10-27,1,ICU,30,15,6,3,4,16,50.35
2019-10-28,1,ICU,30,19,4,2,4,15,66.59
2019-10-29,1,ICU,30,17,1,5,2,16,59.69
2019-10-30,1,ICU,30,18,4,6,6,12,61.67
2019-10-31,1,ICU,30,20,5,2,6,18,66.96
2019-11-01,1,ICU,30,21,1,7,6,17,71.34
2019-11-02,1,ICU,30,18,3,6,6,18,60.48
2019-11-03,1,ICU,30,17,8,0,5,15,57.47
2019-11-04,1,ICU,30,23,1,2,6,18,79.12
2019-11-05,1,ICU,30,21,2,4,5,15,73.05
2019-11-06,1,ICU,30,22,4,5,6,14,73.76
2019-11-07,1,ICU,30,20,2,1,3,11,69.56
2019-11-08,1,ICU,30,22,5,4,5,17,73.39
2019-11-09,1,ICU,30,18,7,5,6,15,62.23
2019-11-10,1,ICU,30,17,5,6,5,14,58.21
2019-11-11,1,ICU,30,21,2,5,4,16,71.5
2019-11-12,1,ICU,30,22,7,4,5,14,73.71
2019-11-13,1,ICU,30,21,2,6,5,16,70.03
2019-11-14,1,ICU,30,21,2,4,4,17,70.72
2019-11-15,1,ICU,30,23,6,4,3,14,78.9
2019-11-16,1,ICU,30,18,7,2,5,12,60.19
2019-11-17,1,ICU,30,17,4,6,4,17,56.8
2019-11-18,1,ICU,30,24,1,3,5,18,80.7
2019-11-19,1,ICU,30,19,3,6,5,15,65.09
2019-11-20,1,ICU,30,23,5,4,5,18,77.89
2019-11-21,1,ICU,30,20,4,6,4,14,66.78
2019-11-22,1,ICU,30,24,5,7,4,14,81.49
2019-11-23,1,ICU,30,15,2,6,5,16,51.6
2019-11-24,1,ICU,30,15,4,5,4,14,51.0
2019-11-25,1,ICU,30,22,4,5,3,14,75.56
2019-11-26,1,ICU,30,22,4,4,5,15,74.88
2019-11-27,1,ICU,30,18,4,4,6,16,62.86
2019-11-28,1,ICU,30,21,3,4,6,13,71.03
2019-11-29,1,ICU,30,20,3,3,4,13,69.2
2019-11-30,1,ICU,30,19,4,7,6,14,63.71
2019-12-01,1,ICU,30,19,3,5,4,15,64.03
2019-12-02,1,ICU,30,24,1,9,4,18,80.91
2019-12-03,1,ICU,30,24,2,5,5,15,80.37
2019-12-04,1,ICU,30,21,5,7,5,16,71.29
2019-12-05,1,ICU,30,23,6,3,3,16,76.74
2019-12-06,1,ICU,30,24,4,1,5,20,81.39
2019-12-07,1,ICU,30,18,4,1,7,15,62.86
2019-12-08,1,ICU,30,22,4,4,4,18,75.15
2019-12-09,1,ICU,30,24,5,2,4,16,82.47
2019-12-10,1,ICU,30,23,3,5,4,16,78.96
2019-12-11,1,ICU,30,24,6,4,3,19,82.21
2019-12-12,1,ICU,30,22,2,1,4,16,73.75
2019-12-13,1,ICU,30,23,8,11,4,20,78.58
2019-12-14,1,ICU,30,21,5,4,4,14,72.21
2019-12-15,1,ICU,30,18,1,3,5,11,62.35
2019-12-16,1,ICU,30,25,3,4,6,12,85.7
2019-12-17,1,ICU,30,25,3,8,6,22,83.95
2019-12-18,1,ICU,30,24,4,3,7,14,81.33
2019-12-19,1,ICU,30,24,6,7,4,14,81.03
2019-12-20,1,ICU,30,24,4,7,3,17,80.5
2019-12-21,1,ICU,30,19,5,2,5,18,65.62
2019-12-22,1,ICU,30,16,4,2,4,20,55.79
2019-12-23,1,ICU,30,24,5,3,5,17,82.24
2019-12-24,1,ICU,30,25,4,3,5,18,84.49
2019-12-25,1,ICU,30,25,3,4,4,19,84.16
2019-12-26,1,ICU,30,24,4,3,5,14,82.63
2019-12-27,1,ICU,30,22,4,8,3,17,76.56
2019-12-28,1,ICU,30,19,5,1,4,17,66.64
2019-12-29,1,ICU,30,21,6,5,6,13,71.36
2019-12-30,1,ICU,30,24,8,7,4,16,82.17
2019-12-31,1,ICU,30,23,7,3,6,18,78.33
2020-01-01,1,ICU,30,28,3,4,4,18,95.0
2020-01-02,1,ICU,30,28,1,5,5,13,95.0
2020-01-03,1,ICU,30,28,6,3,3,19,95.0
2020-01-04,1,ICU,30,25,5,3,5,18,84.16
2020-01-05,1,ICU,30,25,6,9,5,18,84.77
2020-01-06,1,ICU,30,28,7,6,6,14,95.0
2020-01-07,1,ICU,30,28,2,1,4,15,95.0
2020-01-08,1,ICU,30,28,1,2,5,18,95.0
2020-01-09,1,ICU,30,28,6,2,4,16,95.0
2020-01-10,1,ICU,30,28,3,4,6,19,95.0
2020-01-11,1,ICU,30,28,5,4,4,16,95.0
2020-01-12,1,ICU,30,28,3,3,5,16,95.0
2020-01-13,1,ICU,30,28,4,3,5,15,95.0
2020-01-14,1,ICU,30,28,4,3,4,15,95.0
2020-01-15,1,ICU,30,28,2,4,4,19,95.0
2020-01-16,1,ICU,30,28,6,4,4,18,95.0
2020-01-17,1,ICU,30,28,3,5,4,15,95.0
2020-01-18,1,ICU,30,28,9,5,5,18,95.0
2020-01-19,1,ICU,30,28,4,5,5,16,93.99
2020-01-20,1,ICU,30,28,3,2,4,18,95.0
2020-01-21,1,ICU,30,28,5,1,5,17,95.0
2020-01-22,1,ICU,30,28,5,3,4,13,95.0
2020-01-23,1,ICU,30,28,7,7,4,15,95.0
2020-01-24,1,ICU,30,28,2,3,5,17,95.0
2020-01-25,1,ICU,30,28,1,4,7,17,95.0
2020-01-26,1,ICU,30,28,5,3,5,14,94.56
2020-01-27,1,ICU,30,28,10,6,5,16,95.0
2020-01-28,1,ICU,30,28,1,6,5,18,95.0
2020-01-29,1,ICU,30,28,8,5,5,18,95.0
2020-01-30,1,ICU,30,28,4,5,4,20,95.0
2020-01-31,1,ICU,30,28,2,6,3,15,95.0
2020-02-01,1,ICU,30,28,0,4,6,18,95.0
2020-02-02,1,ICU,30,28,8,5,5,18,95.0
2020-02-03,1,ICU,30,28,5,5,4,19,95.0
2020-02-04,1,ICU,30,28,8,2,5,17,95.0
2020-02-05,1,ICU,30,28,3,2,4,15,95.0
2020-02-06,1,ICU,30,28,1,2,6,19,95.0
2020-02-07,1,ICU,30,28,4,4,4,20,95.0
2020-02-08,1,ICU,30,28,6,10,4,18,95.0
2020-02-09,1,ICU,30,26,9,3,4,18,89.25
2020-02-10,1,ICU,30,28,7,3,5,17,95.0
2020-02-11,1,ICU,30,28,7,5,4,14,95.0
2020-02-12,1,ICU,30,28,2,6,3,16,95.0
2020-02-13,1,ICU,30,28,2,2,7,17,95.0
2020-02-14,1,ICU,30,28,6,5,5,13,95.0
2020-02-15,1,ICU,30,27,2,4,3,17,92.22
2020-02-16,1,ICU,30,28,6,3,5,16,95.0
2020-02-17,1,ICU,30,28,6,3,6,14,95.0
2020-02-18,1,ICU,30,28,8,5,4,17,95.0
2020-02-19,1,ICU,30,28,5,5,5,17,95.0
2020-02-20,1,ICU,30,28,5,3,5,15,95.0
2020-02-21,1,ICU,30,28,3,2,4,15,95.0
2020-02-22,1,ICU,30,27,9,3,6,19,93.17
2020-02-23,1,ICU,30,28,9,2,4,19,94.32
2020-02-24,1,ICU,30,28,4,8,6,12,95.0
2020-02-25,1,ICU,30,28,6,4,4,17,95.0
2020-02-26,1,ICU,30,28,2,6,4,17,95.0
2020-02-27,1,ICU,30,28,3,5,6,17,95.0
2020-02-28,1,ICU,30,28,7,7,3,19,95.0
2020-02-29,1,ICU,30,27,1,4,4,20,93.08
2020-03-01,1,ICU,30,28,3,1,5,18,95.0
2020-03-02,1,ICU,30,28,4,5,4,19,95.0
2020-03-03,1,ICU,30,28,5,4,5,18,95.0
2020-03-04,1,ICU,30,28,4,7,6,18,95.0
2020-03-05,1,ICU,30,28,6,3,4,17,95.0
2020-03-06,1,ICU,30,28,4,3,5,20,95.0
2020-03-07,1,ICU,30,27,4,6,4,18,92.45
2020-03-08,1,ICU,30,28,5,6,5,19,95.0
2020-03-09,1,ICU,30,28,5,4,3,15,95.0
2020-03-10,1,ICU,30,28,3,4,4,16,95.0
2020-03-11,1,ICU,30,28,3,0,5,20,95.0
2020-03-12,1,ICU,30,28,5,3,3,17,95.0
2020-03-13,1,ICU,30,28,6,6,5,15,95.0
2020-03-14,1,ICU,30,28,6,3,5,14,95.0
2020-03-15,1,ICU,30,28,2,6,5,18,95.0
2020-03-16,1,ICU,30,28,8,6,2,14,95.0
2020-03-17,1,ICU,30,28,1,4,6,21,95.0
2020-03-18,1,ICU,30,28,6,3,6,17,95.0
2020-03-19,1,ICU,30,28,4,0,6,16,95.0
2020-03-20,1,ICU,30,28,3,4,7,18,95.0
2020-03-21,1,ICU,30,28,3,7,6,18,95.0
2020-03-22,1,ICU,30,28,4,1,3,16,95.0
2020-03-23,1,ICU,30,28,3,4,5,14,95.0
2020-03-24,1,ICU,30,28,7,4,3,19,95.0
2020-03-25,1,ICU,30,28,2,7,5,14,95.0
2020-03-26,1,ICU,30,28,3,5,5,21,95.0
2020-03-27,1,ICU,30,28,2,1,5,21,95.0
2020-03-28,1,ICU,30,28,4,4,5,21,95.0
2020-03-29,1,ICU,30,28,1,3,5,16,95.0
2020-03-30,1,ICU,30,28,4,3,5,22,95.0
2020-03-31,1,ICU,30,28,2,5,6,18,95.0
2020-04-01,1,ICU,30,28,8,2,4,16,95.0
2020-04-02,1,ICU,30,28,2,7,4,17,95.0
2020-04-03,1,ICU,30,28,2,7,5,16,95.0
2020-04-04,1,ICU,30,24,4,5,4,14,82.8
2020-04-05,1,ICU,30,28,7,4,5,19,95.0
2020-04-06,1,ICU,30,28,3,5,4,21,95.0
2020-04-07,1,ICU,30,28,2,2,4,18,95.0
2020-04-08,1,ICU,30,28,3,3,4,17,95.0
2020-04-09,1,ICU,30,28,5,4,4,19,95.0
2020-04-10,1,ICU,30,28,7,4,5,17,95.0
2020-04-11,1,ICU,30,28,10,4,3,16,95.0
2020-04-12,1,ICU,30,26,9,6,4,16,87.6
2020-04-13,1,ICU,30,28,5,6,5,18,95.0
2020-04-14,1,ICU,30,28,5,8,3,16,95.0
2020-04-15,1,ICU,30,28,4,4,5,15,95.0
2020-04-16,1,ICU,30,28,2,2,5,15,95.0
2020-04-17,1,ICU,30,28,5,2,5,17,95.0
2020-04-18,1,ICU,30,28,7,6,3,17,95.0
2020-04-19,1,ICU,30,28,2,4,4,21,93.47
2020-04-20,1,ICU,30,28,1,4,5,20,95.0
2020-04-21,1,ICU,30,28,6,6,5,18,95.0
2020-04-22,1,ICU,30,28,3,4,5,17,95.0
2020-04-23,1,ICU,30,28,1,3,3,17,95.0
2020-04-24,1,ICU,30,28,3,5,4,16,95.0
2020-04-25,1,ICU,30,28,5,4,6,19,95.0
2020-04-26,1,ICU,30,28,3,5,5,16,95.0
2020-04-27,1,ICU,30,28,4,8,5,15,95.0
2020-04-28,1,ICU,30,28,7,7,5,15,95.0
2020-04-29,1,ICU,30,28,8,6,6,18,95.0
2020-04-30,1,ICU,30,28,1,4,6,16,95.0
2020-05-01,1,ICU,30,28,6,3,5,17,95.0
2020-05-02,1,ICU,30,28,4,1,4,19,95.0
2020-05-03,1,ICU,30,28,7,3,5,19,95.0
2020-05-04,1,ICU,30,28,5,5,4,19,95.0
2020-05-05,1,ICU,30,28,4,6,6,17,95.0
2020-05-06,1,ICU,30,28,9,2,4,19,95.0
2020-05-07,1,ICU,30,28,6,3,2,16,95.0
2020-05-08,1,ICU,30,28,4,7,6,17,95.0
2020-05-09,1,ICU,30,27,8,7,4,15,91.51
2020-05-10,1,ICU,30,27,4,2,2,16,92.02
2020-05-11,1,ICU,30,28,4,2,5,16,95.0
2020-05-12,1,ICU,30,28,8,2,5,16,95.0
2020-05-13,1,ICU,30,28,7,2,5,17,95.0
2020-05-14,1,ICU,30,28,2,7,4,15,95.0
2020-05-15,1,ICU,30,28,2,3,5,14,95.0
2020-05-16,1,ICU,30,27,3,7,3,20,92.05
2020-05-17,1,ICU,30,28,7,0,4,18,95.0
2020-05-18,1,ICU,30,28,4,5,3,17,93.54
2020-05-19,1,ICU,30,28,2,0,5,18,95.0
2020-05-20,1,ICU,30,28,5,4,4,17,95.0
2020-05-21,1,ICU,30,28,3,4,3,21,95.0
2020-05-22,1,ICU,30,28,11,2,6,16,95.0
2020-05-23,1,ICU,30,28,4,3,6,16,95.0
2020-05-24,1,ICU,30,26,5,2,3,14,89.84
2020-05-25,1,ICU,30,28,2,3,4,16,95.0
2020-05-26,1,ICU,30,28,4,4,6,17,95.0
2020-05-27,1,ICU,30,28,9,3,4,20,95.0
2020-05-28,1,ICU,30,28,2,4,5,15,95.0
2020-05-29,1,ICU,30,28,2,4,6,20,95.0
2020-05-30,1,ICU,30,28,3,4,5,17,95.0
2020-05-31,1,ICU,30,25,4,1,5,15,84.6
2020-06-01,1,ICU,30,28,3,9,7,17,95.0
2020-06-02,1,ICU,30,28,7,2,5,19,95.0
2020-06-03,1,ICU,30,28,1,5,5,15,95.0
2020-06-04,1,ICU,30,28,6,6,5,17,94.89
2020-06-05,1,ICU,30,28,5,6,5,16,95.0
2020-06-06,1,ICU,30,25,4,4,5,16,83.88
2020-06-07,1,ICU,30,27,12,5,5,16,90.99
2020-06-08,1,ICU,30,28,8,3,4,18,95.0
2020-06-09,1,ICU,30,28,3,2,5,16,95.0
2020-06-10,1,ICU,30,27,3,2,3,16,91.9
2020-06-11,1,ICU,30,28,5,1,4,17,95.0
2020-06-12,1,ICU,30,26,2,4,5,20,89.99
2020-06-13,1,ICU,30,25,1,3,4,15,83.67
2020-06-14,1,ICU,30,22,3,8,5,20,76.27
2020-06-15,1,ICU,30,28,8,2,5,14,95.0
2020-06-16,1,ICU,30,28,6,4,4,17,95.0
2020-06-17,1,ICU,30,28,6,4,4,18,95.0
2020-06-18,1,ICU,30,28,7,3,5,17,95.0
2020-06-19,1,ICU,30,28,11,4,4,18,95.0
2020-06-20,1,ICU,30,26,2,3,3,17,87.19
2020-06-21,1,ICU,30,23,5,2,4,16,79.59
2020-06-22,1,ICU,30,28,5,1,5,16,95.0
2020-06-23,1,ICU,30,28,4,3,4,19,95.0
2020-06-24,1,ICU,30,28,4,5,3,19,95.0
2020-06-25,1,ICU,30,28,7,1,4,12,95.0
2020-06-26,1,ICU,30,28,3,5,4,17,95.0
2020-06-27,1,ICU,30,27,4,2,5,15,93.15
2020-06-28,1,ICU,30,26,6,2,2,19,88.84
2020-06-29,1,ICU,30,28,5,5,3,15,95.0
2020-06-30,1,ICU,30,28,3,3,5,16,95.0
2020-07-01,1,ICU,30,27,3,6,6,16,92.71
2020-07-02,1,ICU,30,27,4,4,6,18,91.36
2020-07-03,1,ICU,30,26,4,3,3,17,87.83
2020-07-04,1,ICU,30,23,9,8,5,18,78.11
2020-07-05,1,ICU,30,22,6,6,5,18,76.63
2020-07-06,1,ICU,30,27,2,3,5,21,90.51
2020-07-07,1,ICU,30,27,6,4,5,20,91.18
2020-07-08,1,ICU,30,28,3,0,4,17,95.0
2020-07-09,1,ICU,30,27,3,1,4,19,92.55
2020-07-10,1,ICU,30,27,3,2,4,16,90.24
2020-07-11,1,ICU,30,24,5,5,5,17,82.46
2020-07-12,1,ICU,30,23,2,3,5,19,77.31
2020-07-13,1,ICU,30,27,6,4,4,14,92.15
2020-07-14,1,ICU,30,27,3,2,5,17,90.28
2020-07-15,1,ICU,30,26,7,1,4,18,89.08
2020-07-16,1,ICU,30,25,8,3,4,18,86.54
2020-07-17,1,ICU,30,28,1,4,4,16,95.0
2020-07-18,1,ICU,30,24,9,3,5,18,82.83
2020-07-19,1,ICU,30,23,4,4,5,14,79.23
2020-07-20,1,ICU,30,26,8,4,5,18,88.88
2020-07-21,1,ICU,30,28,7,5,4,20,95.0
2020-07-22,1,ICU,30,28,5,6,6,16,94.86
2020-07-23,1,ICU,30,25,4,8,3,14,85.77
2020-07-24,1,ICU,30,27,4,6,6,15,93.2
2020-07-25,1,ICU,30,21,1,6,4,18,72.76
2020-07-26,1,ICU,30,23,9,6,4,16,78.98
2020-07-27,1,ICU,30,27,5,2,5,15,90.19
2020-07-28,1,ICU,30,28,3,6,6,17,95.0
2020-07-29,1,ICU,30,27,6,5,4,18,92.22
2020-07-30,1,ICU,30,28,7,5,3,15,95.0
2020-07-31,1,ICU,30,27,5,6,2,12,92.29
2020-08-01,1,ICU,30,24,2,4,4,17,80.54
2020-08-02,1,ICU,30,19,5,3,6,14,66.27
2020-08-03,1,ICU,30,23,4,6,6,17,79.01
2020-08-04,1,ICU,30,25,7,4,5,18,83.9
2020-08-05,1,ICU,30,25,4,2,4,18,86.35
2020-08-06,1,ICU,30,25,5,4,4,18,85.99
2020-08-07,1,ICU,30,25,4,3,5,13,86.27
2020-08-08,1,ICU,30,21,5,3,5,13,72.18
2020-08-09,1,ICU,30,22,5,5,3,16,74.37
2020-08-10,1,ICU,30,24,6,1,7,16,83.19
2020-08-11,1,ICU,30,27,4,4,4,12,91.93
2020-08-12,1,ICU,30,26,4,6,5,18,87.31
2020-08-13,1,ICU,30,26,2,3,5,14,87.26
2020-08-14,1,ICU,30,25,2,3,4,17,84.44
2020-08-15,1,ICU,30,20,2,1,4,20,67.11
2020-08-16,1,ICU,30,22,6,7,5,15,75.72
2020-08-17,1,ICU,30,25,3,5,4,17,86.62
2020-08-18,1,ICU,30,28,3,6,5,17,95.0
2020-08-19,1,ICU,30,24,7,6,5,21,82.47
2020-08-20,1,ICU,30,26,2,4,5,13,87.75
2020-08-21,1,ICU,30,26,9,2,6,21,87.22
2020-08-22,1,ICU,30,21,4,1,4,17,71.53
2020-08-23,1,ICU,30,21,6,5,4,17,72.39
2020-08-24,1,ICU,30,25,2,3,6,13,84.77
2020-08-25,1,ICU,30,25,1,4,5,14,84.15
2020-08-26,1,ICU,30,26,9,5,4,15,88.99
2020-08-27,1,ICU,30,25,3,4,5,15,84.52
2020-08-28,1,ICU,30,26,6,9,4,18,86.76
2020-08-29,1,ICU,30,22,5,2,3,17,75.38
2020-08-30,1,ICU,30,25,4,6,5,17,83.69
2020-08-31,1,ICU,30,24,5,6,5,18,82.58
2020-09-01,1,ICU,30,24,4,2,5,14,83.32
2020-09-02,1,ICU,30,23,4,5,5,13,77.86
2020-09-03,1,ICU,30,25,3,4,4,16,85.57
2020-09-04,1,ICU,30,25,4,4,4,18,83.6
2020-09-05,1,ICU,30,20,2,1,4,16,68.46
2020-09-06,1,ICU,30,22,13,6,6,19,74.04
2020-09-07,1,ICU,30,25,3,3,4,19,86.29
2020-09-08,1,ICU,30,27,2,5,4,12,91.54
2020-09-09,1,ICU,30,27,3,5,5,19,91.68
2020-09-10,1,ICU,30,26,2,4,2,15,89.91
2020-09-11,1,ICU,30,23,6,5,5,18,79.68
2020-09-12,1,ICU,30,18,5,2,5,14,61.48
2020-09-13,1,ICU,30,21,4,9,4,15,72.75
2020-09-14,1,ICU,30,26,8,4,4,15,87.47
2020-09-15,1,ICU,30,25,5,4,6,17,84.75
2020-09-16,1,ICU,30,26,0,1,4,18,89.12
2020-09-17,1,ICU,30,27,4,2,5,16,90.15
2020-09-18,1,ICU,30,23,6,2,4,17,78.49
2020-09-19,1,ICU,30,21,4,2,4,13,71.47
2020-09-20,1,ICU,30,21,2,8,5,15,72.49
2020-09-21,1,ICU,30,26,6,6,4,14,86.7
2020-09-22,1,ICU,30,25,5,4,6,17,84.68
2020-09-23,1,ICU,30,24,6,8,5,11,80.89
2020-09-24,1,ICU,30,28,3,4,4,17,95.0
2020-09-25,1,ICU,30,25,4,4,5,13,85.8
2020-09-26,1,ICU,30,20,0,3,4,17,67.77
2020-09-27,1,ICU,30,22,7,5,7,16,74.07
2020-09-28,1,ICU,30,22,3,0,5,15,76.2
2020-09-29,1,ICU,30,25,6,0,5,18,85.2
2020-09-30,1,ICU,30,28,4,6,4,15,95.0
2020-10-01,1,ICU,30,25,7,3,5,17,86.64
2020-10-02,1,ICU,30,27,3,5,5,12,91.58
2020-10-03,1,ICU,30,20,9,5,4,16,69.91
2020-10-04,1,ICU,30,20,6,5,4,15,69.46
2020-10-05,1,ICU,30,27,7,3,5,17,90.96
2020-10-06,1,ICU,30,27,6,6,4,14,92.68
2020-10-07,1,ICU,30,22,5,3,6,15,76.53
2020-10-08,1,ICU,30,26,7,6,4,16,87.26
2020-10-09,1,ICU,30,24,8,5,3,19,81.92
2020-10-10,1,ICU,30,19,2,1,4,14,63.76
2020-10-11,1,ICU,30,22,4,6,4,16,75.77
2020-10-12,1,ICU,30,26,4,2,4,15,89.42
2020-10-13,1,ICU,30,25,8,3,3,18,85.04
2020-10-14,1,ICU,30,24,3,5,5,15,83.2
2020-10-15,1,ICU,30,22,3,5,3,17,76.06
2020-10-16,1,ICU,30,26,1,5,5,16,89.03
2020-10-17,1,ICU,30,21,8,5,5,16,71.3
2020-10-18,1,ICU,30,24,4,4,5,16,82.08
2020-10-19,1,ICU,30,25,5,1,4,16,86.09
2020-10-20,1,ICU,30,27,8,4,4,16,91.93
2020-10-21,1,ICU,30,25,5,6,4,19,86.49
2020-10-22,1,ICU,30,25,9,8,5,14,83.44
2020-10-23,1,ICU,30,26,5,1,4,20,89.69
2020-10-24,1,ICU,30,21,7,7,5,16,71.96
2020-10-25,1,ICU,30,20,4,4,4,17,69.45
2020-10-26,1,ICU,30,26,6,3,3,19,89.38
2020-10-27,1,ICU,30,26,5,3,4,16,89.71
2020-10-28,1,ICU,30,25,3,2,4,21,84.71
2020-10-29,1,ICU,30,28,2,3,5,17,93.4
2020-10-30,1,ICU,30,25,5,4,5,20,85.55
2020-10-31,1,ICU,30,22,5,3,5,22,75.23
2020-11-01,1,ICU,30,21,1,2,5,18,72.52
2020-11-02,1,ICU,30,28,6,4,6,16,93.52
2020-11-03,1,ICU,30,25,4,3,5,19,86.5
2020-11-04,1,ICU,30,27,3,4,5,20,92.86
2020-11-05,1,ICU,30,28,4,2,3,22,93.95
2020-11-06,1,ICU,30,27,8,5,5,18,91.04
2020-11-07,1,ICU,30,26,3,2,5,15,89.48
2020-11-08,1,ICU,30,22,4,4,4,18,74.56
2020-11-09,1,ICU,30,28,2,2,4,16,95.0
2020-11-10,1,ICU,30,27,9,4,5,18,91.39
2020-11-11,1,ICU,30,26,5,5,4,14,89.51
2020-11-12,1,ICU,30,27,1,4,6,18,92.42
2020-11-13,1,ICU,30,25,5,6,5,16,85.41
2020-11-14,1,ICU,30,22,3,5,5,16,73.63
2020-11-15,1,ICU,30,25,5,6,6,16,83.77
2020-11-16,1,ICU,30,26,8,2,4,17,89.46
2020-11-17,1,ICU,30,28,6,2,4,12,94.77
2020-11-18,1,ICU,30,26,3,4,5,20,88.61
2020-11-19,1,ICU,30,27,2,4,5,16,92.73
2020-11-20,1,ICU,30,26,3,3,6,16,87.41
2020-11-21,1,ICU,30,23,4,5,4,14,76.94
2020-11-22,1,ICU,30,21,13,2,4,17,73.22
2020-11-23,1,ICU,30,27,7,4,4,19,90.97
2020-11-24,1,ICU,30,28,4,7,4,18,95.0
2020-11-25,1,ICU,30,26,4,5,5,17,87.73
2020-11-26,1,ICU,30,28,3,3,5,19,95.0
2020-11-27,1,ICU,30,23,1,5,5,16,78.86
2020-11-28,1,ICU,30,22,5,1,4,14,76.08
2020-11-29,1,ICU,30,22,7,5,6,16,75.67
2020-11-30,1,ICU,30,28,8,5,5,15,94.54
2020-12-01,1,ICU,30,28,3,5,5,18,95.0
2020-12-02,1,ICU,30,28,5,2,5,18,95.0
2020-12-03,1,ICU,30,28,5,5,4,17,95.0
2020-12-04,1,ICU,30,27,5,4,6,16,93.32
2020-12-05,1,ICU,30,28,5,2,6,16,93.72
2020-12-06,1,ICU,30,22,4,4,3,15,75.05
2020-12-07,1,ICU,30,28,3,3,5,15,95.0
2020-12-08,1,ICU,30,28,2,8,4,18,93.81
2020-12-09,1,ICU,30,28,6,4,8,19,95.0
2020-12-10,1,ICU,30,28,5,3,3,19,95.0
2020-12-11,1,ICU,30,28,5,3,4,17,95.0
2020-12-12,1,ICU,30,24,2,5,5,18,80.1
2020-12-13,1,ICU,30,26,5,7,5,18,88.73
2020-12-14,1,ICU,30,28,6,5,5,17,95.0
2020-12-15,1,ICU,30,28,3,3,5,17,95.0
2020-12-16,1,ICU,30,28,9,8,6,20,95.0
2020-12-17,1,ICU,30,28,6,7,5,17,95.0
2020-12-18,1,ICU,30,28,5,3,4,16,95.0
2020-12-19,1,ICU,30,26,6,9,4,17,86.71
2020-12-20,1,ICU,30,25,4,4,3,19,84.97
2020-12-21,1,ICU,30,28,4,2,5,17,93.56
2020-12-22,1,ICU,30,28,4,3,5,17,95.0
2020-12-23,1,ICU,30,28,8,5,4,14,95.0
2020-12-24,1,ICU,30,28,6,3,6,14,95.0
2020-12-25,1,ICU,30,28,6,1,6,18,95.0
2020-12-26,1,ICU,30,26,2,6,4,17,89.14
2020-12-27,1,ICU,30,26,3,7,5,19,87.2
2020-12-28,1,ICU,30,28,7,4,5,17,95.0
2020-12-29,1,ICU,30,28,6,2,4,14,95.0
2020-12-30,1,ICU,30,27,4,6,6,16,93.23
2020-12-31,1,ICU,30,28,7,5,4,20,95.0
2021-01-01,1,ICU,30,28,6,6,5,15,95.0
2021-01-02,1,ICU,30,28,3,5,5,18,94.0
2021-01-03,1,ICU,30,27,2,6,6,17,91.94
2021-01-04,1,ICU,30,28,7,9,4,16,95.0
2021-01-05,1,ICU,30,28,7,3,4,19,95.0
2021-01-06,1,ICU,30,28,6,5,5,17,95.0
2021-01-07,1,ICU,30,28,4,4,2,20,95.0
2021-01-08,1,ICU,30,28,6,4,5,17,95.0
2021-01-09,1,ICU,30,27,1,8,5,15,90.2
2021-01-10,1,ICU,30,28,3,3,4,18,94.14
2021-01-11,1,ICU,30,28,1,1,5,16,95.0
2021-01-12,1,ICU,30,28,2,4,2,18,95.0
2021-01-13,1,ICU,30,28,3,2,5,20,95.0
2021-01-14,1,ICU,30,28,7,4,4,18,95.0
2021-01-15,1,ICU,30,28,2,4,4,17,95.0
2021-01-16,1,ICU,30,28,5,4,5,17,95.0
2021-01-17,1,ICU,30,28,2,5,5,18,95.0
2021-01-18,1,ICU,30,28,10,4,7,18,95.0
2021-01-19,1,ICU,30,28,0,2,7,19,95.0
2021-01-20,1,ICU,30,28,5,5,5,20,95.0
2021-01-21,1,ICU,30,28,9,1,4,18,95.0
2021-01-22,1,ICU,30,28,4,4,4,20,95.0
2021-01-23,1,ICU,30,28,7,7,5,17,95.0
2021-01-24,1,ICU,30,23,1,8,2,17,79.24
2021-01-25,1,ICU,30,28,2,5,4,17,95.0
2021-01-26,1,ICU,30,28,10,5,4,16,95.0
2021-01-27,1,ICU,30,28,3,3,5,17,95.0
2021-01-28,1,ICU,30,28,4,4,3,18,95.0
2021-01-29,1,ICU,30,28,4,4,5,17,95.0
2021-01-30,1,ICU,30,28,6,2,5,18,93.77
2021-01-31,1,ICU,30,28,3,7,5,18,94.04
2021-02-01,1,ICU,30,28,6,3,5,18,95.0
2021-02-02,1,ICU,30,28,2,1,5,20,95.0
2021-02-03,1,ICU,30,28,2,3,4,22,95.0
2021-02-04,1,ICU,30,28,6,6,4,15,95.0
2021-02-05,1,ICU,30,28,5,3,4,14,95.0
2021-02-06,1,ICU,30,28,5,4,4,14,95.0
2021-02-07,1,ICU,30,28,6,5,3,19,95.0
2021-02-08,1,ICU,30,28,3,5,3,16,95.0
2021-02-09,1,ICU,30,28,4,2,4,18,95.0
2021-02-10,1,ICU,30,28,4,8,4,17,95.0
2021-02-11,1,ICU,30,28,9,3,3,17,95.0
2021-02-12,1,ICU,30,28,3,12,4,18,95.0
2021-02-13,1,ICU,30,28,5,4,5,16,95.0
2021-02-14,1,ICU,30,28,7,7,5,15,95.0
2021-02-15,1,ICU,30,28,6,3,4,18,95.0
2021-02-16,1,ICU,30,28,3,4,4,17,95.0
2021-02-17,1,ICU,30,28,7,4,5,16,95.0
2021-02-18,1,ICU,30,28,5,2,5,18,95.0
2021-02-19,1,ICU,30,28,3,4,5,18,95.0
2021-02-20,1,ICU,30,28,5,2,3,17,95.0
2021-02-21,1,ICU,30,28,8,1,5,19,95.0
2021-02-22,1,ICU,30,28,2,5,3,18,95.0
2021-02-23,1,ICU,30,28,5,4,4,17,95.0
2021-02-24,1,ICU,30,28,1,8,4,17,95.0
2021-02-25,1,ICU,30,28,4,4,6,16,95.0
2021-02-26,1,ICU,30,28,4,6,5,15,95.0
2021-02-27,1,ICU,30,28,6,5,4,17,94.05
2021-02-28,1,ICU,30,28,6,5,4,18,95.0
2021-03-01,1,ICU,30,28,4,7,4,19,95.0
2021-03-02,1,ICU,30,28,4,8,1,16,95.0
2021-03-03,1,ICU,30,28,7,6,5,18,95.0
2021-03-04,1,ICU,30,28,5,4,3,19,95.0
2021-03-05,1,ICU,30,28,3,9,4,15,95.0
2021-03-06,1,ICU,30,28,2,5,5,14,95.0
2021-03-07,1,ICU,30,28,2,4,5,17,95.0
2021-03-08,1,ICU,30,28,1,5,3,17,95.0
2021-03-09,1,ICU,30,28,3,7,5,18,95.0
2021-03-10,1,ICU,30,28,9,3,6,16,95.0
2021-03-11,1,ICU,30,28,2,2,3,17,95.0
2021-03-12,1,ICU,30,28,1,5,5,19,95.0
2021-03-13,1,ICU,30,28,6,5,3,16,95.0
2021-03-14,1,ICU,30,28,5,2,3,18,95.0
2021-03-15,1,ICU,30,28,1,9,4,18,95.0
2021-03-16,1,ICU,30,28,6,3,6,18,95.0
2021-03-17,1,ICU,30,28,8,4,5,13,95.0
2021-03-18,1,ICU,30,28,6,5,5,16,95.0
2021-03-19,1,ICU,30,28,4,6,5,17,95.0
2021-03-20,1,ICU,30,28,11,4,5,18,95.0
2021-03-21,1,ICU,30,28,2,1,5,15,95.0
2021-03-22,1,ICU,30,28,3,4,5,17,95.0
2021-03-23,1,ICU,30,28,4,2,4,13,95.0
2021-03-24,1,ICU,30,28,8,6,6,17,95.0
2021-03-25,1,ICU,30,28,3,8,3,18,95.0
2021-03-26,1,ICU,30,28,2,5,6,18,95.0
2021-03-27,1,ICU,30,28,7,4,4,18,95.0
2021-03-28,1,ICU,30,28,3,2,4,17,95.0
2021-03-29,1,ICU,30,28,3,7,5,19,95.0
2021-03-30,1,ICU,30,28,3,1,4,16,95.0
2021-03-31,1,ICU,30,28,9,5,5,19,95.0
2021-04-01,1,ICU,30,28,6,6,3,21,95.0
2021-04-02,1,ICU,30,28,7,1,6,13,95.0
2021-04-03,1,ICU,30,28,7,7,6,16,94.99
2021-04-04,1,ICU,30,28,2,9,5,20,95.0
2021-04-05,1,ICU,30,28,5,2,6,18,95.0
2021-04-06,1,ICU,30,28,0,6,3,20,95.0
2021-04-07,1,ICU,30,28,5,2,5,18,95.0
2021-04-08,1,ICU,30,28,10,2,4,19,95.0
2021-04-09,1,ICU,30,28,8,1,5,15,95.0
2021-04-10,1,ICU,30,28,2,3,6,21,95.0
2021-04-11,1,ICU,30,28,8,3,3,16,95.0
2021-04-12,1,ICU,30,28,6,8,6,19,95.0
2021-04-13,1,ICU,30,28,6,1,5,16,95.0
2021-04-14,1,ICU,30,28,1,5,4,20,95.0
2021-04-15,1,ICU,30,28,8,4,5,14,95.0
2021-04-16,1,ICU,30,28,6,4,4,18,95.0
2021-04-17,1,ICU,30,27,2,8,5,16,91.21
2021-04-18,1,ICU,30,26,4,7,5,18,87.05
2021-04-19,1,ICU,30,28,6,6,4,21,95.0
2021-04-20,1,ICU,30,28,6,6,5,18,95.0
2021-04-21,1,ICU,30,28,7,0,5,15,95.0
2021-04-22,1,ICU,30,28,5,5,5,15,95.0
2021-04-23,1,ICU,30,28,3,1,6,18,95.0
2021-04-24,1,ICU,30,28,2,4,4,17,95.0
2021-04-25,1,ICU,30,28,3,6,3,16,95.0
2021-04-26,1,ICU,30,28,2,6,7,16,95.0
2021-04-27,1,ICU,30,28,6,2,5,16,95.0
2021-04-28,1,ICU,30,28,3,8,5,17,95.0
2021-04-29,1,ICU,30,28,3,6,4,13,95.0
2021-04-30,1,ICU,30,28,5,4,5,16,95.0
2021-05-01,1,ICU,30,26,7,3,3,20,86.88
2021-05-02,1,ICU,30,28,3,8,5,16,95.0
2021-05-03,1,ICU,30,28,3,3,4,19,95.0
2021-05-04,1,ICU,30,28,5,4,4,17,95.0
2021-05-05,1,ICU,30,28,2,3,4,16,95.0
2021-05-06,1,ICU,30,26,3,9,5,20,88.99
2021-05-07,1,ICU,30,28,4,3,7,17,95.0
2021-05-08,1,ICU,30,28,4,4,4,18,93.93
2021-05-09,1,ICU,30,26,7,3,4,17,89.1
2021-05-10,1,ICU,30,28,3,3,3,18,95.0
2021-05-11,1,ICU,30,28,3,7,4,15,95.0
2021-05-12,1,ICU,30,28,5,6,5,16,95.0
2021-05-13,1,ICU,30,28,7,6,5,18,95.0
2021-05-14,1,ICU,30,28,3,2,5,16,95.0
2021-05-15,1,ICU,30,28,5,6,4,21,94.84
2021-05-16,1,ICU,30,28,4,6,4,14,93.72
2021-05-17,1,ICU,30,28,4,5,4,19,95.0
2021-05-18,1,ICU,30,28,2,5,4,15,95.0
2021-05-19,1,ICU,30,28,4,4,4,20,95.0
2021-05-20,1,ICU,30,28,3,4,7,18,95.0
2021-05-21,1,ICU,30,28,4,2,5,20,95.0
2021-05-22,1,ICU,30,27,6,6,5,18,92.34
2021-05-23,1,ICU,30,26,2,7,4,16,89.41
2021-05-24,1,ICU,30,28,3,1,4,21,95.0
2021-05-25,1,ICU,30,28,10,3,5,17,95.0
2021-05-26,1,ICU,30,28,3,5,6,14,95.0
2021-05-27,1,ICU,30,28,4,4,3,16,95.0
2021-05-28,1,ICU,30,28,4,3,5,18,95.0
2021-05-29,1,ICU,30,28,7,4,4,20,95.0
2021-05-30,1,ICU,30,27,5,3,6,19,91.05
2021-05-31,1,ICU,30,28,5,2,4,13,95.0
2021-06-01,1,ICU,30,27,7,6,4,19,93.16
2021-06-02,1,ICU,30,28,5,8,4,19,95.0
2021-06-03,1,ICU,30,28,3,4,3,15,95.0
2021-06-04,1,ICU,30,28,4,7,5,14,95.0
2021-06-05,1,ICU,30,25,3,3,4,15,86.32
2021-06-06,1,ICU,30,27,8,4,3,15,90.45
2021-06-07,1,ICU,30,27,6,5,5,16,91.81
2021-06-08,1,ICU,30,28,3,4,5,16,95.0
2021-06-09,1,ICU,30,28,4,6,5,19,95.0
2021-06-10,1,ICU,30,28,3,1,4,14,95.0
2021-06-11,1,ICU,30,28,2,9,5,18,95.0
2021-06-12,1,ICU,30,25,3,3,5,14,85.54
2021-06-13,1,ICU,30,25,4,2,4,14,83.94
2021-06-14,1,ICU,30,28,3,4,3,18,95.0
2021-06-15,1,ICU,30,28,7,3,3,19,95.0
2021-06-16,1,ICU,30,28,7,8,4,17,95.0
2021-06-17,1,ICU,30,28,6,7,3,17,94.54
2021-06-18,1,ICU,30,28,5,3,4,17,95.0
2021-06-19,1,ICU,30,24,2,12,5,17,81.7
2021-06-20,1,ICU,30,26,4,3,4,20,87.44
2021-06-21,1,ICU,30,28,6,7,3,15,95.0
2021-06-22,1,ICU,30,28,3,5,4,16,95.0
2021-06-23,1,ICU,30,28,8,8,6,17,93.68
2021-06-24,1,ICU,30,27,7,2,4,17,91.8
2021-06-25,1,ICU,30,28,4,6,4,18,95.0
2021-06-26,1,ICU,30,25,4,2,6,14,84.32
2021-06-27,1,ICU,30,22,4,3,5,15,74.87
2021-06-28,1,ICU,30,28,5,2,6,15,95.0
2021-06-29,1,ICU,30,28,4,6,3,14,95.0
2021-06-30,1,ICU,30,28,7,8,5,18,95.0
2021-07-01,1,ICU,30,27,5,4,5,12,91.81
2021-07-02,1,ICU,30,26,4,5,5,16,88.32
2021-07-03,1,ICU,30,19,8,1,6,14,66.2
2021-07-04,1,ICU,30,22,5,2,7,13,73.89
2021-07-05,1,ICU,30,28,2,2,5,12,95.0
2021-07-06,1,ICU,30,28,2,3,4,18,95.0
2021-07-07,1,ICU,30,28,2,3,6,19,94.13
2021-07-08,1,ICU,30,28,2,2,5,19,95.0
2021-07-09,1,ICU,30,26,5,5,4,20,89.37
2021-07-10,1,ICU,30,21,10,2,3,19,72.79
2021-07-11,1,ICU,30,23,1,7,4,16,79.92
2021-07-12,1,ICU,30,27,4,6,5,18,91.4
2021-07-13,1,ICU,30,28,1,4,4,21,94.96
2021-07-14,1,ICU,30,27,3,3,5,19,92.74
2021-07-15,1,ICU,30,26,5,6,6,19,89.3
2021-07-16,1,ICU,30,28,2,6,4,16,95.0
2021-07-17,1,ICU,30,21,3,2,3,15,73.23
2021-07-18,1,ICU,30,22,2,4,5,16,73.6
2021-07-19,1,ICU,30,28,4,6,4,16,95.0
2021-07-20,1,ICU,30,26,5,8,4,14,89.99
2021-07-21,1,ICU,30,28,3,2,4,16,93.63
2021-07-22,1,ICU,30,28,7,3,4,17,95.0
2021-07-23,1,ICU,30,28,8,4,5,20,95.0
2021-07-24,1,ICU,30,21,4,6,4,16,72.33
2021-07-25,1,ICU,30,24,4,4,4,15,82.3
2021-07-26,1,ICU,30,28,2,10,4,21,94.33
2021-07-27,1,ICU,30,27,5,4,4,15,92.3
2021-07-28,1,ICU,30,27,2,0,3,18,92.64
2021-07-29,1,ICU,30,26,1,5,4,19,89.24
2021-07-30,1,ICU,30,28,5,3,4,20,95.0
2021-07-31,1,ICU,30,23,4,3,5,12,76.86
2021-08-01,1,ICU,30,20,3,1,5,14,69.06
2021-08-02,1,ICU,30,27,6,5,3,18,90.38
2021-08-03,1,ICU,30,24,10,5,5,15,81.62
2021-08-04,1,ICU,30,25,3,3,5,17,86.02
2021-08-05,1,ICU,30,27,4,3,4,15,90.68
2021-08-06,1,ICU,30,26,6,3,5,17,87.28
2021-08-07,1,ICU,30,19,4,10,4,14,65.44
2021-08-08,1,ICU,30,22,6,5,6,11,74.23
2021-08-09,1,ICU,30,26,6,5,4,18,89.98
2021-08-10,1,ICU,30,26,3,4,4,18,88.12
2021-08-11,1,ICU,30,26,4,11,4,16,88.03
2021-08-12,1,ICU,30,26,7,7,5,14,86.85
2021-08-13,1,ICU,30,25,2,3,5,18,84.19
2021-08-14,1,ICU,30,21,4,6,5,15,72.54
2021-08-15,1,ICU,30,24,6,7,5,14,82.55
2021-08-16,1,ICU,30,25,8,2,4,16,85.76
2021-08-17,1,ICU,30,24,7,4,5,13,81.37
2021-08-18,1,ICU,30,27,2,2,4,16,92.38
2021-08-19,1,ICU,30,27,5,4,5,18,93.28
2021-08-20,1,ICU,30,27,4,5,5,17,93.02
2021-08-21,1,ICU,30,19,3,6,4,15,64.68
2021-08-22,1,ICU,30,22,3,7,5,15,74.41
2021-08-23,1,ICU,30,27,9,2,6,16,91.67
2021-08-24,1,ICU,30,25,3,1,4,16,86.12
2021-08-25,1,ICU,30,28,4,9,5,17,94.91
2021-08-26,1,ICU,30,26,5,4,5,17,88.74
2021-08-27,1,ICU,30,24,9,9,4,18,82.53
2021-08-28,1,ICU,30,21,8,1,4,17,71.28
2021-08-29,1,ICU,30,23,1,3,5,19,77.84
2021-08-30,1,ICU,30,26,4,6,5,20,86.91
2021-08-31,1,ICU,30,27,9,5,4,17,92.76
2021-09-01,1,ICU,30,24,4,6,3,19,81.92
2021-09-02,1,ICU,30,27,6,6,4,20,91.64
2021-09-03,1,ICU,30,23,4,5,4,18,78.58
2021-09-04,1,ICU,30,20,4,3,5,20,69.7
2021-09-05,1,ICU,30,21,7,4,4,16,73.12
2021-09-06,1,ICU,30,25,7,3,5,16,83.64
2021-09-07,1,ICU,30,21,8,4,5,14,72.37
2021-09-08,1,ICU,30,24,4,5,5,18,80.67
2021-09-09,1,ICU,30,24,6,3,5,19,82.6
2021-09-10,1,ICU,30,25,1,4,5,16,83.38
2021-09-11,1,ICU,30,19,5,5,3,19,65.11
2021-09-12,1,ICU,30,21,4,6,5,15,70.41
2021-09-13,1,ICU,30,22,2,4,5,19,74.89
2021-09-14,1,ICU,30,25,7,2,5,14,86.03
2021-09-15,1,ICU,30,27,4,3,6,14,93.16
2021-09-16,1,ICU,30,28,4,2,4,12,94.57
2021-09-17,1,ICU,30,25,6,4,5,17,84.58
2021-09-18,1,ICU,30,20,4,6,4,13,68.81
2021-09-19,1,ICU,30,21,4,3,6,18,71.62
2021-09-20,1,ICU,30,23,4,4,6,16,78.99
2021-09-21,1,ICU,30,25,6,5,5,19,84.56
2021-09-22,1,ICU,30,26,9,3,6,16,86.69
2021-09-23,1,ICU,30,23,3,2,5,13,79.74
2021-09-24,1,ICU,30,24,4,2,3,19,80.59
2021-09-25,1,ICU,30,20,4,1,5,16,68.94
2021-09-26,1,ICU,30,23,7,6,5,14,78.74
2021-09-27,1,ICU,30,23,6,4,4,15,78.62
2021-09-28,1,ICU,30,27,6,3,5,20,93.22
2021-09-29,1,ICU,30,23,5,4,5,17,79.92
2021-09-30,1,ICU,30,25,2,5,4,13,86.12
2021-10-01,1,ICU,30,24,10,5,4,15,82.47
2021-10-02,1,ICU,30,20,4,3,4,20,67.78
2021-10-03,1,ICU,30,21,8,4,5,15,70.24
2021-10-04,1,ICU,30,27,2,5,4,19,92.29
2021-10-05,1,ICU,30,26,6,2,4,18,88.77
2021-10-06,1,ICU,30,25,2,7,3,17,86.52
2021-10-07,1,ICU,30,26,2,0,3,13,87.57
2021-10-08,1,ICU,30,25,6,4,5,17,85.94
2021-10-09,1,ICU,30,25,4,4,4,17,85.45
2021-10-10,1,ICU,30,19,4,5,5,15,64.45
2021-10-11,1,ICU,30,28,10,4,6,18,95.0
2021-10-12,1,ICU,30,25,3,4,5,15,84.83
2021-10-13,1,ICU,30,24,2,2,3,19,81.38
2021-10-14,1,ICU,30,28,3,3,4,14,94.17
2021-10-15,1,ICU,30,24,3,2,2,14,81.77
2021-10-16,1,ICU,30,21,2,2,6,17,70.06
2021-10-17,1,ICU,30,21,4,7,3,21,71.22
2021-10-18,1,ICU,30,25,0,4,3,19,83.37
2021-10-19,1,ICU,30,26,1,3,3,18,89.61
2021-10-20,1,ICU,30,27,5,1,4,13,90.2
2021-10-21,1,ICU,30,25,4,5,4,16,86.64
2021-10-22,1,ICU,30,25,3,4,6,15,85.83
2021-10-23,1,ICU,30,21,5,5,6,15,72.88
2021-10-24,1,ICU,30,22,6,3,4,18,73.99
2021-10-25,1,ICU,30,23,4,4,7,18,79.4
2021-10-26,1,ICU,30,26,10,5,3,17,87.36
2021-10-27,1,ICU,30,27,5,1,3,15,93.16
2021-10-28,1,ICU,30,25,7,9,5,18,83.5
2021-10-29,1,ICU,30,23,7,6,5,17,78.63
2021-10-30,1,ICU,30,19,3,2,6,13,65.03
2021-10-31,1,ICU,30,21,4,3,4,12,72.47
2021-11-01,1,ICU,30,28,5,9,5,17,95.0
2021-11-02,1,ICU,30,27,4,4,4,16,93.09
2021-11-03,1,ICU,30,28,6,3,5,20,95.0
2021-11-04,1,ICU,30,27,1,3,4,18,91.49
2021-11-05,1,ICU,30,25,6,5,3,19,83.78
2021-11-06,1,ICU,30,24,1,4,5,17,80.32
2021-11-07,1,ICU,30,22,10,3,4,12,75.49
2021-11-08,1,ICU,30,27,4,6,4,18,90.81
2021-11-09,1,ICU,30,25,3,7,4,17,85.89
2021-11-10,1,ICU,30,28,6,2,5,17,95.0
2021-11-11,1,ICU,30,26,4,5,4,19,88.85
2021-11-12,1,ICU,30,27,2,5,4,16,91.52
2021-11-13,1,ICU,30,24,2,5,5,17,80.88
2021-11-14,1,ICU,30,22,3,2,4,16,75.96
2021-11-15,1,ICU,30,28,1,3,3,17,93.42
2021-11-16,1,ICU,30,27,5,4,5,17,91.39
2021-11-17,1,ICU,30,28,8,5,5,16,93.95
2021-11-18,1,ICU,30,27,5,2,5,16,92.48
2021-11-19,1,ICU,30,28,4,4,5,17,95.0
2021-11-20,1,ICU,30,22,2,5,5,15,73.36
2021-11-21,1,ICU,30,23,5,2,3,19,79.27
2021-11-22,1,ICU,30,27,6,4,6,20,93.24
2021-11-23,1,ICU,30,27,3,3,4,20,92.93
2021-11-24,1,ICU,30,27,3,6,5,16,91.36
2021-11-25,1,ICU,30,28,3,8,7,14,95.0
2021-11-26,1,ICU,30,28,8,5,6,18,95.0
2021-11-27,1,ICU,30,23,5,2,4,16,79.45
2021-11-28,1,ICU,30,22,3,8,7,14,75.85
2021-11-29,1,ICU,30,27,4,7,5,16,93.32
2021-11-30,1,ICU,30,28,6,4,4,14,93.49
2021-12-01,1,ICU,30,28,5,9,4,15,95.0
2021-12-02,1,ICU,30,28,6,3,3,17,95.0
2021-12-03,1,ICU,30,28,4,5,3,16,95.0
2021-12-04,1,ICU,30,25,6,5,5,15,84.1
2021-12-05,1,ICU,30,24,6,4,4,17,80.62
2021-12-06,1,ICU,30,28,4,6,3,14,95.0
2021-12-07,1,ICU,30,27,5,3,5,16,90.84
2021-12-08,1,ICU,30,28,4,0,6,17,95.0
2021-12-09,1,ICU,30,28,11,4,5,16,95.0
2021-12-10,1,ICU,30,27,3,5,4,16,91.91
2021-12-11,1,ICU,30,23,6,3,3,19,79.06
2021-12-12,1,ICU,30,25,6,3,5,16,85.87
2021-12-13,1,ICU,30,28,1,4,4,15,95.0
2021-12-14,1,ICU,30,28,5,4,5,17,95.0
2021-12-15,1,ICU,30,26,4,5,4,21,89.86
2021-12-16,1,ICU,30,28,3,5,4,19,95.0
2021-12-17,1,ICU,30,28,5,6,5,18,95.0
2021-12-18,1,ICU,30,26,5,4,6,18,86.94
2021-12-19,1,ICU,30,28,7,3,6,16,95.0
2021-12-20,1,ICU,30,28,3,5,3,18,95.0
2021-12-21,1,ICU,30,28,3,8,5,18,95.0
2021-12-22,1,ICU,30,28,5,6,5,15,95.0
2021-12-23,1,ICU,30,28,7,1,4,21,95.0
2021-12-24,1,ICU,30,28,6,2,5,14,95.0
2021-12-25,1,ICU,30,26,5,3,5,22,88.05
2021-12-26,1,ICU,30,28,9,4,5,21,95.0
2021-12-27,1,ICU,30,26,2,2,3,17,88.71
2021-12-28,1,ICU,30,28,4,4,5,19,95.0
2021-12-29,1,ICU,30,28,0,5,3,16,94.76
2021-12-30,1,ICU,30,28,8,2,4,15,95.0
2021-12-31,1,ICU,30,28,4,10,3,16,95.0
2022-01-01,1,ICU,30,21,4,0,5,20,73.2
2022-01-02,1,ICU,30,22,6,5,4,18,76.09
2022-01-03,1,ICU,30,24,6,5,4,16,83.23
2022-01-04,1,ICU,30,25,3,4,4,17,84.43
2022-01-05,1,ICU,30,22,4,1,5,12,74.11
2022-01-06,1,ICU,30,24,2,3,5,19,82.79
2022-01-07,1,ICU,30,24,5,3,7,18,80.47
2022-01-08,1,ICU,30,25,5,7,5,15,86.54
2022-01-09,1,ICU,30,21,4,2,5,17,71.39
2022-01-10,1,ICU,30,26,4,6,5,12,89.8
2022-01-11,1,ICU,30,26,4,2,5,14,87.76
2022-01-12,1,ICU,30,24,4,5,3,16,83.12
2022-01-13,1,ICU,30,24,3,5,3,19,80.68
2022-01-14,1,ICU,30,25,2,3,4,18,86.56
2022-01-15,1,ICU,30,20,5,4,4,16,69.53
2022-01-16,1,ICU,30,20,2,7,5,15,66.72
2022-01-17,1,ICU,30,28,4,4,3,15,95.0
2022-01-18,1,ICU,30,24,2,3,6,18,81.55
2022-01-19,1,ICU,30,25,2,3,5,19,85.18
2022-01-20,1,ICU,30,23,8,0,3,14,77.53
2022-01-21,1,ICU,30,28,2,5,4,18,95.0
2022-01-22,1,ICU,30,23,4,2,5,16,79.56
2022-01-23,1,ICU,30,21,3,3,5,17,71.29
2022-01-24,1,ICU,30,26,6,5,5,16,86.73
2022-01-25,1,ICU,30,25,9,2,6,14,85.21
2022-01-26,1,ICU,30,25,8,9,4,15,83.73
2022-01-27,1,ICU,30,26,5,2,5,20,89.07
2022-01-28,1,ICU,30,22,0,5,4,16,76.53
2022-01-29,1,ICU,30,23,6,6,3,15,78.6
2022-01-30,1,ICU,30,20,7,9,3,16,69.05
2022-01-31,1,ICU,30,26,7,0,5,17,89.05
2022-02-01,1,ICU,30,28,8,5,5,19,93.74
2022-02-02,1,ICU,30,27,2,3,6,17,90.7
2022-02-03,1,ICU,30,26,8,6,4,17,89.72
2022-02-04,1,ICU,30,27,5,6,5,16,91.51
2022-02-05,1,ICU,30,27,6,5,4,20,90.9
2022-02-06,1,ICU,30,22,6,3,4,18,74.99
2022-02-07,1,ICU,30,28,4,4,5,18,93.86
2022-02-08,1,ICU,30,25,1,3,6,17,83.62
2022-02-09,1,ICU,30,24,3,3,5,17,82.03
2022-02-10,1,ICU,30,27,3,4,4,16,93.12
2022-02-11,1,ICU,30,28,6,4,5,20,95.0
2022-02-12,1,ICU,30,24,7,3,4,17,83.26
2022-02-13,1,ICU,30,22,3,0,5,15,75.71
2022-02-14,1,ICU,30,27,2,2,3,18,90.95
2022-02-15,1,ICU,30,28,3,7,6,15,95.0
2022-02-16,1,ICU,30,25,2,5,4,14,86.05
2022-02-17,1,ICU,30,28,5,6,5,17,95.0
2022-02-18,1,ICU,30,28,8,6,4,18,95.0
2022-02-19,1,ICU,30,22,6,2,4,12,75.86
2022-02-20,1,ICU,30,24,6,7,6,14,80.77
2022-02-21,1,ICU,30,27,2,4,4,17,91.3
2022-02-22,1,ICU,30,27,5,6,5,14,91.96
2022-02-23,1,ICU,30,24,1,5,4,15,82.01
2022-02-24,1,ICU,30,27,6,1,4,20,92.46
2022-02-25,1,ICU,30,26,5,3,5,21,89.65
2022-02-26,1,ICU,30,25,6,7,5,18,84.68
2022-02-27,1,ICU,30,23,4,3,6,16,76.78
2022-02-28,1,ICU,30,27,4,7,3,17,90.09
2022-03-01,1,ICU,30,28,5,3,5,19,95.0
2022-03-02,1,ICU,30,28,4,4,3,18,95.0
2022-03-03,1,ICU,30,27,6,1,3,20,92.31
2022-03-04,1,ICU,30,28,3,5,4,18,94.0
2022-03-05,1,ICU,30,24,6,5,5,15,81.77
2022-03-06,1,ICU,30,26,7,7,4,14,89.28
2022-03-07,1,ICU,30,27,5,3,5,19,91.99
2022-03-08,1,ICU,30,28,5,3,5,17,93.62
2022-03-09,1,ICU,30,28,6,2,3,21,95.0
2022-03-10,1,ICU,30,28,11,4,5,18,95.0
2022-03-11,1,ICU,30,26,4,0,6,15,89.74
2022-03-12,1,ICU,30,23,7,3,6,16,77.44
2022-03-13,1,ICU,30,24,5,5,4,18,82.86
2022-03-14,1,ICU,30,28,7,5,4,17,95.0
2022-03-15,1,ICU,30,25,5,3,5,21,86.32
2022-03-16,1,ICU,30,28,4,0,6,15,95.0
2022-03-17,1,ICU,30,28,1,6,3,18,95.0
2022-03-18,1,ICU,30,27,4,6,5,20,93.15
2022-03-19,1,ICU,30,23,1,3,4,16,79.31
2022-03-20,1,ICU,30,26,6,3,5,15,89.23
2022-03-21,1,ICU,30,26,8,8,5,15,88.1
2022-03-22,1,ICU,30,26,11,5,3,18,88.76
2022-03-23,1,ICU,30,28,3,3,3,16,95.0
2022-03-24,1,ICU,30,27,3,3,3,17,91.87
2022-03-25,1,ICU,30,28,3,3,5,14,94.94
2022-03-26,1,ICU,30,24,6,9,7,16,82.81
2022-03-27,1,ICU,30,23,7,4,4,15,76.9
2022-03-28,1,ICU,30,28,3,6,4,16,94.04
2022-03-29,1,ICU,30,27,3,5,4,22,93.11
2022-03-30,1,ICU,30,27,6,4,6,19,91.53
2022-03-31,1,ICU,30,27,6,7,4,15,90.79
2022-04-01,1,ICU,30,28,3,3,5,19,93.85
2022-04-02,1,ICU,30,22,4,4,4,14,74.73
2022-04-03,1,ICU,30,22,5,1,5,15,73.91
2022-04-04,1,ICU,30,26,3,3,5,15,87.09
2022-04-05,1,ICU,30,28,1,6,3,18,95.0
2022-04-06,1,ICU,30,28,2,1,5,15,95.0
2022-04-07,1,ICU,30,27,5,4,4,17,90.25
2022-04-08,1,ICU,30,26,5,7,5,16,87.39
2022-04-09,1,ICU,30,24,3,4,5,18,82.64
2022-04-10,1,ICU,30,23,4,4,5,16,79.1
2022-04-11,1,ICU,30,28,4,2,4,17,94.37
2022-04-12,1,ICU,30,25,2,8,6,14,85.72
2022-04-13,1,ICU,30,28,4,4,4,16,95.0
2022-04-14,1,ICU,30,27,8,3,4,20,92.84
2022-04-15,1,ICU,30,28,3,6,5,17,95.0
2022-04-16,1,ICU,30,24,5,4,3,13,80.54
2022-04-17,1,ICU,30,22,6,3,5,20,74.58
2022-04-18,1,ICU,30,25,3,7,4,17,84.54
2022-04-19,1,ICU,30,25,5,4,4,16,83.69
2022-04-20,1,ICU,30,28,2,7,7,20,93.35
2022-04-21,1,ICU,30,26,8,4,5,20,88.72
2022-04-22,1,ICU,30,24,2,5,5,20,82.46
2022-04-23,1,ICU,30,22,5,5,3,12,74.5
2022-04-24,1,ICU,30,23,5,3,4,14,79.93
2022-04-25,1,ICU,30,28,3,2,3,20,95.0
2022-04-26,1,ICU,30,27,5,4,3,17,91.66
2022-04-27,1,ICU,30,27,3,4,4,20,92.84
2022-04-28,1,ICU,30,25,7,2,4,19,84.95
2022-04-29,1,ICU,30,26,10,2,4,18,89.88
2022-04-30,1,ICU,30,20,4,6,4,14,68.63
2022-05-01,1,ICU,30,22,4,4,7,15,74.36
2022-05-02,1,ICU,30,26,4,3,5,15,89.04
2022-05-03,1,ICU,30,25,1,9,3,14,85.11
2022-05-04,1,ICU,30,24,4,3,5,18,80.92
2022-05-05,1,ICU,30,26,2,6,4,17,87.68
2022-05-06,1,ICU,30,28,2,2,4,17,95.0
2022-05-07,1,ICU,30,22,5,3,4,17,74.27
2022-05-08,1,ICU,30,20,2,5,5,15,69.8
2022-05-09,1,ICU,30,23,3,7,4,15,79.79
2022-05-10,1,ICU,30,25,3,3,4,14,85.97
2022-05-11,1,ICU,30,25,3,3,5,19,84.94
2022-05-12,1,ICU,30,25,5,6,4,18,86.43
2022-05-13,1,ICU,30,26,8,7,5,14,89.76
2022-05-14,1,ICU,30,21,5,3,6,20,71.84
2022-05-15,1,ICU,30,20,5,7,5,15,69.51
2022-05-16,1,ICU,30,25,7,3,5,16,85.03
2022-05-17,1,ICU,30,27,4,4,6,15,91.1
2022-05-18,1,ICU,30,25,6,9,4,12,83.86
2022-05-19,1,ICU,30,27,2,6,6,18,91.17
2022-05-20,1,ICU,30,28,4,4,6,13,95.0
2022-05-21,1,ICU,30,23,9,7,2,16,78.44
2022-05-22,1,ICU,30,20,4,5,4,15,68.66
2022-05-23,1,ICU,30,27,4,1,3,15,90.08
2022-05-24,1,ICU,30,26,4,2,5,17,86.82
2022-05-25,1,ICU,30,28,8,1,5,18,94.02
2022-05-26,1,ICU,30,28,5,1,4,17,95.0
2022-05-27,1,ICU,30,27,5,2,7,17,91.22
2022-05-28,1,ICU,30,21,8,9,5,15,71.3
2022-05-29,1,ICU,30,20,4,3,4,14,68.99
2022-05-30,1,ICU,30,26,2,0,5,16,88.53
2022-05-31,1,ICU,30,28,8,0,5,16,95.0
2022-06-01,1,ICU,30,25,3,2,4,18,84.66
2022-06-02,1,ICU,30,22,7,6,4,14,75.51
2022-06-03,1,ICU,30,24,2,3,4,16,80.34
2022-06-04,1,ICU,30,20,4,3,4,14,69.34
2022-06-05,1,ICU,30,18,2,2,3,18,61.55
2022-06-06,1,ICU,30,26,7,5,3,21,89.17
2022-06-07,1,ICU,30,23,6,3,6,15,77.56
2022-06-08,1,ICU,30,24,1,3,5,18,80.49
2022-06-09,1,ICU,30,23,6,3,4,18,78.43
2022-06-10,1,ICU,30,24,6,4,3,15,81.52
2022-06-11,1,ICU,30,20,3,10,5,17,67.3
2022-06-12,1,ICU,30,19,5,2,5,12,64.59
2022-06-13,1,ICU,30,23,9,2,7,15,77.53
2022-06-14,1,ICU,30,23,4,4,7,17,79.96
2022-06-15,1,ICU,30,24,1,5,5,17,83.18
2022-06-16,1,ICU,30,24,4,1,4,15,82.5
2022-06-17,1,ICU,30,24,5,4,4,14,81.52
2022-06-18,1,ICU,30,21,3,5,3,21,71.76
2022-06-19,1,ICU,30,20,1,3,5,18,69.48
2022-06-20,1,ICU,30,21,2,4,7,17,70.36
2022-06-21,1,ICU,30,23,5,5,5,13,77.73
2022-06-22,1,ICU,30,24,3,4,5,19,81.56
2022-06-23,1,ICU,30,23,6,7,5,15,77.69
2022-06-24,1,ICU,30,24,5,6,4,15,83.19
2022-06-25,1,ICU,30,17,7,8,4,15,59.11
2022-06-26,1,ICU,30,20,5,2,5,16,67.4
2022-06-27,1,ICU,30,24,5,4,5,18,80.08
2022-06-28,1,ICU,30,25,4,7,4,12,84.86
2022-06-29,1,ICU,30,24,4,3,4,14,81.33
2022-06-30,1,ICU,30,23,5,3,4,17,77.82
2022-07-01,1,ICU,30,22,8,4,5,15,75.22
2022-07-02,1,ICU,30,19,5,9,5,19,64.79
2022-07-03,1,ICU,30,16,5,2,5,12,56.66
2022-07-04,1,ICU,30,21,4,7,3,14,70.13
2022-07-05,1,ICU,30,23,2,6,4,17,79.79
2022-07-06,1,ICU,30,23,2,3,4,15,77.78
2022-07-07,1,ICU,30,21,4,2,5,15,72.5
2022-07-08,1,ICU,30,21,4,3,4,16,71.58
2022-07-09,1,ICU,30,16,5,6,3,13,55.37
2022-07-10,1,ICU,30,17,10,4,6,12,58.34
2022-07-11,1,ICU,30,19,5,4,4,18,66.44
2022-07-12,1,ICU,30,22,4,3,4,17,73.94
2022-07-13,1,ICU,30,20,6,5,2,17,69.28
2022-07-14,1,ICU,30,20,2,5,5,18,69.52
2022-07-15,1,ICU,30,22,5,5,5,14,73.6
2022-07-16,1,ICU,30,17,3,4,5,15,59.14
2022-07-17,1,ICU,30,20,2,6,5,11,67.73
2022-07-18,1,ICU,30,20,4,6,3,19,69.89
2022-07-19,1,ICU,30,22,4,7,5,19,74.54
2022-07-20,1,ICU,30,20,3,8,6,15,69.45
2022-07-21,1,ICU,30,23,3,7,5,18,78.14
2022-07-22,1,ICU,30,22,2,2,6,14,74.04
2022-07-23,1,ICU,30,15,1,6,6,16,53.01
2022-07-24,1,ICU,30,18,1,8,4,16,60.75
2022-07-25,1,ICU,30,21,4,1,5,15,72.14
2022-07-26,1,ICU,30,24,5,4,2,17,82.71
2022-07-27,1,ICU,30,19,6,6,2,14,65.37
2022-07-28,1,ICU,30,23,4,1,4,17,77.29
2022-07-29,1,ICU,30,19,4,2,5,19,66.49
2022-07-30,1,ICU,30,18,3,5,4,17,61.45
2022-07-31,1,ICU,30,19,3,6,5,17,65.45
2022-08-01,1,ICU,30,18,3,5,5,13,61.17
2022-08-02,1,ICU,30,20,2,4,3,16,67.21
2022-08-03,1,ICU,30,20,5,3,5,15,68.55
2022-08-04,1,ICU,30,20,5,3,5,19,68.61
2022-08-05,1,ICU,30,21,2,3,4,16,71.59
2022-08-06,1,ICU,30,15,3,3,3,13,50.91
2022-08-07,1,ICU,30,15,3,3,3,18,51.65
2022-08-08,1,ICU,30,20,4,3,5,16,69.8
2022-08-09,1,ICU,30,19,7,2,3,17,66.2
2022-08-10,1,ICU,30,20,7,4,5,15,67.81
2022-08-11,1,ICU,30,20,2,2,5,13,67.61
2022-08-12,1,ICU,30,20,3,2,4,17,67.11
2022-08-13,1,ICU,30,14,3,2,6,14,48.36
2022-08-14,1,ICU,30,17,5,5,5,15,57.77
2022-08-15,1,ICU,30,20,3,4,4,20,66.92
2022-08-16,1,ICU,30,18,7,5,6,11,62.28
2022-08-17,1,ICU,30,20,5,4,5,16,68.5
2022-08-18,1,ICU,30,18,4,6,2,19,63.17
2022-08-19,1,ICU,30,23,6,5,4,17,77.87
2022-08-20,1,ICU,30,15,4,4,6,14,51.48
2022-08-21,1,ICU,30,18,5,2,5,14,61.51
2022-08-22,1,ICU,30,19,4,4,4,18,66.25
2022-08-23,1,ICU,30,19,4,2,6,16,64.25
2022-08-24,1,ICU,30,21,1,5,5,15,72.51
2022-08-25,1,ICU,30,18,5,2,5,16,60.87
2022-08-26,1,ICU,30,21,4,3,4,14,70.89
2022-08-27,1,ICU,30,16,5,2,4,15,54.22
2022-08-28,1,ICU,30,16,5,7,4,17,55.83
2022-08-29,1,ICU,30,20,9,2,4,15,68.92
2022-08-30,1,ICU,30,21,5,4,5,21,72.72
2022-08-31,1,ICU,30,19,7,7,4,18,65.13
2022-09-01,1,ICU,30,21,7,3,4,13,71.26
2022-09-02,1,ICU,30,17,3,6,4,14,57.37
2022-09-03,1,ICU,30,16,6,7,4,12,56.08
2022-09-04,1,ICU,30,15,3,5,3,19,51.18
2022-09-05,1,ICU,30,16,5,1,6,18,54.32
2022-09-06,1,ICU,30,22,8,5,6,17,73.65
2022-09-07,1,ICU,30,20,1,6,6,15,67.57
2022-09-08,1,ICU,30,18,4,4,5,14,63.19
2022-09-09,1,ICU,30,18,5,1,6,13,60.25
2022-09-10,1,ICU,30,16,5,3,4,12,53.8
2022-09-11,1,ICU,30,16,3,5,3,15,54.65
2022-09-12,1,ICU,30,18,3,7,4,12,62.75
2022-09-13,1,ICU,30,20,4,6,4,12,66.71
2022-09-14,1,ICU,30,19,2,1,5,15,66.16
2022-09-15,1,ICU,30,18,2,5,7,14,62.33
2022-09-16,1,ICU,30,16,6,4,6,18,55.58
2022-09-17,1,ICU,30,13,3,8,5,14,45.7
2022-09-18,1,ICU,30,16,5,3,5,16,54.03
2022-09-19,1,ICU,30,16,6,3,5,14,53.58
2022-09-20,1,ICU,30,19,7,4,6,13,66.6
2022-09-21,1,ICU,30,17,5,7,5,18,56.82
2022-09-22,1,ICU,30,18,5,2,5,14,63.13
2022-09-23,1,ICU,30,19,6,6,4,16,64.79
2022-09-24,1,ICU,30,11,2,8,5,14,38.95
2022-09-25,1,ICU,30,14,2,3,3,12,46.83
2022-09-26,1,ICU,30,19,2,3,5,13,64.11
2022-09-27,1,ICU,30,19,6,4,4,14,65.29
2022-09-28,1,ICU,30,18,6,4,6,10,62.51
2022-09-29,1,ICU,30,18,5,5,5,16,62.29
2022-09-30,1,ICU,30,19,5,2,5,16,65.28
2022-10-01,1,ICU,30,14,2,3,5,17,49.19
2022-10-02,1,ICU,30,18,3,7,6,15,60.12
2022-10-03,1,ICU,30,22,1,2,5,14,74.09
2022-10-04,1,ICU,30,20,6,7,5,15,66.9
2022-10-05,1,ICU,30,22,6,3,4,20,74.29
2022-10-06,1,ICU,30,19,3,4,2,15,65.56
2022-10-07,1,ICU,30,18,6,2,4,18,62.0
2022-10-08,1,ICU,30,17,4,4,6,16,58.74
2022-10-09,1,ICU,30,16,2,6,4,13,53.75
2022-10-10,1,ICU,30,19,1,4,5,16,63.87
2022-10-11,1,ICU,30,20,5,5,4,14,68.8
2022-10-12,1,ICU,30,20,1,3,6,15,67.75
2022-10-13,1,ICU,30,20,3,1,5,16,67.23
2022-10-14,1,ICU,30,19,5,4,6,16,64.74
2022-10-15,1,ICU,30,13,7,7,3,12,45.8
2022-10-16,1,ICU,30,15,10,6,4,16,52.94
2022-10-17,1,ICU,30,18,5,4,5,16,60.81
2022-10-18,1,ICU,30,16,3,4,5,17,54.52
2022-10-19,1,ICU,30,18,6,8,3,19,60.67
2022-10-20,1,ICU,30,20,3,5,4,13,68.33
2022-10-21,1,ICU,30,20,0,4,5,15,68.21
2022-10-22,1,ICU,30,16,5,2,5,15,53.54
2022-10-23,1,ICU,30,15,5,4,3,14,53.07
2022-10-24,1,ICU,30,17,4,5,3,15,56.72
2022-10-25,1,ICU,30,18,6,3,3,17,62.92
2022-10-26,1,ICU,30,20,3,8,4,16,68.61
2022-10-27,1,ICU,30,21,9,3,4,17,72.96
2022-10-28,1,ICU,30,19,6,1,5,15,65.29
2022-10-29,1,ICU,30,15,3,4,6,13,50.86
2022-10-30,1,ICU,30,15,6,2,5,15,52.09
2022-10-31,1,ICU,30,18,6,2,4,15,62.59
2022-11-01,1,ICU,30,24,1,3,5,17,80.03
2022-11-02,1,ICU,30,22,6,3,5,15,75.05
2022-11-03,1,ICU,30,21,8,2,5,19,71.44
2022-11-04,1,ICU,30,24,8,2,4,17,81.28
2022-11-05,1,ICU,30,15,4,1,5,15,50.29
2022-11-06,1,ICU,30,19,6,6,3,17,63.37
2022-11-07,1,ICU,30,19,4,4,4,15,65.24
2022-11-08,1,ICU,30,18,8,3,5,13,63.05
2022-11-09,1,ICU,30,23,6,1,5,15,79.8
2022-11-10,1,ICU,30,19,3,3,4,18,65.25
2022-11-11,1,ICU,30,24,3,1,6,16,83.21
2022-11-12,1,ICU,30,15,3,7,6,17,52.74
2022-11-13,1,ICU,30,16,6,5,5,12,53.92
2022-11-14,1,ICU,30,19,3,2,4,16,63.63
2022-11-15,1,ICU,30,23,5,0,4,15,78.25
2022-11-16,1,ICU,30,21,1,3,5,16,72.77
2022-11-17,1,ICU,30,23,8,1,4,18,76.77
2022-11-18,1,ICU,30,22,5,2,4,14,76.41
2022-11-19,1,ICU,30,18,1,3,3,16,62.04
2022-11-20,1,ICU,30,16,8,2,6,18,55.91
2022-11-21,1,ICU,30,18,3,7,5,15,61.8
2022-11-22,1,ICU,30,18,5,7,4,15,62.62
2022-11-23,1,ICU,30,21,7,4,6,19,71.02
2022-11-24,1,ICU,30,20,9,2,4,17,67.8
2022-11-25,1,ICU,30,21,7,4,3,21,70.53
2022-11-26,1,ICU,30,16,5,4,4,15,55.67
2022-11-27,1,ICU,30,15,3,4,5,14,51.87
2022-11-28,1,ICU,30,21,7,3,4,15,70.61
2022-11-29,1,ICU,30,21,4,6,5,17,72.26
2022-11-30,1,ICU,30,21,1,2,4,20,72.57
2022-12-01,1,ICU,30,22,2,3,3,14,73.6
2022-12-02,1,ICU,30,22,4,9,6,14,75.91
2022-12-03,1,ICU,30,20,6,5,6,18,67.17
2022-12-04,1,ICU,30,20,6,6,5,17,68.29
2022-12-05,1,ICU,30,23,5,4,5,17,79.6
2022-12-06,1,ICU,30,24,2,3,5,14,83.06
2022-12-07,1,ICU,30,24,6,4,5,16,82.16
2022-12-08,1,ICU,30,26,0,3,6,13,87.4
2022-12-09,1,ICU,30,23,5,5,3,12,78.99
2022-12-10,1,ICU,30,20,4,6,3,18,68.01
2022-12-11,1,ICU,30,19,7,3,4,12,64.0
2022-12-12,1,ICU,30,22,2,3,6,18,76.14
2022-12-13,1,ICU,30,22,6,7,4,16,76.23
2022-12-14,1,ICU,30,21,4,4,6,12,72.53
2022-12-15,1,ICU,30,22,4,4,6,16,74.85
2022-12-16,1,ICU,30,22,5,6,3,17,75.82
2022-12-17,1,ICU,30,19,8,7,4,16,65.97
2022-12-18,1,ICU,30,19,3,5,4,16,64.24
2022-12-19,1,ICU,30,21,8,7,3,16,73.01
2022-12-20,1,ICU,30,24,2,2,4,18,82.14
2022-12-21,1,ICU,30,23,8,4,6,18,79.15
2022-12-22,1,ICU,30,26,6,6,4,18,87.47
2022-12-23,1,ICU,30,22,6,5,3,17,75.7
2022-12-24,1,ICU,30,19,5,2,4,18,63.46
2022-12-25,1,ICU,30,19,2,3,5,17,64.7
2022-12-26,1,ICU,30,25,2,1,4,16,84.12
2022-12-27,1,ICU,30,26,5,5,6,17,89.62
2022-12-28,1,ICU,30,22,6,5,4,19,74.23
2022-12-29,1,ICU,30,27,6,9,5,18,90.3
2022-12-30,1,ICU,30,23,9,7,4,16,76.98
2022-12-31,1,ICU,30,20,4,3,5,14,68.12
2023-01-01,1,ICU,30,23,3,6,5,17,78.73
2023-01-02,1,ICU,30,26,4,5,4,14,89.47
2023-01-03,1,ICU,30,28,2,3,5,14,93.82
2023-01-04,1,ICU,30,24,3,0,3,19,82.7
2023-01-05,1,ICU,30,25,2,4,3,17,83.5
2023-01-06,1,ICU,30,27,2,1,5,12,90.95
2023-01-07,1,ICU,30,20,6,4,2,18,69.2
2023-01-08,1,ICU,30,19,3,0,5,13,64.69
2023-01-09,1,ICU,30,25,4,4,5,19,85.47
2023-01-10,1,ICU,30,25,3,10,5,18,85.25
2023-01-11,1,ICU,30,27,4,6,5,18,90.51
2023-01-12,1,ICU,30,27,4,5,3,18,92.97
2023-01-13,1,ICU,30,25,1,3,4,16,86.35
2023-01-14,1,ICU,30,20,2,7,5,14,69.49
2023-01-15,1,ICU,30,19,4,4,3,13,65.69
2023-01-16,1,ICU,30,28,1,8,5,21,94.94
2023-01-17,1,ICU,30,23,3,6,5,13,78.61
2023-01-18,1,ICU,30,26,6,3,5,16,87.95
2023-01-19,1,ICU,30,26,4,3,4,17,88.6
2023-01-20,1,ICU,30,26,3,4,5,19,89.48
2023-01-21,1,ICU,30,23,5,5,5,17,78.81
2023-01-22,1,ICU,30,21,6,3,4,14,70.84
2023-01-23,1,ICU,30,26,9,4,2,19,89.49
2023-01-24,1,ICU,30,26,3,5,4,16,87.82
2023-01-25,1,ICU,30,25,4,5,5,15,85.68
2023-01-26,1,ICU,30,28,0,4,6,15,95.0
2023-01-27,1,ICU,30,22,8,1,6,17,76.48
2023-01-28,1,ICU,30,22,4,7,5,16,73.51
2023-01-29,1,ICU,30,23,5,3,4,15,79.13
2023-01-30,1,ICU,30,27,4,6,4,17,92.95
2023-01-31,1,ICU,30,27,4,3,6,16,90.22
2023-02-01,1,ICU,30,28,7,5,5,17,95.0
2023-02-02,1,ICU,30,27,6,3,6,16,90.09
2023-02-03,1,ICU,30,27,3,2,6,18,91.9
2023-02-04,1,ICU,30,25,6,5,6,17,84.27
2023-02-05,1,ICU,30,23,8,4,6,15,79.42
2023-02-06,1,ICU,30,25,3,0,5,17,86.13
2023-02-07,1,ICU,30,28,2,2,5,19,95.0
2023-02-08,1,ICU,30,28,5,3,5,15,95.0
2023-02-09,1,ICU,30,26,1,7,5,18,86.79
2023-02-10,1,ICU,30,28,4,4,5,17,95.0
2023-02-11,1,ICU,30,24,5,4,4,16,81.03
2023-02-12,1,ICU,30,23,2,3,4,16,79.86
2023-02-13,1,ICU,30,28,6,6,4,19,95.0
2023-02-14,1,ICU,30,28,4,2,5,15,94.22
2023-02-15,1,ICU,30,27,4,2,5,20,90.45
2023-02-16,1,ICU,30,28,2,5,5,17,94.27
2023-02-17,1,ICU,30,28,3,9,5,16,95.0
2023-02-18,1,ICU,30,23,6,8,3,15,77.23
2023-02-19,1,ICU,30,24,9,6,4,18,83.2
2023-02-20,1,ICU,30,28,4,7,4,18,95.0
2023-02-21,1,ICU,30,27,7,4,5,12,93.1
2023-02-22,1,ICU,30,28,3,3,6,18,95.0
2023-02-23,1,ICU,30,28,4,4,3,17,95.0
2023-02-24,1,ICU,30,28,4,3,3,22,94.68
2023-02-25,1,ICU,30,23,7,4,3,19,79.13
2023-02-26,1,ICU,30,23,4,3,4,20,77.69
2023-02-27,1,ICU,30,26,2,7,4,17,88.73
2023-02-28,1,ICU,30,28,4,8,4,14,95.0
2023-03-01,1,ICU,30,28,3,3,3,18,95.0
2023-03-02,1,ICU,30,28,2,9,4,17,95.0
2023-03-03,1,ICU,30,25,3,2,5,18,85.53
2023-03-04,1,ICU,30,25,5,7,5,18,86.66
2023-03-05,1,ICU,30,26,3,2,4,15,87.08
2023-03-06,1,ICU,30,26,3,2,4,16,89.79
2023-03-07,1,ICU,30,27,5,2,4,16,92.45
2023-03-08,1,ICU,30,28,5,5,3,18,95.0
2023-03-09,1,ICU,30,28,5,6,4,12,95.0
2023-03-10,1,ICU,30,27,2,7,5,20,90.3
2023-03-11,1,ICU,30,24,2,2,5,17,80.54
2023-03-12,1,ICU,30,25,7,7,5,18,85.88
2023-03-13,1,ICU,30,25,6,4,4,15,85.68
2023-03-14,1,ICU,30,26,7,7,5,17,87.95
2023-03-15,1,ICU,30,28,8,3,4,17,94.5
2023-03-16,1,ICU,30,28,1,10,5,15,95.0
2023-03-17,1,ICU,30,28,7,4,4,17,95.0
2023-03-18,1,ICU,30,24,4,3,3,16,82.61
2023-03-19,1,ICU,30,22,3,1,4,19,75.46
2023-03-20,1,ICU,30,27,2,4,3,16,92.29
2023-03-21,1,ICU,30,28,5,3,5,18,95.0
2023-03-22,1,ICU,30,28,3,2,4,15,95.0
2023-03-23,1,ICU,30,28,5,6,4,18,95.0
2023-03-24,1,ICU,30,28,8,2,5,14,94.56
2023-03-25,1,ICU,30,25,5,3,5,14,83.89
2023-03-26,1,ICU,30,23,3,2,4,18,78.1
2023-03-27,1,ICU,30,28,3,2,6,16,94.05
2023-03-28,1,ICU,30,25,4,3,3,18,85.73
2023-03-29,1,ICU,30,28,2,1,4,16,95.0
2023-03-30,1,ICU,30,28,5,1,5,16,95.0
2023-03-31,1,ICU,30,24,5,1,5,15,82.78
2023-04-01,1,ICU,30,22,2,6,4,18,75.67
2023-04-02,1,ICU,30,24,5,2,4,16,82.02
2023-04-03,1,ICU,30,25,1,7,5,18,86.15
2023-04-04,1,ICU,30,25,3,2,5,17,85.01
2023-04-05,1,ICU,30,26,7,5,5,18,89.97
2023-04-06,1,ICU,30,27,0,6,7,17,93.31
2023-04-07,1,ICU,30,28,3,2,3,21,93.88
2023-04-08,1,ICU,30,22,4,6,4,13,74.69
2023-04-09,1,ICU,30,23,5,4,5,16,77.59
2023-04-10,1,ICU,30,28,3,6,1,15,95.0
2023-04-11,1,ICU,30,28,6,6,6,20,94.54
2023-04-12,1,ICU,30,26,4,5,6,19,87.78
2023-04-13,1,ICU,30,28,4,4,3,19,95.0
2023-04-14,1,ICU,30,28,3,2,5,19,93.67
2023-04-15,1,ICU,30,24,4,8,5,19,82.8
2023-04-16,1,ICU,30,21,6,4,4,15,70.23
2023-04-17,1,ICU,30,27,4,7,5,16,90.08
2023-04-18,1,ICU,30,25,2,1,4,14,84.48
2023-04-19,1,ICU,30,26,9,8,4,15,88.84
2023-04-20,1,ICU,30,28,2,5,6,17,93.34
2023-04-21,1,ICU,30,26,8,6,6,16,87.42
2023-04-22,1,ICU,30,22,11,5,5,13,74.57
2023-04-23,1,ICU,30,23,4,1,4,16,77.37
2023-04-24,1,ICU,30,28,7,5,6,19,95.0
2023-04-25,1,ICU,30,26,6,3,4,12,88.24
2023-04-26,1,ICU,30,27,1,9,5,21,90.54
2023-04-27,1,ICU,30,28,5,5,3,18,94.31
2023-04-28,1,ICU,30,27,3,3,4,15,90.74
2023-04-29,1,ICU,30,20,4,3,4,15,67.74
2023-04-30,1,ICU,30,22,4,5,2,16,73.97
2023-05-01,1,ICU,30,24,5,6,3,14,83.09
2023-05-02,1,ICU,30,26,3,5,4,19,87.13
2023-05-03,1,ICU,30,26,9,11,6,18,89.26
2023-05-04,1,ICU,30,25,7,5,4,15,86.3
2023-05-05,1,ICU,30,26,5,6,3,17,88.51
2023-05-06,1,ICU,30,18,0,3,5,15,60.95
2023-05-07,1,ICU,30,17,2,3,5,17,59.77
2023-05-08,1,ICU,30,26,9,1,2,13,86.94
2023-05-09,1,ICU,30,28,2,2,4,16,94.02
2023-05-10,1,ICU,30,28,4,6,4,16,95.0
2023-05-11,1,ICU,30,28,3,7,5,17,95.0
2023-05-12,1,ICU,30,26,7,5,6,13,89.88
2023-05-13,1,ICU,30,20,5,4,5,17,69.48
2023-05-14,1,ICU,30,23,5,4,5,14,76.9
2023-05-15,1,ICU,30,27,4,0,4,15,92.2
2023-05-16,1,ICU,30,28,6,3,4,22,94.59
2023-05-17,1,ICU,30,26,4,2,5,19,87.73
2023-05-18,1,ICU,30,28,3,6,4,16,95.0
2023-05-19,1,ICU,30,26,4,4,5,13,87.49
2023-05-20,1,ICU,30,18,2,5,5,18,62.05
2023-05-21,1,ICU,30,20,3,4,4,16,69.82
2023-05-22,1,ICU,30,25,4,2,3,13,84.22
2023-05-23,1,ICU,30,25,3,5,5,13,83.48
2023-05-24,1,ICU,30,27,4,6,5,16,92.24
2023-05-25,1,ICU,30,25,7,3,5,18,85.65
2023-05-26,1,ICU,30,28,5,4,4,16,93.85
2023-05-27,1,ICU,30,19,6,6,3,18,65.0
2023-05-28,1,ICU,30,21,2,5,5,15,70.29
2023-05-29,1,ICU,30,23,4,3,3,15,78.38
2023-05-30,1,ICU,30,23,6,4,4,12,78.43
2023-05-31,1,ICU,30,26,4,4,5,17,89.29
2023-06-01,1,ICU,30,21,2,11,4,20,71.75
2023-06-02,1,ICU,30,22,7,5,6,17,75.73
2023-06-03,1,ICU,30,20,6,2,4,17,68.41
2023-06-04,1,ICU,30,21,6,4,6,17,72.07
2023-06-05,1,ICU,30,24,3,10,5,13,81.82
2023-06-06,1,ICU,30,25,2,2,4,18,84.61
2023-06-07,1,ICU,30,23,6,3,4,17,79.1
2023-06-08,1,ICU,30,23,6,5,4,17,78.2
2023-06-09,1,ICU,30,24,7,5,4,15,82.19
2023-06-10,1,ICU,30,19,1,7,5,18,64.64
2023-06-11,1,ICU,30,21,6,4,5,17,70.81
2023-06-12,1,ICU,30,24,5,2,1,17,82.26
2023-06-13,1,ICU,30,22,2,4,5,15,73.6
2023-06-14,1,ICU,30,26,9,5,5,12,87.15
2023-06-15,1,ICU,30,23,4,2,3,17,77.11
2023-06-16,1,ICU,30,21,4,1,5,14,71.94
2023-06-17,1,ICU,30,18,6,8,6,15,60.78
2023-06-18,1,ICU,30,19,1,6,4,15,65.79
2023-06-19,1,ICU,30,21,6,6,6,16,72.56
2023-06-20,1,ICU,30,22,3,8,6,16,76.37
2023-06-21,1,ICU,30,22,7,3,5,16,74.47
2023-06-22,1,ICU,30,23,9,4,5,14,79.86
2023-06-23,1,ICU,30,24,4,4,6,17,80.97
2023-06-24,1,ICU,30,22,4,3,3,16,74.05
2023-06-25,1,ICU,30,18,3,2,5,17,63.18
2023-06-26,1,ICU,30,23,9,4,5,20,79.36
2023-06-27,1,ICU,30,24,9,3,4,17,81.52
2023-06-28,1,ICU,30,23,2,7,4,16,78.86
2023-06-29,1,ICU,30,22,3,2,5,19,74.75
2023-06-30,1,ICU,30,23,6,1,4,17,77.21
2023-07-01,1,ICU,30,18,5,5,5,14,60.83
2023-07-02,1,ICU,30,16,11,7,3,16,56.64
2023-07-03,1,ICU,30,23,2,4,5,15,77.79
2023-07-04,1,ICU,30,23,3,2,5,18,78.45
2023-07-05,1,ICU,30,21,3,5,6,15,70.41
2023-07-06,1,ICU,30,20,5,3,7,8,69.7
2023-07-07,1,ICU,30,21,2,4,5,18,71.93
2023-07-08,1,ICU,30,16,4,4,4,16,56.28
2023-07-09,1,ICU,30,16,3,6,5,14,56.56
2023-07-10,1,ICU,30,21,3,8,5,15,70.15
2023-07-11,1,ICU,30,20,3,4,4,15,69.75
2023-07-12,1,ICU,30,20,2,4,4,15,69.31
2023-07-13,1,ICU,30,19,6,3,5,17,63.45
2023-07-14,1,ICU,30,21,7,3,4,16,71.07
2023-07-15,1,ICU,30,16,4,0,4,13,55.23
2023-07-16,1,ICU,30,18,3,3,5,12,61.12
2023-07-17,1,ICU,30,17,2,1,6,16,59.08
2023-07-18,1,ICU,30,21,3,3,4,16,70.33
2023-07-19,1,ICU,30,19,5,4,5,16,65.86
2023-07-20,1,ICU,30,19,4,4,4,16,64.61
2023-07-21,1,ICU,30,22,4,1,6,14,76.47
2023-07-22,1,ICU,30,19,2,4,5,15,66.01
2023-07-23,1,ICU,30,17,4,4,5,13,57.12
2023-07-24,1,ICU,30,20,2,6,4,14,68.5
2023-07-25,1,ICU,30,21,4,3,6,16,71.03
2023-07-26,1,ICU,30,22,7,4,3,16,75.72
2023-07-27,1,ICU,30,21,2,5,4,11,72.5
2023-07-28,1,ICU,30,21,9,6,5,16,70.55
2023-07-29,1,ICU,30,17,4,4,4,15,56.99
2023-07-30,1,ICU,30,16,3,2,4,15,54.36
2023-07-31,1,ICU,30,23,4,5,4,20,77.11
2023-08-01,1,ICU,30,18,6,3,5,16,60.07
2023-08-02,1,ICU,30,18,2,5,4,16,62.01
2023-08-03,1,ICU,30,16,5,1,4,13,54.91
2023-08-04,1,ICU,30,21,10,1,3,14,72.23
2023-08-05,1,ICU,30,17,4,6,5,12,59.01
2023-08-06,1,ICU,30,14,3,4,3,14,47.63
2023-08-07,1,ICU,30,19,8,5,5,11,64.29
2023-08-08,1,ICU,30,18,9,5,5,17,60.71
2023-08-09,1,ICU,30,19,2,2,4,15,63.44
2023-08-10,1,ICU,30,19,4,0,6,14,66.37
2023-08-11,1,ICU,30,19,4,2,5,11,65.05
2023-08-12,1,ICU,30,14,2,2,6,13,49.15
2023-08-13,1,ICU,30,17,4,2,4,18,59.68
2023-08-14,1,ICU,30,20,5,4,4,14,67.33
2023-08-15,1,ICU,30,20,4,3,6,13,68.89
2023-08-16,1,ICU,30,20,7,8,5,16,67.06
2023-08-17,1,ICU,30,19,4,6,4,18,63.38
2023-08-18,1,ICU,30,21,7,5,5,17,71.62
2023-08-19,1,ICU,30,16,2,3,4,17,54.9
2023-08-20,1,ICU,30,15,6,4,5,17,51.39
2023-08-21,1,ICU,30,20,7,13,3,14,69.78
2023-08-22,1,ICU,30,18,3,2,5,12,60.56
2023-08-23,1,ICU,30,19,5,3,4,15,64.45
2023-08-24,1,ICU,30,23,5,4,5,18,78.16
2023-08-25,1,ICU,30,19,5,5,4,18,66.39
2023-08-26,1,ICU,30,15,6,6,4,13,52.89
2023-08-27,1,ICU,30,14,5,4,4,12,49.91
2023-08-28,1,ICU,30,19,4,2,4,17,66.47
2023-08-29,1,ICU,30,18,5,9,5,15,61.15
2023-08-30,1,ICU,30,21,4,2,2,14,71.44
2023-08-31,1,ICU,30,21,2,3,4,20,72.28
2023-09-01,1,ICU,30,22,8,8,4,14,74.79
2023-09-02,1,ICU,30,11,5,5,3,12,36.67
2023-09-03,1,ICU,30,13,4,3,6,16,46.61
2023-09-04,1,ICU,30,21,3,3,3,17,72.28
2023-09-05,1,ICU,30,19,4,2,5,16,66.52
2023-09-06,1,ICU,30,20,6,6,4,16,69.58
2023-09-07,1,ICU,30,20,6,3,7,17,67.89
2023-09-08,1,ICU,30,19,3,7,5,15,66.47
2023-09-09,1,ICU,30,15,3,2,3,14,52.56
2023-09-10,1,ICU,30,15,8,4,6,13,51.99
2023-09-11,1,ICU,30,20,3,3,5,18,66.76
2023-09-12,1,ICU,30,19,2,3,3,16,66.46
2023-09-13,1,ICU,30,19,5,3,4,15,65.95
2023-09-14,1,ICU,30,18,5,3,3,16,62.45
2023-09-15,1,ICU,30,14,7,2,5,14,49.54
2023-09-16,1,ICU,30,15,12,4,5,18,50.98
2023-09-17,1,ICU,30,16,4,1,4,14,55.63
2023-09-18,1,ICU,30,18,6,0,5,16,62.06
2023-09-19,1,ICU,30,19,1,2,5,17,64.46
2023-09-20,1,ICU,30,20,7,2,5,13,67.37
2023-09-21,1,ICU,30,14,4,5,2,12,46.93
2023-09-22,1,ICU,30,19,7,6,6,19,63.4
2023-09-23,1,ICU,30,16,5,7,6,16,56.08
2023-09-24,1,ICU,30,14,3,4,4,13,47.08
2023-09-25,1,ICU,30,19,2,6,5,19,64.93
2023-09-26,1,ICU,30,17,6,7,4,17,59.78
2023-09-27,1,ICU,30,16,5,7,6,13,53.76
2023-09-28,1,ICU,30,20,2,5,5,17,66.83
2023-09-29,1,ICU,30,16,5,2,6,17,54.35
2023-09-30,1,ICU,30,17,2,5,4,15,59.69
2023-10-01,1,ICU,30,17,5,4,5,15,58.82
2023-10-02,1,ICU,30,20,3,2,7,18,67.61
2023-10-03,1,ICU,30,20,6,3,5,14,67.67
2023-10-04,1,ICU,30,20,4,1,5,17,67.13
2023-10-05,1,ICU,30,18,8,3,6,16,60.68
2023-10-06,1,ICU,30,20,6,5,6,15,69.37
2023-10-07,1,ICU,30,19,5,3,3,17,65.61
2023-10-08,1,ICU,30,18,3,2,6,17,60.73
2023-10-09,1,ICU,30,24,3,2,3,16,80.07
2023-10-10,1,ICU,30,19,4,9,6,14,63.46
2023-10-11,1,ICU,30,20,5,3,4,14,67.64
2023-10-12,1,ICU,30,19,5,7,5,16,63.42
2023-10-13,1,ICU,30,20,2,4,4,14,67.06
2023-10-14,1,ICU,30,15,2,5,5,14,50.53
2023-10-15,1,ICU,30,15,5,7,3,12,50.82
2023-10-16,1,ICU,30,19,1,6,6,14,65.4
2023-10-17,1,ICU,30,22,5,2,5,17,74.96
2023-10-18,1,ICU,30,21,9,5,4,17,71.13
2023-10-19,1,ICU,30,20,3,2,4,18,67.65
2023-10-20,1,ICU,30,19,4,1,3,17,65.23
2023-10-21,1,ICU,30,15,3,2,5,19,51.65
2023-10-22,1,ICU,30,13,6,3,4,17,43.64
2023-10-23,1,ICU,30,22,3,8,5,17,74.88
2023-10-24,1,ICU,30,19,7,0,4,20,64.53
2023-10-25,1,ICU,30,18,6,4,2,15,63.26
2023-10-26,1,ICU,30,20,6,6,5,15,69.22
2023-10-27,1,ICU,30,20,2,3,7,16,67.71
2023-10-28,1,ICU,30,15,4,10,4,18,50.64
2023-10-29,1,ICU,30,15,9,6,4,13,52.56
2023-10-30,1,ICU,30,20,7,4,5,16,68.68
2023-10-31,1,ICU,30,16,5,5,4,11,56.38
2023-11-01,1,ICU,30,24,3,3,5,14,80.28
2023-11-02,1,ICU,30,23,3,5,5,19,78.89
2023-11-03,1,ICU,30,21,6,4,5,17,73.08
2023-11-04,1,ICU,30,15,4,7,4,14,51.0
2023-11-05,1,ICU,30,17,8,7,5,15,59.28
2023-11-06,1,ICU,30,22,6,4,6,17,75.75
2023-11-07,1,ICU,30,23,7,0,4,15,77.31
2023-11-08,1,ICU,30,21,2,3,5,18,71.7
2023-11-09,1,ICU,30,22,4,2,4,18,75.2
2023-11-10,1,ICU,30,24,2,4,5,19,80.8
2023-11-11,1,ICU,30,17,2,4,4,15,59.02
2023-11-12,1,ICU,30,13,5,2,4,12,43.83
2023-11-13,1,ICU,30,20,5,1,4,16,67.58
2023-11-14,1,ICU,30,20,11,3,7,15,69.35
2023-11-15,1,ICU,30,22,5,7,4,19,76.5
2023-11-16,1,ICU,30,18,3,1,5,13,62.27
2023-11-17,1,ICU,30,22,6,4,5,17,74.17
2023-11-18,1,ICU,30,15,5,4,4,14,53.22
2023-11-19,1,ICU,30,18,3,2,3,12,63.26
2023-11-20,1,ICU,30,21,6,6,4,16,71.8
2023-11-21,1,ICU,30,18,4,2,3,16,61.19
2023-11-22,1,ICU,30,21,8,4,3,15,71.65
2023-11-23,1,ICU,30,23,3,1,4,18,79.02
2023-11-24,1,ICU,30,24,5,1,5,15,81.31
2023-11-25,1,ICU,30,17,3,1,5,12,58.45
2023-11-26,1,ICU,30,17,7,2,5,18,57.01
2023-11-27,1,ICU,30,21,7,7,4,15,72.85
2023-11-28,1,ICU,30,21,6,4,6,14,72.37
2023-11-29,1,ICU,30,22,3,4,5,14,76.25
2023-11-30,1,ICU,30,21,4,4,4,13,71.58
2023-12-01,1,ICU,30,24,2,3,5,15,83.14
2023-12-02,1,ICU,30,20,3,5,4,14,68.35
2023-12-03,1,ICU,30,20,2,4,3,13,68.73
2023-12-04,1,ICU,30,25,1,6,4,17,86.01
2023-12-05,1,ICU,30,23,6,5,4,17,78.58
2023-12-06,1,ICU,30,23,7,3,5,20,78.92
2023-12-07,1,ICU,30,24,6,6,4,16,81.73
2023-12-08,1,ICU,30,23,5,5,5,17,77.18
2023-12-09,1,ICU,30,21,5,3,4,15,72.57
2023-12-10,1,ICU,30,18,6,6,2,15,62.84
2023-12-11,1,ICU,30,25,4,5,2,13,83.44
2023-12-12,1,ICU,30,26,4,1,4,19,89.28
2023-12-13,1,ICU,30,22,2,5,4,14,73.74
2023-12-14,1,ICU,30,22,5,4,4,16,76.42
2023-12-15,1,ICU,30,25,7,7,4,17,83.35
2023-12-16,1,ICU,30,20,3,6,4,12,67.63
2023-12-17,1,ICU,30,20,6,3,4,15,68.36
2023-12-18,1,ICU,30,24,2,7,5,18,81.54
2023-12-19,1,ICU,30,25,6,5,3,16,86.22
2023-12-20,1,ICU,30,23,2,4,2,17,77.24
2023-12-21,1,ICU,30,22,5,3,3,16,75.69
2023-12-22,1,ICU,30,23,3,3,4,14,78.06
2023-12-23,1,ICU,30,18,7,4,5,16,61.74
2023-12-24,1,ICU,30,19,6,5,6,14,65.47
2023-12-25,1,ICU,30,23,3,8,5,13,78.07
2023-12-26,1,ICU,30,25,5,4,5,20,85.69
2023-12-27,1,ICU,30,25,8,6,4,17,86.61
2023-12-28,1,ICU,30,23,5,5,5,15,79.03
2023-12-29,1,ICU,30,20,3,3,5,14,68.53
2023-12-30,1,ICU,30,18,5,5,5,16,60.09
2023-12-31,1,ICU,30,22,4,4,3,13,73.41
2019-01-01,2,ER,50,37,5,11,1,18,74.32
2019-01-02,2,ER,50,36,2,10,2,20,73.93
2019-01-03,2,ER,50,40,12,9,3,22,80.41
2019-01-04,2,ER,50,35,11,3,3,19,70.6
2019-01-05,2,ER,50,30,11,9,3,20,60.4
2019-01-06,2,ER,50,35,9,10,3,18,71.32
2019-01-07,2,ER,50,40,9,4,2,20,80.87
2019-01-08,2,ER,50,37,6,7,3,17,75.02
2019-01-09,2,ER,50,40,11,7,1,25,80.72
2019-01-10,2,ER,50,40,9,6,4,21,81.67
2019-01-11,2,ER,50,38,6,1,1,20,77.81
2019-01-12,2,ER,50,32,12,3,2,22,65.65
2019-01-13,2,ER,50,31,10,9,1,23,63.71
2019-01-14,2,ER,50,42,6,8,1,19,84.2
2019-01-15,2,ER,50,37,10,8,2,22,75.54
2019-01-16,2,ER,50,39,8,9,1,22,79.0
2019-01-17,2,ER,50,37,7,3,3,21,74.54
2019-01-18,2,ER,50,42,6,8,2,20,85.17
2019-01-19,2,ER,50,33,3,7,5,23,66.57
2019-01-20,2,ER,50,34,10,8,1,19,69.55
2019-01-21,2,ER,50,34,5,7,2,18,69.76
2019-01-22,2,ER,50,40,7,5,3,25,81.25
2019-01-23,2,ER,50,38,7,6,1,24,77.67
2019-01-24,2,ER,50,35,9,7,3,23,71.81
2019-01-25,2,ER,50,36,8,6,5,19,72.77
2019-01-26,2,ER,50,34,8,7,2,20,69.23
2019-01-27,2,ER,50,31,7,7,5,23,62.76
2019-01-28,2,ER,50,41,6,8,3,25,82.74
2019-01-29,2,ER,50,39,5,6,4,25,79.9
2019-01-30,2,ER,50,42,7,10,2,21,85.7
2019-01-31,2,ER,50,44,5,5,4,25,88.08
2019-02-01,2,ER,50,44,6,11,2,21,89.82
2019-02-02,2,ER,50,34,8,10,2,21,69.68
2019-02-03,2,ER,50,35,10,9,4,20,71.81
2019-02-04,2,ER,50,43,9,8,2,21,87.78
2019-02-05,2,ER,50,40,5,5,2,24,81.7
2019-02-06,2,ER,50,42,10,3,4,18,84.82
2019-02-07,2,ER,50,38,8,12,3,19,76.29
2019-02-08,2,ER,50,44,9,3,3,18,89.14
2019-02-09,2,ER,50,38,11,8,2,22,76.36
2019-02-10,2,ER,50,32,5,11,2,23,65.49
2019-02-11,2,ER,50,38,9,5,4,21,76.07
2019-02-12,2,ER,50,42,6,7,3,21,84.82
2019-02-13,2,ER,50,44,8,4,2,17,88.02
2019-02-14,2,ER,50,45,7,4,3,21,91.29
2019-02-15,2,ER,50,40,4,3,3,19,81.27
2019-02-16,2,ER,50,33,10,10,2,19,67.07
2019-02-17,2,ER,50,31,8,7,1,22,63.69
2019-02-18,2,ER,50,36,5,8,2,24,74.0
2019-02-19,2,ER,50,41,4,6,3,22,83.61
2019-02-20,2,ER,50,43,7,4,5,22,86.47
2019-02-21,2,ER,50,37,7,9,4,19,74.51
2019-02-22,2,ER,50,40,10,9,1,22,81.96
2019-02-23,2,ER,50,34,5,5,1,18,69.38
2019-02-24,2,ER,50,32,11,9,2,21,65.21
2019-02-25,2,ER,50,40,8,8,4,21,80.5
2019-02-26,2,ER,50,43,7,4,3,25,86.51
2019-02-27,2,ER,50,41,4,9,2,20,83.6
2019-02-28,2,ER,50,41,7,12,3,21,83.7
2019-03-01,2,ER,50,41,9,6,2,23,83.56
2019-03-02,2,ER,50,33,10,8,2,21,66.44
2019-03-03,2,ER,50,36,6,10,3,17,73.85
2019-03-04,2,ER,50,47,4,9,2,26,95.0
2019-03-05,2,ER,50,39,6,9,1,28,79.16
2019-03-06,2,ER,50,44,6,9,2,27,88.28
2019-03-07,2,ER,50,42,12,4,2,23,85.88
2019-03-08,2,ER,50,44,8,9,1,21,88.62
2019-03-09,2,ER,50,31,9,5,3,21,62.38
2019-03-10,2,ER,50,36,7,8,3,22,73.03
2019-03-11,2,ER,50,40,12,7,1,26,81.34
2019-03-12,2,ER,50,43,8,6,3,24,87.17
2019-03-13,2,ER,50,41,8,9,3,23,82.24
2019-03-14,2,ER,50,40,9,12,3,24,81.11
2019-03-15,2,ER,50,46,5,4,2,23,92.07
2019-03-16,2,ER,50,32,11,8,2,26,64.39
2019-03-17,2,ER,50,36,14,6,4,18,72.23
2019-03-18,2,ER,50,38,4,8,4,24,77.78
2019-03-19,2,ER,50,39,5,8,3,24,78.38
2019-03-20,2,ER,50,44,8,4,2,20,88.74
2019-03-21,2,ER,50,40,7,5,4,23,80.81
2019-03-22,2,ER,50,39,2,8,2,25,79.38
2019-03-23,2,ER,50,33,7,6,1,24,66.52
2019-03-24,2,ER,50,38,8,4,4,22,76.44
2019-03-25,2,ER,50,45,9,7,3,24,91.27
2019-03-26,2,ER,50,42,12,10,3,20,85.94
2019-03-27,2,ER,50,40,10,6,3,19,80.21
2019-03-28,2,ER,50,41,5,5,3,28,82.2
2019-03-29,2,ER,50,38,8,3,4,23,77.6
2019-03-30,2,ER,50,39,4,3,3,23,79.48
2019-03-31,2,ER,50,29,7,3,3,23,58.33
2019-04-01,2,ER,50,40,7,5,3,22,80.53
2019-04-02,2,ER,50,44,10,6,2,21,89.76
2019-04-03,2,ER,50,41,13,9,2,24,83.12
2019-04-04,2,ER,50,42,5,4,2,24,84.55
2019-04-05,2,ER,50,41,6,4,1,23,83.2
2019-04-06,2,ER,50,33,9,0,3,23,67.89
2019-04-07,2,ER,50,34,9,4,3,18,69.31
2019-04-08,2,ER,50,43,9,8,1,21,86.79
2019-04-09,2,ER,50,42,10,8,3,24,84.54
2019-04-10,2,ER,50,40,7,9,3,24,80.59
2019-04-11,2,ER,50,43,7,6,1,21,86.49
2019-04-12,2,ER,50,39,5,6,2,22,79.67
2019-04-13,2,ER,50,37,6,7,3,23,75.42
2019-04-14,2,ER,50,32,14,8,3,20,65.29
2019-04-15,2,ER,50,42,12,10,2,21,85.92
2019-04-16,2,ER,50,41,7,9,3,25,82.38
2019-04-17,2,ER,50,41,8,6,4,22,83.9
2019-04-18,2,ER,50,43,12,11,2,24,87.94
2019-04-19,2,ER,50,41,7,1,4,20,82.73
2019-04-20,2,ER,50,42,5,6,4,23,85.44
2019-04-21,2,ER,50,37,6,8,2,24,74.49
2019-04-22,2,ER,50,44,9,3,2,19,88.43
2019-04-23,2,ER,50,39,9,7,4,23,78.9
2019-04-24,2,ER,50,37,11,11,1,18,74.02
2019-04-25,2,ER,50,43,8,11,1,22,87.76
2019-04-26,2,ER,50,37,6,11,2,21,75.59
2019-04-27,2,ER,50,35,8,6,4,21,70.82
2019-04-28,2,ER,50,33,5,7,2,23,66.47
2019-04-29,2,ER,50,44,7,10,4,19,89.3
2019-04-30,2,ER,50,39,9,6,1,25,79.36
2019-05-01,2,ER,50,36,7,10,3,20,72.45
2019-05-02,2,ER,50,40,5,5,2,21,80.67
2019-05-03,2,ER,50,41,7,6,3,18,83.55
2019-05-04,2,ER,50,30,7,12,1,19,60.7
2019-05-05,2,ER,50,28,9,10,2,20,57.93
2019-05-06,2,ER,50,36,8,8,1,21,73.58
2019-05-07,2,ER,50,39,5,12,2,22,78.66
2019-05-08,2,ER,50,39,16,5,2,23,78.35
2019-05-09,2,ER,50,36,15,9,2,23,73.0
2019-05-10,2,ER,50,43,6,8,3,23,86.98
2019-05-11,2,ER,50,32,10,4,4,22,65.31
2019-05-12,2,ER,50,31,10,8,2,19,63.0
2019-05-13,2,ER,50,36,6,9,2,23,73.81
2019-05-14,2,ER,50,38,7,7,2,22,77.81
2019-05-15,2,ER,50,35,13,10,2,19,71.01
2019-05-16,2,ER,50,37,8,3,2,20,75.81
2019-05-17,2,ER,50,37,3,7,4,22,75.01
2019-05-18,2,ER,50,27,8,5,4,21,54.1
2019-05-19,2,ER,50,31,6,4,1,17,62.71
2019-05-20,2,ER,50,37,4,5,3,17,74.28
2019-05-21,2,ER,50,38,5,6,3,23,76.76
2019-05-22,2,ER,50,36,6,16,1,24,73.33
2019-05-23,2,ER,50,40,7,5,3,21,81.15
2019-05-24,2,ER,50,36,9,4,4,26,72.84
2019-05-25,2,ER,50,32,10,4,1,15,64.95
2019-05-26,2,ER,50,29,7,9,1,19,59.44
2019-05-27,2,ER,50,40,6,9,2,26,81.34
2019-05-28,2,ER,50,38,11,9,2,21,76.71
2019-05-29,2,ER,50,40,4,5,3,23,81.91
2019-05-30,2,ER,50,39,4,10,2,24,79.57
2019-05-31,2,ER,50,37,9,5,4,21,75.89
2019-06-01,2,ER,50,27,8,10,3,19,54.01
2019-06-02,2,ER,50,25,9,11,4,20,51.86
2019-06-03,2,ER,50,36,7,4,2,22,73.72
2019-06-04,2,ER,50,37,4,8,4,18,74.12
2019-06-05,2,ER,50,34,4,6,3,19,68.91
2019-06-06,2,ER,50,33,8,6,2,22,67.97
2019-06-07,2,ER,50,34,6,6,3,20,68.49
2019-06-08,2,ER,50,28,7,5,2,18,57.93
2019-06-09,2,ER,50,31,6,9,3,21,63.74
2019-06-10,2,ER,50,34,5,5,3,18,69.85
2019-06-11,2,ER,50,37,5,3,2,21,75.26
2019-06-12,2,ER,50,38,4,5,1,19,76.15
2019-06-13,2,ER,50,33,9,4,3,23,66.12
2019-06-14,2,ER,50,38,5,7,4,20,76.62
2019-06-15,2,ER,50,25,5,10,3,19,50.89
2019-06-16,2,ER,50,29,4,9,2,19,58.49
2019-06-17,2,ER,50,31,8,6,1,23,63.17
2019-06-18,2,ER,50,35,7,7,4,19,70.06
2019-06-19,2,ER,50,35,10,6,2,23,70.78
2019-06-20,2,ER,50,38,7,7,2,23,77.7
2019-06-21,2,ER,50,39,8,11,3,21,78.98
2019-06-22,2,ER,50,30,9,4,2,15,60.47
2019-06-23,2,ER,50,26,8,2,1,22,53.2
2019-06-24,2,ER,50,35,5,6,4,22,71.57
2019-06-25,2,ER,50,36,8,5,4,22,72.98
2019-06-26,2,ER,50,29,8,6,1,20,59.45
2019-06-27,2,ER,50,35,7,2,3,20,70.36
2019-06-28,2,ER,50,35,8,7,3,21,70.98
2019-06-29,2,ER,50,25,6,6,3,21,51.86
2019-06-30,2,ER,50,24,3,3,3,17,48.61
2019-07-01,2,ER,50,26,5,4,5,21,53.84
2019-07-02,2,ER,50,28,6,7,1,21,57.11
2019-07-03,2,ER,50,31,10,8,2,15,62.28
2019-07-04,2,ER,50,27,8,3,1,19,54.66
2019-07-05,2,ER,50,31,9,5,4,19,62.44
2019-07-06,2,ER,50,22,8,5,2,19,44.17
2019-07-07,2,ER,50,20,4,6,4,21,40.13
2019-07-08,2,ER,50,27,5,6,2,20,55.26
2019-07-09,2,ER,50,33,9,5,1,21,66.16
2019-07-10,2,ER,50,28,2,5,3,17,56.81
2019-07-11,2,ER,50,28,6,9,3,20,57.84
2019-07-12,2,ER,50,30,4,10,2,19,60.53
2019-07-13,2,ER,50,26,3,8,1,20,52.2
2019-07-14,2,ER,50,25,5,8,2,22,50.6
2019-07-15,2,ER,50,29,11,10,1,19,58.59
2019-07-16,2,ER,50,28,6,9,3,23,57.3
2019-07-17,2,ER,50,28,4,8,1,18,57.66
2019-07-18,2,ER,50,31,14,8,3,20,63.22
2019-07-19,2,ER,50,29,6,6,1,20,59.38
2019-07-20,2,ER,50,21,13,3,2,22,43.9
2019-07-21,2,ER,50,22,9,7,2,16,44.56
2019-07-22,2,ER,50,27,5,2,4,23,54.97
2019-07-23,2,ER,50,29,8,8,3,21,59.87
2019-07-24,2,ER,50,34,5,9,2,20,69.86
2019-07-25,2,ER,50,33,9,8,2,22,67.63
2019-07-26,2,ER,50,36,8,5,3,22,72.73
2019-07-27,2,ER,50,25,9,8,3,18,51.6
2019-07-28,2,ER,50,24,8,7,2,19,49.73
2019-07-29,2,ER,50,29,8,10,4,21,58.1
2019-07-30,2,ER,50,32,4,3,3,21,65.2
2019-07-31,2,ER,50,33,8,5,3,21,67.32
2019-08-01,2,ER,50,26,4,5,4,23,53.34
2019-08-02,2,ER,50,28,9,6,2,18,57.05
2019-08-03,2,ER,50,20,5,6,2,20,41.69
2019-08-04,2,ER,50,22,5,3,1,17,45.79
2019-08-05,2,ER,50,29,4,4,1,19,58.54
2019-08-06,2,ER,50,28,7,9,2,20,56.83
2019-08-07,2,ER,50,26,9,8,2,21,53.54
2019-08-08,2,ER,50,26,8,9,2,22,53.21
2019-08-09,2,ER,50,28,1,3,2,20,56.45
2019-08-10,2,ER,50,18,7,4,2,18,36.55
2019-08-11,2,ER,50,29,8,12,2,19,58.75
2019-08-12,2,ER,50,27,11,4,1,21,55.97
2019-08-13,2,ER,50,27,7,7,2,21,55.51
2019-08-14,2,ER,50,32,5,8,1,23,64.96
2019-08-15,2,ER,50,30,4,2,1,19,60.44
2019-08-16,2,ER,50,28,9,9,1,22,57.96
2019-08-17,2,ER,50,25,6,7,2,20,51.33
2019-08-18,2,ER,50,19,4,5,4,18,39.11
2019-08-19,2,ER,50,32,10,6,2,19,64.42
2019-08-20,2,ER,50,28,7,6,2,22,57.61
2019-08-21,2,ER,50,27,9,7,2,23,55.58
2019-08-22,2,ER,50,27,13,5,3,21,55.98
2019-08-23,2,ER,50,26,8,6,1,18,52.45
2019-08-24,2,ER,50,24,8,9,2,22,48.79
2019-08-25,2,ER,50,17,8,7,1,18,35.7
2019-08-26,2,ER,50,28,5,10,3,17,57.87
2019-08-27,2,ER,50,28,7,11,2,21,56.35
2019-08-28,2,ER,50,28,6,5,1,22,56.9
2019-08-29,2,ER,50,29,5,9,4,21,59.13
2019-08-30,2,ER,50,25,5,3,3,22,51.09
2019-08-31,2,ER,50,21,10,8,2,17,43.24
2019-09-01,2,ER,50,19,6,5,2,17,38.53
2019-09-02,2,ER,50,26,4,7,2,23,53.0
2019-09-03,2,ER,50,23,10,9,2,18,47.69
2019-09-04,2,ER,50,29,13,2,2,20,59.39
2019-09-05,2,ER,50,26,7,8,1,22,53.63
2019-09-06,2,ER,50,28,8,9,2,21,57.26
2019-09-07,2,ER,50,16,4,5,2,18,32.11
2019-09-08,2,ER,50,19,8,6,4,19,39.69
2019-09-09,2,ER,50,24,6,6,3,20,49.7
2019-09-10,2,ER,50,25,5,6,2,18,51.5
2019-09-11,2,ER,50,28,9,7,3,21,57.94
2019-09-12,2,ER,50,32,7,7,3,21,64.04
2019-09-13,2,ER,50,26,9,7,3,19,53.05
2019-09-14,2,ER,50,19,8,6,3,16,39.86
2019-09-15,2,ER,50,18,5,8,3,22,37.42
2019-09-16,2,ER,50,28,8,7,2,22,57.06
2019-09-17,2,ER,50,27,15,10,2,22,55.51
2019-09-18,2,ER,50,30,6,8,3,22,60.05
2019-09-19,2,ER,50,29,6,8,5,21,59.06
2019-09-20,2,ER,50,28,7,13,3,24,56.35
2019-09-21,2,ER,50,25,10,5,2,19,50.35
2019-09-22,2,ER,50,20,9,6,2,20,40.56
2019-09-23,2,ER,50,25,9,7,3,20,50.02
2019-09-24,2,ER,50,25,4,5,2,21,50.04
2019-09-25,2,ER,50,25,6,10,2,17,51.98
2019-09-26,2,ER,50,31,9,8,3,22,62.47
2019-09-27,2,ER,50,25,6,13,1,17,50.65
2019-09-28,2,ER,50,24,8,5,3,20,48.14
2019-09-29,2,ER,50,18,6,8,2,20,36.68
2019-09-30,2,ER,50,22,6,5,3,20,44.78
2019-10-01,2,ER,50,24,12,11,4,16,49.06
2019-10-02,2,ER,50,27,5,12,3,22,54.77
2019-10-03,2,ER,50,31,4,6,3,21,62.58
2019-10-04,2,ER,50,22,9,5,3,16,45.87
2019-10-05,2,ER,50,15,8,6,2,16,31.77
2019-10-06,2,ER,50,22,10,11,3,21,45.52
2019-10-07,2,ER,50,32,8,7,3,20,64.73
2019-10-08,2,ER,50,23,2,8,1,20,47.15
2019-10-09,2,ER,50,24,7,14,3,19,49.72
2019-10-10,2,ER,50,30,6,6,2,22,60.91
2019-10-11,2,ER,50,30,10,10,1,24,61.95
2019-10-12,2,ER,50,21,7,7,3,18,42.76
2019-10-13,2,ER,50,22,9,5,2,21,45.68
2019-10-14,2,ER,50,31,10,8,1,22,62.74
2019-10-15,2,ER,50,30,8,9,2,21,61.33
2019-10-16,2,ER,50,29,3,4,3,21,58.33
2019-10-17,2,ER,50,29,10,8,3,18,58.79
2019-10-18,2,ER,50,29,7,11,2,22,59.67
2019-10-19,2,ER,50,20,7,3,2,20,40.31
2019-10-20,2,ER,50,20,9,6,2,17,41.77
2019-10-21,2,ER,50,29,8,8,3,19,59.12
2019-10-22,2,ER,50,32,11,7,2,18,64.02
2019-10-23,2,ER,50,26,5,10,3,22,53.81
2019-10-24,2,ER,50,27,9,9,3,22,55.71
2019-10-25,2,ER,50,22,10,8,5,20,45.24
2019-10-26,2,ER,50,19,5,5,3,16,38.74
2019-10-27,2,ER,50,19,6,9,2,21,39.48
2019-10-28,2,ER,50,25,8,5,4,18,51.62
2019-10-29,2,ER,50,26,9,12,2,21,52.95
2019-10-30,2,ER,50,26,7,4,5,21,53.11
2019-10-31,2,ER,50,30,5,1,2,22,61.63
2019-11-01,2,ER,50,33,11,8,3,19,67.03
2019-11-02,2,ER,50,22,8,2,2,22,44.21
2019-11-03,2,ER,50,22,6,4,3,20,44.26
2019-11-04,2,ER,50,31,9,4,2,23,62.36
2019-11-05,2,ER,50,33,16,6,2,19,66.32
2019-11-06,2,ER,50,25,11,9,3,20,50.56
2019-11-07,2,ER,50,32,11,4,4,22,65.7
2019-11-08,2,ER,50,33,6,10,2,17,67.29
2019-11-09,2,ER,50,20,7,6,2,18,40.71
2019-11-10,2,ER,50,22,8,7,2,15,45.03
2019-11-11,2,ER,50,27,11,9,2,23,55.02
2019-11-12,2,ER,50,32,5,7,2,24,64.98
2019-11-13,2,ER,50,36,9,10,2,21,72.53
2019-11-14,2,ER,50,33,5,7,3,21,67.61
2019-11-15,2,ER,50,32,8,4,3,21,65.71
2019-11-16,2,ER,50,21,8,8,2,18,43.77
2019-11-17,2,ER,50,26,12,11,3,18,52.24
2019-11-18,2,ER,50,33,7,8,3,23,66.79
2019-11-19,2,ER,50,29,12,5,3,20,59.92
2019-11-20,2,ER,50,34,7,7,4,20,69.82
2019-11-21,2,ER,50,33,6,11,2,21,67.29
2019-11-22,2,ER,50,31,5,3,2,22,62.32
2019-11-23,2,ER,50,27,5,4,3,20,54.65
2019-11-24,2,ER,50,25,4,12,5,18,51.53
2019-11-25,2,ER,50,32,4,10,4,22,64.84
2019-11-26,2,ER,50,25,4,7,4,17,50.49
2019-11-27,2,ER,50,32,8,11,2,21,65.79
2019-11-28,2,ER,50,31,7,5,1,21,63.03
2019-11-29,2,ER,50,28,8,6,2,20,57.59
2019-11-30,2,ER,50,24,4,10,2,20,49.74
2019-12-01,2,ER,50,30,6,6,1,18,60.08
2019-12-02,2,ER,50,34,11,5,1,20,68.22
2019-12-03,2,ER,50,34,12,8,5,22,69.75
2019-12-04,2,ER,50,37,9,3,3,23,75.18
2019-12-05,2,ER,50,39,11,8,3,23,79.48
2019-12-06,2,ER,50,36,7,11,3,21,73.07
2019-12-07,2,ER,50,27,3,13,2,22,54.18
2019-12-08,2,ER,50,26,9,7,2,19,53.97
2019-12-09,2,ER,50,36,9,8,3,23,72.57
2019-12-10,2,ER,50,33,7,10,2,23,66.9
2019-12-11,2,ER,50,33,7,9,1,20,66.3
2019-12-12,2,ER,50,37,8,7,2,19,75.68
2019-12-13,2,ER,50,35,6,5,2,21,71.82
2019-12-14,2,ER,50,24,7,9,2,18,49.99
2019-12-15,2,ER,50,21,7,2,2,16,43.78
2019-12-16,2,ER,50,36,7,2,2,21,72.94
2019-12-17,2,ER,50,33,10,5,3,22,66.22
2019-12-18,2,ER,50,32,3,5,1,23,64.67
2019-12-19,2,ER,50,32,11,3,4,20,65.03
2019-12-20,2,ER,50,36,11,4,2,24,72.32
2019-12-21,2,ER,50,31,5,7,3,18,62.15
2019-12-22,2,ER,50,28,8,6,3,16,56.36
2019-12-23,2,ER,50,31,5,6,3,17,63.87
2019-12-24,2,ER,50,34,12,5,3,21,69.43
2019-12-25,2,ER,50,34,6,10,4,23,69.09
2019-12-26,2,ER,50,34,8,12,3,18,69.26
2019-12-27,2,ER,50,32,8,8,4,21,65.87
2019-12-28,2,ER,50,25,10,3,3,21,50.27
2019-12-29,2,ER,50,29,4,4,1,22,58.79
2019-12-30,2,ER,50,34,10,6,1,17,68.23
2019-12-31,2,ER,50,34,8,6,1,23,69.11
2020-01-01,2,ER,50,47,7,3,3,23,95.0
2020-01-02,2,ER,50,43,4,8,2,19,87.01
2020-01-03,2,ER,50,47,7,5,3,20,95.0
2020-01-04,2,ER,50,41,7,2,3,23,83.09
2020-01-05,2,ER,50,40,6,11,3,19,80.81
2020-01-06,2,ER,50,47,5,10,4,25,94.02
2020-01-07,2,ER,50,47,10,7,1,21,95.0
2020-01-08,2,ER,50,47,8,4,1,23,95.0
2020-01-09,2,ER,50,47,7,5,3,22,95.0
2020-01-10,2,ER,50,47,5,12,2,24,95.0
2020-01-11,2,ER,50,40,8,5,1,22,81.77
2020-01-12,2,ER,50,41,6,7,3,21,82.28
2020-01-13,2,ER,50,47,9,7,1,21,95.0
2020-01-14,2,ER,50,44,6,9,1,24,88.33
2020-01-15,2,ER,50,47,3,3,2,22,95.0
2020-01-16,2,ER,50,47,7,7,1,20,95.0
2020-01-17,2,ER,50,47,10,9,2,24,95.0
2020-01-18,2,ER,50,45,4,7,2,20,90.3
2020-01-19,2,ER,50,35,9,7,1,21,70.67
2020-01-20,2,ER,50,47,10,12,1,26,95.0
2020-01-21,2,ER,50,40,14,9,2,19,81.37
2020-01-22,2,ER,50,47,11,7,3,23,95.0
2020-01-23,2,ER,50,47,9,4,4,23,95.0
2020-01-24,2,ER,50,46,10,4,5,22,92.39
2020-01-25,2,ER,50,40,10,7,3,19,80.11
2020-01-26,2,ER,50,42,10,5,1,22,84.7
2020-01-27,2,ER,50,47,7,5,3,24,95.0
2020-01-28,2,ER,50,47,7,11,3,25,94.74
2020-01-29,2,ER,50,47,14,4,3,19,95.0
2020-01-30,2,ER,50,47,9,6,3,22,95.0
2020-01-31,2,ER,50,47,10,9,1,22,95.0
2020-02-01,2,ER,50,41,12,2,3,22,82.24
2020-02-02,2,ER,50,47,7,9,1,22,94.12
2020-02-03,2,ER,50,47,7,4,2,25,95.0
2020-02-04,2,ER,50,47,9,5,1,23,95.0
2020-02-05,2,ER,50,47,8,7,2,25,95.0
2020-02-06,2,ER,50,47,7,8,2,23,95.0
2020-02-07,2,ER,50,47,6,2,3,22,95.0
2020-02-08,2,ER,50,40,5,7,3,21,80.95
2020-02-09,2,ER,50,42,9,8,1,22,84.14
2020-02-10,2,ER,50,47,7,6,4,24,95.0
2020-02-11,2,ER,50,47,8,6,2,24,95.0
2020-02-12,2,ER,50,47,5,5,2,24,95.0
2020-02-13,2,ER,50,45,9,8,2,24,91.01
2020-02-14,2,ER,50,47,7,8,2,21,95.0
2020-02-15,2,ER,50,40,3,7,4,19,81.75
2020-02-16,2,ER,50,47,5,9,2,22,95.0
2020-02-17,2,ER,50,47,5,5,3,25,95.0
2020-02-18,2,ER,50,47,13,4,2,21,95.0
2020-02-19,2,ER,50,47,6,3,2,23,95.0
2020-02-20,2,ER,50,47,6,6,1,22,95.0
2020-02-21,2,ER,50,47,11,6,3,23,95.0
2020-02-22,2,ER,50,41,6,14,1,23,82.38
2020-02-23,2,ER,50,46,4,4,1,24,92.85
2020-02-24,2,ER,50,47,4,5,1,25,95.0
2020-02-25,2,ER,50,46,11,5,2,20,93.11
2020-02-26,2,ER,50,47,10,6,3,24,95.0
2020-02-27,2,ER,50,47,9,4,4,25,95.0
2020-02-28,2,ER,50,47,9,4,2,22,95.0
2020-02-29,2,ER,50,40,9,4,1,23,81.75
2020-03-01,2,ER,50,45,9,9,3,21,91.85
2020-03-02,2,ER,50,47,4,4,3,22,95.0
2020-03-03,2,ER,50,47,9,6,2,22,95.0
2020-03-04,2,ER,50,47,6,10,3,25,95.0
2020-03-05,2,ER,50,47,6,11,3,25,95.0
2020-03-06,2,ER,50,47,7,8,2,21,94.5
2020-03-07,2,ER,50,42,8,4,3,22,84.89
2020-03-08,2,ER,50,43,5,7,2,22,87.07
2020-03-09,2,ER,50,47,6,5,2,23,95.0
2020-03-10,2,ER,50,47,4,8,4,23,95.0
2020-03-11,2,ER,50,47,8,6,4,22,95.0
2020-03-12,2,ER,50,47,12,2,2,25,95.0
2020-03-13,2,ER,50,47,7,5,4,21,95.0
2020-03-14,2,ER,50,45,4,5,2,23,90.19
2020-03-15,2,ER,50,43,10,11,1,25,87.48
2020-03-16,2,ER,50,47,5,7,3,22,95.0
2020-03-17,2,ER,50,47,12,14,1,21,95.0
2020-03-18,2,ER,50,47,4,10,3,21,95.0
2020-03-19,2,ER,50,47,8,9,2,24,95.0
2020-03-20,2,ER,50,47,6,5,2,23,95.0
2020-03-21,2,ER,50,42,4,7,3,24,85.29
2020-03-22,2,ER,50,41,5,13,4,23,83.25
2020-03-23,2,ER,50,47,11,13,3,24,95.0
2020-03-24,2,ER,50,47,5,4,3,22,94.62
2020-03-25,2,ER,50,47,11,6,2,25,95.0
2020-03-26,2,ER,50,47,5,7,1,23,95.0
2020-03-27,2,ER,50,47,8,8,4,27,95.0
2020-03-28,2,ER,50,43,8,12,3,21,87.46
2020-03-29,2,ER,50,41,12,9,2,24,82.62
2020-03-30,2,ER,50,47,9,5,3,23,95.0
2020-03-31,2,ER,50,47,10,7,1,24,95.0
2020-04-01,2,ER,50,47,11,10,3,23,95.0
2020-04-02,2,ER,50,47,3,7,3,22,95.0
2020-04-03,2,ER,50,46,6,6,2,24,93.99
2020-04-04,2,ER,50,47,10,6,1,23,94.31
2020-04-05,2,ER,50,43,9,4,4,22,87.32
2020-04-06,2,ER,50,47,9,6,2,21,95.0
2020-04-07,2,ER,50,47,10,4,2,24,95.0
2020-04-08,2,ER,50,47,7,10,3,22,95.0
2020-04-09,2,ER,50,47,11,4,2,24,95.0
2020-04-10,2,ER,50,47,7,5,2,21,95.0
2020-04-11,2,ER,50,43,10,12,3,21,87.17
2020-04-12,2,ER,50,43,5,6,3,24,86.99
2020-04-13,2,ER,50,47,7,3,2,25,95.0
2020-04-14,2,ER,50,47,10,7,3,25,95.0
2020-04-15,2,ER,50,47,6,8,2,22,95.0
2020-04-16,2,ER,50,47,7,12,3,23,95.0
2020-04-17,2,ER,50,47,7,8,3,22,95.0
2020-04-18,2,ER,50,43,6,9,3,24,87.93
2020-04-19,2,ER,50,43,5,10,1,23,87.02
2020-04-20,2,ER,50,47,2,10,4,25,95.0
2020-04-21,2,ER,50,47,5,3,3,26,95.0
2020-04-22,2,ER,50,47,6,8,2,23,95.0
2020-04-23,2,ER,50,47,11,9,3,24,95.0
2020-04-24,2,ER,50,47,13,12,2,23,95.0
2020-04-25,2,ER,50,44,10,5,1,21,89.17
2020-04-26,2,ER,50,40,9,9,3,20,81.15
2020-04-27,2,ER,50,47,7,6,2,26,95.0
2020-04-28,2,ER,50,47,10,4,3,21,95.0
2020-04-29,2,ER,50,47,9,6,4,26,95.0
2020-04-30,2,ER,50,47,8,2,3,26,94.68
2020-05-01,2,ER,50,47,8,4,3,26,94.11
2020-05-02,2,ER,50,41,10,5,1,20,83.82
2020-05-03,2,ER,50,44,9,8,3,22,89.97
2020-05-04,2,ER,50,47,6,4,1,22,95.0
2020-05-05,2,ER,50,47,12,7,2,22,95.0
2020-05-06,2,ER,50,47,10,4,3,25,95.0
2020-05-07,2,ER,50,45,5,10,2,24,90.15
2020-05-08,2,ER,50,47,5,7,3,20,95.0
2020-05-09,2,ER,50,40,9,8,1,22,80.83
2020-05-10,2,ER,50,40,6,9,3,19,81.59
2020-05-11,2,ER,50,47,8,13,2,22,94.18
2020-05-12,2,ER,50,47,14,1,4,26,95.0
2020-05-13,2,ER,50,47,8,7,1,24,95.0
2020-05-14,2,ER,50,42,2,7,2,21,84.33
2020-05-15,2,ER,50,46,5,13,2,22,93.59
2020-05-16,2,ER,50,45,5,5,2,27,90.37
2020-05-17,2,ER,50,39,8,6,3,24,78.31
2020-05-18,2,ER,50,46,6,7,1,25,94.0
2020-05-19,2,ER,50,46,9,7,3,22,93.87
2020-05-20,2,ER,50,44,9,9,3,23,88.47
2020-05-21,2,ER,50,47,8,3,2,24,94.94
2020-05-22,2,ER,50,47,8,9,3,23,95.0
2020-05-23,2,ER,50,40,5,6,3,19,81.21
2020-05-24,2,ER,50,41,10,3,3,22,83.27
2020-05-25,2,ER,50,44,6,4,4,22,88.04
2020-05-26,2,ER,50,47,4,5,2,22,95.0
2020-05-27,2,ER,50,47,11,7,3,26,95.0
2020-05-28,2,ER,50,47,7,9,3,19,95.0
2020-05-29,2,ER,50,47,7,5,3,23,95.0
2020-05-30,2,ER,50,39,7,8,3,22,79.98
2020-05-31,2,ER,50,43,9,12,3,23,86.99
2020-06-01,2,ER,50,44,3,6,3,22,89.5
2020-06-02,2,ER,50,44,8,7,3,26,89.59
2020-06-03,2,ER,50,46,15,6,2,21,93.82
2020-06-04,2,ER,50,42,6,5,3,24,85.52
2020-06-05,2,ER,50,39,3,8,2,22,78.16
2020-06-06,2,ER,50,35,6,3,3,22,71.83
2020-06-07,2,ER,50,38,8,10,5,24,77.38
2020-06-08,2,ER,50,46,7,7,2,23,93.69
2020-06-09,2,ER,50,47,5,6,3,23,95.0
2020-06-10,2,ER,50,46,8,5,4,23,93.15
2020-06-11,2,ER,50,45,7,10,3,22,91.39
2020-06-12,2,ER,50,45,9,7,1,21,91.2
2020-06-13,2,ER,50,39,9,5,2,20,79.43
2020-06-14,2,ER,50,40,4,9,4,23,80.09
2020-06-15,2,ER,50,44,10,5,1,24,89.89
2020-06-16,2,ER,50,44,3,4,3,22,89.4
2020-06-17,2,ER,50,44,8,5,1,23,88.96
2020-06-18,2,ER,50,46,7,10,1,24,93.32
2020-06-19,2,ER,50,46,6,4,3,21,92.47
2020-06-20,2,ER,50,38,8,4,1,22,76.23
2020-06-21,2,ER,50,37,7,10,3,24,75.86
2020-06-22,2,ER,50,44,2,5,1,22,88.07
2020-06-23,2,ER,50,44,6,8,2,17,88.09
2020-06-24,2,ER,50,44,9,4,3,21,88.49
2020-06-25,2,ER,50,45,6,6,2,22,90.34
2020-06-26,2,ER,50,47,5,5,3,23,95.0
2020-06-27,2,ER,50,34,11,8,3,23,69.74
2020-06-28,2,ER,50,36,11,8,3,24,73.8
2020-06-29,2,ER,50,41,6,3,1,21,82.93
2020-06-30,2,ER,50,47,10,8,3,22,95.0
2020-07-01,2,ER,50,41,7,9,1,21,82.33
2020-07-02,2,ER,50,39,8,3,2,25,79.16
2020-07-03,2,ER,50,44,10,8,4,26,88.35
2020-07-04,2,ER,50,31,10,6,2,19,62.91
2020-07-05,2,ER,50,35,7,4,2,22,70.12
2020-07-06,2,ER,50,43,7,4,2,23,87.81
2020-07-07,2,ER,50,42,5,9,1,19,84.41
2020-07-08,2,ER,50,42,4,6,5,26,85.58
2020-07-09,2,ER,50,43,0,6,3,21,86.69
2020-07-10,2,ER,50,43,12,7,4,22,87.27
2020-07-11,2,ER,50,34,5,9,3,23,68.3
2020-07-12,2,ER,50,33,7,4,2,21,67.22
2020-07-13,2,ER,50,40,8,4,3,24,80.33
2020-07-14,2,ER,50,42,8,11,2,23,84.51
2020-07-15,2,ER,50,43,8,7,2,22,86.26
2020-07-16,2,ER,50,37,6,9,3,20,75.79
2020-07-17,2,ER,50,39,8,6,3,25,78.53
2020-07-18,2,ER,50,36,7,11,2,22,72.63
2020-07-19,2,ER,50,35,6,7,4,22,71.72
2020-07-20,2,ER,50,42,3,4,3,20,85.5
2020-07-21,2,ER,50,43,6,6,3,23,87.83
2020-07-22,2,ER,50,36,8,3,3,22,73.03
2020-07-23,2,ER,50,40,14,5,3,23,81.78
2020-07-24,2,ER,50,40,7,6,4,22,81.21
2020-07-25,2,ER,50,32,11,8,3,19,65.59
2020-07-26,2,ER,50,28,6,9,2,21,56.57
2020-07-27,2,ER,50,46,10,6,1,22,92.45
2020-07-28,2,ER,50,41,6,6,4,24,83.09
2020-07-29,2,ER,50,42,7,1,4,24,85.9
2020-07-30,2,ER,50,39,6,7,1,21,79.43
2020-07-31,2,ER,50,40,6,7,3,20,80.8
2020-08-01,2,ER,50,33,9,10,1,21,67.85
2020-08-02,2,ER,50,28,6,9,4,16,56.19
2020-08-03,2,ER,50,37,7,7,1,22,74.79
2020-08-04,2,ER,50,43,3,3,2,24,86.74
2020-08-05,2,ER,50,35,10,3,3,20,70.57
2020-08-06,2,ER,50,38,6,7,2,19,76.7
2020-08-07,2,ER,50,38,6,8,1,21,76.22
2020-08-08,2,ER,50,27,5,6,1,17,55.67
2020-08-09,2,ER,50,25,11,10,3,19,50.47
2020-08-10,2,ER,50,42,9,9,1,23,84.69
2020-08-11,2,ER,50,40,10,9,1,21,80.75
2020-08-12,2,ER,50,35,6,11,3,21,71.26
2020-08-13,2,ER,50,40,7,6,1,20,81.22
2020-08-14,2,ER,50,36,5,3,2,18,73.8
2020-08-15,2,ER,50,30,10,6,3,21,61.93
2020-08-16,2,ER,50,26,6,11,2,19,53.53
2020-08-17,2,ER,50,40,9,9,1,24,80.22
2020-08-18,2,ER,50,38,6,4,4,21,77.59
2020-08-19,2,ER,50,40,7,11,4,20,80.04
2020-08-20,2,ER,50,40,10,8,1,21,81.19
2020-08-21,2,ER,50,35,8,13,1,22,71.33
2020-08-22,2,ER,50,28,7,8,2,20,56.7
2020-08-23,2,ER,50,28,5,10,2,23,56.94
2020-08-24,2,ER,50,39,5,10,1,19,79.73
2020-08-25,2,ER,50,39,6,11,2,22,79.81
2020-08-26,2,ER,50,40,10,7,3,24,80.17
2020-08-27,2,ER,50,39,7,3,1,24,79.47
2020-08-28,2,ER,50,38,7,5,3,20,77.26
2020-08-29,2,ER,50,33,8,8,1,20,67.69
2020-08-30,2,ER,50,31,7,15,3,22,62.42
2020-08-31,2,ER,50,38,9,7,3,23,76.63
2020-09-01,2,ER,50,39,10,6,2,23,78.75
2020-09-02,2,ER,50,39,6,3,3,20,79.73
2020-09-03,2,ER,50,33,11,9,3,19,67.23
2020-09-04,2,ER,50,37,11,3,5,16,74.66
2020-09-05,2,ER,50,29,5,6,3,19,58.59
2020-09-06,2,ER,50,30,5,8,3,20,61.31
2020-09-07,2,ER,50,36,6,3,3,19,73.75
2020-09-08,2,ER,50,40,10,9,3,21,80.33
2020-09-09,2,ER,50,33,3,1,2,16,66.12
2020-09-10,2,ER,50,34,6,6,1,21,69.89
2020-09-11,2,ER,50,34,9,11,3,17,68.1
2020-09-12,2,ER,50,33,14,12,3,21,66.64
2020-09-13,2,ER,50,30,10,8,3,15,60.77
2020-09-14,2,ER,50,36,5,5,4,23,73.59
2020-09-15,2,ER,50,38,5,2,1,26,76.48
2020-09-16,2,ER,50,36,7,2,4,20,72.97
2020-09-17,2,ER,50,34,8,3,2,20,68.03
2020-09-18,2,ER,50,33,4,2,4,19,67.61
2020-09-19,2,ER,50,31,6,5,4,19,63.38
2020-09-20,2,ER,50,26,6,10,3,21,53.9
2020-09-21,2,ER,50,38,7,11,2,23,76.37
2020-09-22,2,ER,50,35,6,8,4,22,70.07
2020-09-23,2,ER,50,34,11,7,4,20,69.04
2020-09-24,2,ER,50,36,16,7,3,19,73.64
2020-09-25,2,ER,50,35,5,9,2,19,71.43
2020-09-26,2,ER,50,26,6,9,3,20,52.93
2020-09-27,2,ER,50,27,8,3,3,20,55.99
2020-09-28,2,ER,50,36,9,5,3,22,72.16
2020-09-29,2,ER,50,41,4,8,3,20,82.86
2020-09-30,2,ER,50,38,3,7,3,22,76.67
2020-10-01,2,ER,50,37,6,7,4,21,74.15
2020-10-02,2,ER,50,38,8,9,2,24,76.84
2020-10-03,2,ER,50,30,7,3,4,16,60.88
2020-10-04,2,ER,50,31,7,8,2,21,63.03
2020-10-05,2,ER,50,36,9,4,3,24,73.15
2020-10-06,2,ER,50,40,5,4,2,18,80.31
2020-10-07,2,ER,50,34,9,7,1,21,68.98
2020-10-08,2,ER,50,38,8,5,3,21,76.94
2020-10-09,2,ER,50,41,13,6,3,24,83.39
2020-10-10,2,ER,50,33,8,8,2,19,66.8
2020-10-11,2,ER,50,35,4,7,2,20,71.71
2020-10-12,2,ER,50,32,8,8,2,21,65.98
2020-10-13,2,ER,50,41,7,4,3,18,83.19
2020-10-14,2,ER,50,38,8,11,1,22,76.36
2020-10-15,2,ER,50,36,8,7,3,18,72.27
2020-10-16,2,ER,50,40,8,5,4,22,81.76
2020-10-17,2,ER,50,31,11,6,3,18,63.02
2020-10-18,2,ER,50,35,7,11,2,23,71.63
2020-10-19,2,ER,50,37,10,6,1,19,75.98
2020-10-20,2,ER,50,35,9,5,4,20,70.16
2020-10-21,2,ER,50,41,13,3,2,20,82.07
2020-10-22,2,ER,50,39,4,6,3,22,79.51
2020-10-23,2,ER,50,37,9,6,3,21,74.02
2020-10-24,2,ER,50,33,7,8,3,21,67.36
2020-10-25,2,ER,50,31,7,10,3,19,63.62
2020-10-26,2,ER,50,35,9,10,3,20,70.34
2020-10-27,2,ER,50,36,7,10,3,21,72.71
2020-10-28,2,ER,50,36,5,7,2,19,72.63
2020-10-29,2,ER,50,38,8,7,3,23,76.65
2020-10-30,2,ER,50,35,7,4,3,19,71.99
2020-10-31,2,ER,50,34,10,9,3,21,68.05
2020-11-01,2,ER,50,33,6,3,2,24,67.6
2020-11-02,2,ER,50,38,3,7,4,20,77.32
2020-11-03,2,ER,50,40,7,8,3,22,81.83
2020-11-04,2,ER,50,35,6,10,2,22,70.16
2020-11-05,2,ER,50,36,12,5,2,19,73.92
2020-11-06,2,ER,50,44,5,8,5,24,89.04
2020-11-07,2,ER,50,31,17,7,3,22,62.55
2020-11-08,2,ER,50,35,7,3,3,24,71.71
2020-11-09,2,ER,50,41,3,6,4,23,83.52
2020-11-10,2,ER,50,43,5,3,2,20,87.31
2020-11-11,2,ER,50,40,10,10,3,19,81.5
2020-11-12,2,ER,50,42,11,5,1,20,85.3
2020-11-13,2,ER,50,41,8,9,4,23,83.83
2020-11-14,2,ER,50,33,5,9,1,21,67.8
2020-11-15,2,ER,50,37,5,11,2,24,75.57
2020-11-16,2,ER,50,39,4,3,2,23,78.35
2020-11-17,2,ER,50,41,6,5,2,21,83.72
2020-11-18,2,ER,50,41,5,7,2,21,83.37
2020-11-19,2,ER,50,40,7,10,3,22,81.62
2020-11-20,2,ER,50,39,6,10,3,25,78.48
2020-11-21,2,ER,50,31,8,4,3,22,63.68
2020-11-22,2,ER,50,31,9,4,1,23,63.52
2020-11-23,2,ER,50,39,9,10,2,26,78.29
2020-11-24,2,ER,50,40,13,6,2,22,80.79
2020-11-25,2,ER,50,46,5,5,2,23,92.3
2020-11-26,2,ER,50,38,7,2,2,23,77.25
2020-11-27,2,ER,50,45,8,9,3,21,90.81
2020-11-28,2,ER,50,35,5,4,4,21,71.83
2020-11-29,2,ER,50,33,6,9,1,20,67.6
2020-11-30,2,ER,50,42,11,6,2,22,85.68
2020-12-01,2,ER,50,41,7,7,2,25,83.32
2020-12-02,2,ER,50,44,7,6,2,20,88.9
2020-12-03,2,ER,50,46,6,12,3,24,92.6
2020-12-04,2,ER,50,47,9,5,1,25,95.0
2020-12-05,2,ER,50,36,5,8,4,21,73.91
2020-12-06,2,ER,50,39,10,10,3,24,79.43
2020-12-07,2,ER,50,47,9,4,4,22,95.0
2020-12-08,2,ER,50,43,5,8,2,27,86.91
2020-12-09,2,ER,50,44,7,5,3,21,89.79
2020-12-10,2,ER,50,43,5,9,3,20,86.29
2020-12-11,2,ER,50,44,7,4,3,24,89.65
2020-12-12,2,ER,50,35,10,11,3,20,70.4
2020-12-13,2,ER,50,40,9,4,2,18,80.62
2020-12-14,2,ER,50,43,6,7,4,22,86.34
2020-12-15,2,ER,50,47,9,7,3,24,95.0
2020-12-16,2,ER,50,44,7,3,5,22,88.93
2020-12-17,2,ER,50,47,4,4,1,19,94.95
2020-12-18,2,ER,50,47,2,5,4,20,95.0
2020-12-19,2,ER,50,38,9,8,4,21,77.97
2020-12-20,2,ER,50,36,5,11,4,21,72.72
2020-12-21,2,ER,50,41,6,5,2,25,83.65
2020-12-22,2,ER,50,47,5,11,2,25,95.0
2020-12-23,2,ER,50,41,8,9,3,25,82.25
2020-12-24,2,ER,50,42,10,7,3,20,85.83
2020-12-25,2,ER,50,41,12,5,1,24,83.4
2020-12-26,2,ER,50,40,11,6,2,18,81.19
2020-12-27,2,ER,50,41,7,3,2,18,82.69
2020-12-28,2,ER,50,46,2,10,2,23,93.14
2020-12-29,2,ER,50,46,6,5,3,23,92.05
2020-12-30,2,ER,50,38,3,8,4,21,77.35
2020-12-31,2,ER,50,46,4,10,4,20,93.78
2021-01-01,2,ER,50,47,11,4,3,25,95.0
2021-01-02,2,ER,50,38,9,7,2,25,76.93
2021-01-03,2,ER,50,41,5,8,1,22,82.69
2021-01-04,2,ER,50,47,5,6,3,19,95.0
2021-01-05,2,ER,50,47,13,10,2,20,95.0
2021-01-06,2,ER,50,45,11,7,3,23,90.32
2021-01-07,2,ER,50,47,14,3,2,21,95.0
2021-01-08,2,ER,50,47,11,7,3,21,95.0
2021-01-09,2,ER,50,40,9,4,3,18,81.42
2021-01-10,2,ER,50,41,5,8,3,18,82.18
2021-01-11,2,ER,50,47,7,6,3,25,95.0
2021-01-12,2,ER,50,47,7,9,3,23,95.0
2021-01-13,2,ER,50,47,11,3,1,19,95.0
2021-01-14,2,ER,50,47,6,8,3,22,95.0
2021-01-15,2,ER,50,47,7,6,2,23,95.0
2021-01-16,2,ER,50,42,4,7,3,19,85.74
2021-01-17,2,ER,50,40,9,9,2,20,80.26
2021-01-18,2,ER,50,47,6,5,2,23,95.0
2021-01-19,2,ER,50,47,9,4,2,21,95.0
2021-01-20,2,ER,50,47,8,5,3,27,95.0
2021-01-21,2,ER,50,47,8,8,1,22,95.0
2021-01-22,2,ER,50,47,9,3,1,25,95.0
2021-01-23,2,ER,50,38,9,3,3,20,77.25
2021-01-24,2,ER,50,41,9,7,2,21,82.23
2021-01-25,2,ER,50,47,10,6,3,22,95.0
2021-01-26,2,ER,50,47,14,6,4,26,95.0
2021-01-27,2,ER,50,47,6,7,3,28,95.0
2021-01-28,2,ER,50,47,11,3,2,23,95.0
2021-01-29,2,ER,50,47,6,7,3,23,95.0
2021-01-30,2,ER,50,39,7,10,4,22,79.65
2021-01-31,2,ER,50,36,10,10,2,24,73.9
2021-02-01,2,ER,50,47,9,5,1,21,95.0
2021-02-02,2,ER,50,47,7,8,4,21,95.0
2021-02-03,2,ER,50,47,5,11,1,20,95.0
2021-02-04,2,ER,50,47,8,5,4,23,95.0
2021-02-05,2,ER,50,47,9,7,2,20,95.0
2021-02-06,2,ER,50,47,9,3,3,23,94.46
2021-02-07,2,ER,50,43,10,12,1,24,86.82
2021-02-08,2,ER,50,47,5,8,2,25,95.0
2021-02-09,2,ER,50,47,13,9,3,22,95.0
2021-02-10,2,ER,50,47,10,8,1,26,95.0
2021-02-11,2,ER,50,47,8,4,3,21,95.0
2021-02-12,2,ER,50,47,6,11,1,24,95.0
2021-02-13,2,ER,50,45,4,6,2,22,91.53
2021-02-14,2,ER,50,43,6,12,4,26,86.89
2021-02-15,2,ER,50,47,7,15,4,23,95.0
2021-02-16,2,ER,50,47,7,7,3,23,95.0
2021-02-17,2,ER,50,47,11,2,2,22,95.0
2021-02-18,2,ER,50,47,5,10,2,21,95.0
2021-02-19,2,ER,50,47,10,9,2,19,95.0
2021-02-20,2,ER,50,39,7,4,4,23,78.58
2021-02-21,2,ER,50,46,12,6,1,20,92.25
2021-02-22,2,ER,50,47,5,8,4,22,95.0
2021-02-23,2,ER,50,47,7,7,3,22,95.0
2021-02-24,2,ER,50,47,4,3,3,24,95.0
2021-02-25,2,ER,50,47,11,10,2,24,95.0
2021-02-26,2,ER,50,47,5,10,5,20,95.0
2021-02-27,2,ER,50,46,8,5,4,21,93.42
2021-02-28,2,ER,50,42,8,8,1,25,85.65
2021-03-01,2,ER,50,47,6,10,3,21,95.0
2021-03-02,2,ER,50,47,13,4,2,23,95.0
2021-03-03,2,ER,50,47,3,5,2,23,95.0
2021-03-04,2,ER,50,47,5,10,2,26,95.0
2021-03-05,2,ER,50,47,8,6,3,21,95.0
2021-03-06,2,ER,50,47,13,8,2,22,95.0
2021-03-07,2,ER,50,41,11,10,4,26,82.76
2021-03-08,2,ER,50,47,2,5,2,24,95.0
2021-03-09,2,ER,50,47,6,3,2,21,95.0
2021-03-10,2,ER,50,47,7,4,2,23,95.0
2021-03-11,2,ER,50,47,5,7,2,22,95.0
2021-03-12,2,ER,50,47,13,11,2,24,95.0
2021-03-13,2,ER,50,46,10,5,4,21,93.77
2021-03-14,2,ER,50,46,11,5,2,20,92.9
2021-03-15,2,ER,50,47,7,7,1,20,95.0
2021-03-16,2,ER,50,47,5,3,3,25,95.0
2021-03-17,2,ER,50,47,7,11,2,21,95.0
2021-03-18,2,ER,50,47,11,7,2,22,95.0
2021-03-19,2,ER,50,47,5,10,4,20,95.0
2021-03-20,2,ER,50,43,10,9,2,25,86.33
2021-03-21,2,ER,50,46,7,9,4,26,92.61
2021-03-22,2,ER,50,47,11,7,3,21,95.0
2021-03-23,2,ER,50,47,15,9,3,24,95.0
2021-03-24,2,ER,50,47,5,6,1,20,95.0
2021-03-25,2,ER,50,47,5,6,2,22,95.0
2021-03-26,2,ER,50,47,7,10,2,22,95.0
2021-03-27,2,ER,50,43,8,4,1,24,87.48
2021-03-28,2,ER,50,44,9,7,2,20,89.76
2021-03-29,2,ER,50,47,6,11,2,21,95.0
2021-03-30,2,ER,50,47,5,6,4,24,95.0
2021-03-31,2,ER,50,47,13,6,2,26,95.0
2021-04-01,2,ER,50,47,5,14,2,19,95.0
2021-04-02,2,ER,50,47,6,7,3,23,95.0
2021-04-03,2,ER,50,44,10,6,1,20,89.71
2021-04-04,2,ER,50,44,8,7,3,22,89.74
2021-04-05,2,ER,50,47,7,6,3,23,95.0
2021-04-06,2,ER,50,47,10,4,2,23,95.0
2021-04-07,2,ER,50,47,14,5,3,26,95.0
2021-04-08,2,ER,50,47,9,11,4,24,95.0
2021-04-09,2,ER,50,47,10,6,2,22,95.0
2021-04-10,2,ER,50,45,5,10,3,27,91.29
2021-04-11,2,ER,50,43,7,5,2,22,87.83
2021-04-12,2,ER,50,47,6,8,4,17,95.0
2021-04-13,2,ER,50,47,4,9,2,22,95.0
2021-04-14,2,ER,50,47,9,3,1,22,95.0
2021-04-15,2,ER,50,47,10,9,2,24,95.0
2021-04-16,2,ER,50,47,4,9,2,20,95.0
2021-04-17,2,ER,50,43,6,7,3,26,87.03
2021-04-18,2,ER,50,45,2,5,2,22,91.46
2021-04-19,2,ER,50,47,6,11,3,20,95.0
2021-04-20,2,ER,50,47,11,4,3,23,95.0
2021-04-21,2,ER,50,47,10,9,1,24,95.0
2021-04-22,2,ER,50,47,3,4,4,22,95.0
2021-04-23,2,ER,50,47,7,5,4,22,95.0
2021-04-24,2,ER,50,42,8,13,2,25,84.78
2021-04-25,2,ER,50,43,7,6,2,22,87.96
2021-04-26,2,ER,50,47,7,8,2,25,95.0
2021-04-27,2,ER,50,47,7,12,2,23,95.0
2021-04-28,2,ER,50,47,9,6,4,22,95.0
2021-04-29,2,ER,50,47,6,9,2,22,95.0
2021-04-30,2,ER,50,47,9,8,2,26,95.0
2021-05-01,2,ER,50,39,9,11,3,19,79.25
2021-05-02,2,ER,50,41,4,7,3,26,82.26
2021-05-03,2,ER,50,47,8,8,1,22,95.0
2021-05-04,2,ER,50,47,5,3,1,25,95.0
2021-05-05,2,ER,50,47,5,7,2,20,95.0
2021-05-06,2,ER,50,47,8,7,3,23,95.0
2021-05-07,2,ER,50,46,14,8,3,23,92.11
2021-05-08,2,ER,50,39,6,11,2,22,78.51
2021-05-09,2,ER,50,36,10,11,3,23,73.01
2021-05-10,2,ER,50,47,5,5,2,24,95.0
2021-05-11,2,ER,50,47,11,8,4,25,95.0
2021-05-12,2,ER,50,47,8,10,3,23,95.0
2021-05-13,2,ER,50,47,8,6,1,25,95.0
2021-05-14,2,ER,50,47,5,11,2,25,94.36
2021-05-15,2,ER,50,39,9,3,3,20,78.12
2021-05-16,2,ER,50,41,4,2,1,18,83.45
2021-05-17,2,ER,50,47,4,6,3,23,95.0
2021-05-18,2,ER,50,47,7,6,2,24,95.0
2021-05-19,2,ER,50,44,10,5,4,24,88.66
2021-05-20,2,ER,50,46,9,4,3,21,93.53
2021-05-21,2,ER,50,44,9,8,2,22,89.1
2021-05-22,2,ER,50,41,6,3,3,25,82.73
2021-05-23,2,ER,50,40,10,4,4,26,81.0
2021-05-24,2,ER,50,47,6,4,3,18,94.34
2021-05-25,2,ER,50,46,8,6,2,22,93.08
2021-05-26,2,ER,50,47,8,8,3,26,95.0
2021-05-27,2,ER,50,47,13,5,1,22,95.0
2021-05-28,2,ER,50,47,4,11,2,25,95.0
2021-05-29,2,ER,50,40,5,13,2,21,80.71
2021-05-30,2,ER,50,42,13,10,2,20,84.37
2021-05-31,2,ER,50,47,5,7,1,20,95.0
2021-06-01,2,ER,50,43,10,7,2,22,86.41
2021-06-02,2,ER,50,47,7,3,3,27,95.0
2021-06-03,2,ER,50,43,7,5,3,24,86.45
2021-06-04,2,ER,50,42,10,7,2,20,84.85
2021-06-05,2,ER,50,39,8,5,4,23,79.06
2021-06-06,2,ER,50,35,5,2,5,25,70.65
2021-06-07,2,ER,50,47,10,15,3,21,95.0
2021-06-08,2,ER,50,45,8,4,2,24,91.11
2021-06-09,2,ER,50,41,7,5,4,21,82.79
2021-06-10,2,ER,50,42,3,7,2,20,85.46
2021-06-11,2,ER,50,44,4,5,4,24,89.43
2021-06-12,2,ER,50,36,8,8,2,20,72.8
2021-06-13,2,ER,50,39,16,7,2,25,79.06
2021-06-14,2,ER,50,45,12,11,2,23,90.64
2021-06-15,2,ER,50,42,6,4,3,23,85.39
2021-06-16,2,ER,50,45,9,4,3,25,91.32
2021-06-17,2,ER,50,45,7,7,2,23,90.59
2021-06-18,2,ER,50,45,13,10,4,25,91.74
2021-06-19,2,ER,50,35,10,3,3,20,70.56
2021-06-20,2,ER,50,39,10,10,2,25,79.58
2021-06-21,2,ER,50,44,7,3,2,22,88.98
2021-06-22,2,ER,50,42,5,6,4,22,84.32
2021-06-23,2,ER,50,43,10,5,1,23,86.03
2021-06-24,2,ER,50,45,8,1,3,23,90.2
2021-06-25,2,ER,50,47,3,9,4,23,94.98
2021-06-26,2,ER,50,41,6,9,3,18,83.4
2021-06-27,2,ER,50,38,8,7,2,24,77.8
2021-06-28,2,ER,50,44,10,9,3,22,88.19
2021-06-29,2,ER,50,47,5,9,2,23,95.0
2021-06-30,2,ER,50,46,4,10,2,26,92.8
2021-07-01,2,ER,50,40,7,6,2,25,81.23
2021-07-02,2,ER,50,43,4,6,4,24,86.18
2021-07-03,2,ER,50,30,4,10,2,22,61.58
2021-07-04,2,ER,50,29,5,9,3,22,58.73
2021-07-05,2,ER,50,39,10,4,4,21,79.81
2021-07-06,2,ER,50,39,11,6,3,21,79.32
2021-07-07,2,ER,50,39,12,6,3,22,78.3
2021-07-08,2,ER,50,41,8,3,1,23,82.37
2021-07-09,2,ER,50,38,7,7,3,21,76.54
2021-07-10,2,ER,50,34,3,8,4,20,69.85
2021-07-11,2,ER,50,32,6,3,2,19,64.25
2021-07-12,2,ER,50,42,13,7,1,23,84.95
2021-07-13,2,ER,50,47,7,4,2,20,95.0
2021-07-14,2,ER,50,40,8,3,1,17,81.33
2021-07-15,2,ER,50,42,8,3,2,22,85.77
2021-07-16,2,ER,50,40,10,3,5,18,81.49
2021-07-17,2,ER,50,35,9,7,4,24,71.8
2021-07-18,2,ER,50,36,7,7,4,23,73.47
2021-07-19,2,ER,50,42,3,7,3,23,85.24
2021-07-20,2,ER,50,41,4,5,3,22,82.8
2021-07-21,2,ER,50,43,6,7,1,23,87.08
2021-07-22,2,ER,50,43,7,12,4,23,86.99
2021-07-23,2,ER,50,40,7,7,3,25,81.12
2021-07-24,2,ER,50,32,6,5,3,22,65.95
2021-07-25,2,ER,50,36,4,14,1,25,73.35
2021-07-26,2,ER,50,39,5,6,2,23,78.56
2021-07-27,2,ER,50,38,4,5,4,22,77.21
2021-07-28,2,ER,50,40,2,7,2,21,81.43
2021-07-29,2,ER,50,45,11,10,3,24,91.6
2021-07-30,2,ER,50,39,4,8,4,22,78.11
2021-07-31,2,ER,50,32,3,7,4,19,64.52
2021-08-01,2,ER,50,30,8,8,3,23,60.04
2021-08-02,2,ER,50,38,5,5,2,21,77.04
2021-08-03,2,ER,50,38,4,3,3,22,77.12
2021-08-04,2,ER,50,37,4,4,3,22,75.09
2021-08-05,2,ER,50,45,12,5,2,18,90.78
2021-08-06,2,ER,50,37,3,10,2,22,74.19
2021-08-07,2,ER,50,30,7,9,3,23,61.02
2021-08-08,2,ER,50,34,9,8,4,22,68.58
2021-08-09,2,ER,50,38,3,11,2,23,77.73
2021-08-10,2,ER,50,39,9,6,3,19,79.1
2021-08-11,2,ER,50,37,6,5,3,19,74.88
2021-08-12,2,ER,50,39,7,3,3,18,79.98
2021-08-13,2,ER,50,36,8,5,3,18,72.14
2021-08-14,2,ER,50,37,12,7,3,19,74.31
2021-08-15,2,ER,50,28,10,13,1,19,56.81
2021-08-16,2,ER,50,39,7,6,3,25,78.99
2021-08-17,2,ER,50,38,10,9,1,24,76.48
2021-08-18,2,ER,50,38,15,8,2,22,77.48
2021-08-19,2,ER,50,35,6,7,3,20,71.3
2021-08-20,2,ER,50,39,7,7,4,21,80.0
2021-08-21,2,ER,50,31,8,12,3,18,63.33
2021-08-22,2,ER,50,29,6,7,2,19,59.91
2021-08-23,2,ER,50,35,11,5,4,19,71.23
2021-08-24,2,ER,50,44,7,5,2,24,89.15
2021-08-25,2,ER,50,41,4,8,3,22,83.11
2021-08-26,2,ER,50,35,8,8,2,21,71.21
2021-08-27,2,ER,50,42,10,10,1,23,84.19
2021-08-28,2,ER,50,33,7,7,2,20,67.07
2021-08-29,2,ER,50,28,5,13,2,18,57.62
2021-08-30,2,ER,50,38,8,6,3,23,77.57
2021-08-31,2,ER,50,42,10,11,1,22,84.43
2021-09-01,2,ER,50,33,5,3,3,22,67.89
2021-09-02,2,ER,50,39,8,4,2,22,78.69
2021-09-03,2,ER,50,37,9,9,2,20,75.72
2021-09-04,2,ER,50,30,6,6,3,19,60.48
2021-09-05,2,ER,50,28,9,3,2,23,56.63
2021-09-06,2,ER,50,38,9,6,4,22,76.87
2021-09-07,2,ER,50,36,11,10,3,22,73.39
2021-09-08,2,ER,50,37,13,5,2,21,75.33
2021-09-09,2,ER,50,35,4,7,3,23,71.46
2021-09-10,2,ER,50,35,11,9,1,22,70.78
2021-09-11,2,ER,50,33,5,8,3,18,66.49
2021-09-12,2,ER,50,26,6,5,2,22,53.86
2021-09-13,2,ER,50,36,2,4,3,20,73.46
2021-09-14,2,ER,50,35,9,6,3,19,71.55
2021-09-15,2,ER,50,39,8,7,2,23,79.31
2021-09-16,2,ER,50,34,9,16,1,21,68.13
2021-09-17,2,ER,50,35,10,7,1,24,70.9
2021-09-18,2,ER,50,30,4,8,2,21,60.33
2021-09-19,2,ER,50,30,9,11,2,20,60.29
2021-09-20,2,ER,50,38,14,4,4,23,76.93
2021-09-21,2,ER,50,37,8,9,2,21,74.24
2021-09-22,2,ER,50,36,7,6,2,21,72.42
2021-09-23,2,ER,50,34,6,7,1,20,68.14
2021-09-24,2,ER,50,38,11,5,3,20,77.85
2021-09-25,2,ER,50,30,4,4,1,21,61.21
2021-09-26,2,ER,50,28,7,8,3,19,57.96
2021-09-27,2,ER,50,37,8,8,1,17,74.01
2021-09-28,2,ER,50,36,5,6,1,20,73.66
2021-09-29,2,ER,50,36,4,12,3,24,73.62
2021-09-30,2,ER,50,37,7,5,2,23,74.96
2021-10-01,2,ER,50,39,7,4,5,21,78.2
2021-10-02,2,ER,50,33,5,12,1,22,67.98
2021-10-03,2,ER,50,30,6,4,4,21,61.0
2021-10-04,2,ER,50,38,8,8,3,24,77.73
2021-10-05,2,ER,50,41,6,6,1,27,82.36
2021-10-06,2,ER,50,40,11,9,2,25,81.17
2021-10-07,2,ER,50,35,5,4,1,21,70.68
2021-10-08,2,ER,50,41,7,4,3,24,82.75
2021-10-09,2,ER,50,33,8,5,3,20,66.55
2021-10-10,2,ER,50,33,8,6,1,18,66.83
2021-10-11,2,ER,50,36,9,5,4,22,73.18
2021-10-12,2,ER,50,36,3,8,4,23,73.45
2021-10-13,2,ER,50,41,5,13,3,22,82.03
2021-10-14,2,ER,50,36,4,3,4,24,72.42
2021-10-15,2,ER,50,37,6,6,3,20,75.05
2021-10-16,2,ER,50,29,11,15,1,16,58.12
2021-10-17,2,ER,50,31,2,8,2,22,62.08
2021-10-18,2,ER,50,39,8,6,2,23,79.7
2021-10-19,2,ER,50,35,6,9,4,22,71.55
2021-10-20,2,ER,50,31,11,4,2,20,63.11
2021-10-21,2,ER,50,38,10,5,3,20,76.96
2021-10-22,2,ER,50,38,2,9,3,24,76.94
2021-10-23,2,ER,50,27,12,5,2,20,54.55
2021-10-24,2,ER,50,33,7,5,5,22,66.27
2021-10-25,2,ER,50,41,9,6,2,25,83.57
2021-10-26,2,ER,50,42,8,10,4,20,85.7
2021-10-27,2,ER,50,37,5,7,3,18,75.9
2021-10-28,2,ER,50,39,5,11,2,24,79.38
2021-10-29,2,ER,50,36,10,7,1,20,72.55
2021-10-30,2,ER,50,31,10,10,5,22,62.41
2021-10-31,2,ER,50,36,5,4,2,21,73.2
2021-11-01,2,ER,50,40,9,11,2,23,80.47
2021-11-02,2,ER,50,42,10,4,3,21,84.48
2021-11-03,2,ER,50,38,8,7,4,21,77.66
2021-11-04,2,ER,50,42,7,1,3,27,85.97
2021-11-05,2,ER,50,38,12,6,3,21,77.31
2021-11-06,2,ER,50,35,4,10,2,20,70.03
2021-11-07,2,ER,50,28,6,4,2,18,56.51
2021-11-08,2,ER,50,45,7,7,3,21,90.14
2021-11-09,2,ER,50,42,7,7,2,22,85.57
2021-11-10,2,ER,50,41,9,9,2,23,83.27
2021-11-11,2,ER,50,46,5,7,3,21,93.08
2021-11-12,2,ER,50,46,6,7,2,22,92.15
2021-11-13,2,ER,50,32,4,8,3,19,65.89
2021-11-14,2,ER,50,35,6,7,1,22,71.07
2021-11-15,2,ER,50,38,6,4,2,20,76.48
2021-11-16,2,ER,50,44,5,5,4,20,88.28
2021-11-17,2,ER,50,41,7,0,2,18,83.56
2021-11-18,2,ER,50,41,6,7,3,24,82.44
2021-11-19,2,ER,50,42,6,7,3,21,84.16
2021-11-20,2,ER,50,30,8,6,4,24,61.43
2021-11-21,2,ER,50,34,6,7,1,20,68.28
2021-11-22,2,ER,50,42,11,11,2,23,84.34
2021-11-23,2,ER,50,42,7,7,3,23,85.5
2021-11-24,2,ER,50,43,3,3,3,20,87.05
2021-11-25,2,ER,50,39,5,10,2,22,79.55
2021-11-26,2,ER,50,41,8,5,2,21,83.4
2021-11-27,2,ER,50,33,7,10,4,23,67.16
2021-11-28,2,ER,50,34,7,3,4,24,69.8
2021-11-29,2,ER,50,41,6,8,3,23,82.18
2021-11-30,2,ER,50,42,6,3,3,20,84.18
2021-12-01,2,ER,50,44,8,8,1,23,89.59
2021-12-02,2,ER,50,46,7,7,3,23,92.67
2021-12-03,2,ER,50,47,11,6,3,20,95.0
2021-12-04,2,ER,50,36,7,7,4,18,73.19
2021-12-05,2,ER,50,34,7,5,3,23,69.87
2021-12-06,2,ER,50,47,10,5,1,23,95.0
2021-12-07,2,ER,50,46,5,7,2,25,93.11
2021-12-08,2,ER,50,43,10,8,2,23,87.0
2021-12-09,2,ER,50,43,6,4,2,27,87.41
2021-12-10,2,ER,50,42,6,8,3,25,84.7
2021-12-11,2,ER,50,33,14,7,2,20,67.83
2021-12-12,2,ER,50,36,8,5,2,21,73.41
2021-12-13,2,ER,50,47,6,5,4,24,95.0
2021-12-14,2,ER,50,44,4,5,2,25,89.92
2021-12-15,2,ER,50,43,5,10,3,21,86.18
2021-12-16,2,ER,50,47,8,4,3,24,95.0
2021-12-17,2,ER,50,47,8,9,2,25,94.45
2021-12-18,2,ER,50,37,7,7,3,19,75.78
2021-12-19,2,ER,50,43,5,11,1,19,87.63
2021-12-20,2,ER,50,47,10,8,2,23,95.0
2021-12-21,2,ER,50,47,11,5,3,26,95.0
2021-12-22,2,ER,50,45,5,8,3,23,91.12
2021-12-23,2,ER,50,47,6,7,5,24,95.0
2021-12-24,2,ER,50,46,6,3,3,23,93.49
2021-12-25,2,ER,50,38,5,8,2,24,76.97
2021-12-26,2,ER,50,35,9,4,2,25,71.97
2021-12-27,2,ER,50,45,12,10,2,23,90.09
2021-12-28,2,ER,50,45,8,4,2,24,91.58
2021-12-29,2,ER,50,45,5,6,2,22,91.2
2021-12-30,2,ER,50,47,8,6,4,22,95.0
2021-12-31,2,ER,50,47,6,6,2,23,95.0
2022-01-01,2,ER,50,31,6,5,2,19,62.31
2022-01-02,2,ER,50,29,11,5,3,22,58.6
2022-01-03,2,ER,50,41,8,4,4,21,82.48
2022-01-04,2,ER,50,36,10,2,2,24,72.47
2022-01-05,2,ER,50,39,11,10,3,19,78.62
2022-01-06,2,ER,50,41,7,6,2,21,83.92
2022-01-07,2,ER,50,38,6,9,3,24,77.28
2022-01-08,2,ER,50,31,6,7,3,22,62.13
2022-01-09,2,ER,50,30,4,7,3,20,61.17
2022-01-10,2,ER,50,40,4,6,4,21,81.04
2022-01-11,2,ER,50,35,6,5,3,23,71.84
2022-01-12,2,ER,50,40,7,4,3,20,81.57
2022-01-13,2,ER,50,41,6,7,3,23,82.33
2022-01-14,2,ER,50,42,5,4,4,20,84.34
2022-01-15,2,ER,50,27,6,10,2,21,55.19
2022-01-16,2,ER,50,28,10,6,2,21,57.47
2022-01-17,2,ER,50,39,8,7,3,24,79.46
2022-01-18,2,ER,50,35,12,9,3,24,70.2
2022-01-19,2,ER,50,38,6,10,2,19,76.95
2022-01-20,2,ER,50,40,8,8,3,19,81.32
2022-01-21,2,ER,50,36,6,2,4,22,73.48
2022-01-22,2,ER,50,33,10,5,4,24,66.89
2022-01-23,2,ER,50,28,12,6,3,19,56.02
2022-01-24,2,ER,50,39,9,6,2,20,79.73
2022-01-25,2,ER,50,35,8,5,2,23,71.34
2022-01-26,2,ER,50,36,11,6,2,22,73.94
2022-01-27,2,ER,50,40,7,6,3,23,80.27
2022-01-28,2,ER,50,40,7,12,3,22,81.51
2022-01-29,2,ER,50,32,8,6,2,20,64.7
2022-01-30,2,ER,50,25,4,7,3,19,51.61
2022-01-31,2,ER,50,40,11,10,2,22,80.92
2022-02-01,2,ER,50,45,6,3,3,21,91.98
2022-02-02,2,ER,50,43,11,8,1,23,87.08
2022-02-03,2,ER,50,41,8,9,2,23,83.57
2022-02-04,2,ER,50,42,7,7,3,23,85.12
2022-02-05,2,ER,50,32,4,6,2,19,64.21
2022-02-06,2,ER,50,34,5,3,4,23,68.91
2022-02-07,2,ER,50,41,9,7,2,27,83.73
2022-02-08,2,ER,50,41,7,5,1,19,82.48
2022-02-09,2,ER,50,41,6,5,3,24,82.47
2022-02-10,2,ER,50,38,6,8,3,24,76.57
2022-02-11,2,ER,50,42,8,8,2,25,84.83
2022-02-12,2,ER,50,33,8,5,2,23,66.3
2022-02-13,2,ER,50,34,7,8,4,17,69.39
2022-02-14,2,ER,50,38,5,14,3,21,77.73
2022-02-15,2,ER,50,39,9,10,2,21,78.46
2022-02-16,2,ER,50,37,7,5,4,20,75.36
2022-02-17,2,ER,50,43,8,9,4,26,87.12
2022-02-18,2,ER,50,40,9,12,3,22,80.45
2022-02-19,2,ER,50,32,8,3,2,18,65.27
2022-02-20,2,ER,50,32,11,4,3,19,64.74
2022-02-21,2,ER,50,38,7,9,3,20,77.57
2022-02-22,2,ER,50,36,6,9,4,21,73.73
2022-02-23,2,ER,50,42,6,5,3,21,84.99
2022-02-24,2,ER,50,41,6,11,2,22,82.32
2022-02-25,2,ER,50,41,7,4,2,20,83.25
2022-02-26,2,ER,50,32,6,9,2,21,64.96
2022-02-27,2,ER,50,32,6,5,3,21,64.37
2022-02-28,2,ER,50,39,6,7,3,23,78.25
2022-03-01,2,ER,50,41,3,9,1,19,83.62
2022-03-02,2,ER,50,36,10,6,4,22,73.18
2022-03-03,2,ER,50,40,10,13,1,21,81.9
2022-03-04,2,ER,50,45,7,14,3,18,90.23
2022-03-05,2,ER,50,33,6,14,3,21,67.97
2022-03-06,2,ER,50,36,4,6,5,21,73.91
2022-03-07,2,ER,50,44,8,2,3,19,89.79
2022-03-08,2,ER,50,43,7,6,4,21,87.87
2022-03-09,2,ER,50,43,6,4,3,22,86.11
2022-03-10,2,ER,50,40,12,7,2,22,81.7
2022-03-11,2,ER,50,44,9,4,3,25,88.88
2022-03-12,2,ER,50,34,12,7,3,22,69.92
2022-03-13,2,ER,50,34,11,11,3,20,69.93
2022-03-14,2,ER,50,43,6,3,2,24,87.44
2022-03-15,2,ER,50,43,9,5,4,24,87.71
2022-03-16,2,ER,50,38,5,9,3,22,77.87
2022-03-17,2,ER,50,45,2,6,3,21,91.94
2022-03-18,2,ER,50,44,9,2,1,18,88.38
2022-03-19,2,ER,50,37,12,9,4,26,75.19
2022-03-20,2,ER,50,32,6,12,2,23,65.75
2022-03-21,2,ER,50,39,16,6,2,21,78.39
2022-03-22,2,ER,50,38,6,5,2,23,76.96
2022-03-23,2,ER,50,42,9,9,2,22,84.93
2022-03-24,2,ER,50,43,10,5,1,24,86.62
2022-03-25,2,ER,50,42,10,6,4,22,84.46
2022-03-26,2,ER,50,34,7,8,2,20,68.71
2022-03-27,2,ER,50,35,7,6,2,25,70.73
2022-03-28,2,ER,50,43,8,5,1,25,87.69
2022-03-29,2,ER,50,43,6,7,3,25,87.7
2022-03-30,2,ER,50,39,4,7,2,22,78.06
2022-03-31,2,ER,50,42,11,11,3,21,85.3
2022-04-01,2,ER,50,42,4,5,3,21,85.55
2022-04-02,2,ER,50,35,5,6,2,22,70.79
2022-04-03,2,ER,50,33,9,5,3,19,66.43
2022-04-04,2,ER,50,39,1,6,3,22,79.51
2022-04-05,2,ER,50,40,6,6,4,22,81.61
2022-04-06,2,ER,50,39,9,5,2,22,78.93
2022-04-07,2,ER,50,46,10,9,2,21,93.09
2022-04-08,2,ER,50,40,7,9,4,19,80.5
2022-04-09,2,ER,50,34,7,10,3,25,69.55
2022-04-10,2,ER,50,32,9,5,4,17,64.23
2022-04-11,2,ER,50,44,10,8,5,21,89.38
2022-04-12,2,ER,50,39,5,8,3,20,79.25
2022-04-13,2,ER,50,41,7,7,4,20,82.3
2022-04-14,2,ER,50,41,9,4,2,24,83.06
2022-04-15,2,ER,50,43,6,6,3,22,86.03
2022-04-16,2,ER,50,33,5,19,2,19,66.54
2022-04-17,2,ER,50,32,11,7,3,21,64.78
2022-04-18,2,ER,50,39,2,7,2,20,78.28
2022-04-19,2,ER,50,43,5,4,3,22,87.64
2022-04-20,2,ER,50,40,2,5,3,19,81.86
2022-04-21,2,ER,50,43,10,4,4,22,86.95
2022-04-22,2,ER,50,44,6,8,2,21,88.11
2022-04-23,2,ER,50,35,4,4,3,22,71.46
2022-04-24,2,ER,50,37,7,6,2,20,74.46
2022-04-25,2,ER,50,44,3,6,1,22,89.66
2022-04-26,2,ER,50,40,2,4,2,22,80.1
2022-04-27,2,ER,50,45,12,7,3,19,91.18
2022-04-28,2,ER,50,42,7,9,2,25,85.89
2022-04-29,2,ER,50,44,11,8,1,24,89.29
2022-04-30,2,ER,50,33,7,7,1,25,66.93
2022-05-01,2,ER,50,33,8,11,3,18,66.53
2022-05-02,2,ER,50,36,9,10,2,20,72.47
2022-05-03,2,ER,50,39,16,5,2,25,78.39
2022-05-04,2,ER,50,34,12,7,2,21,69.11
2022-05-05,2,ER,50,37,7,9,2,26,74.39
2022-05-06,2,ER,50,41,6,9,3,18,83.54
2022-05-07,2,ER,50,30,5,10,4,15,61.13
2022-05-08,2,ER,50,32,5,8,1,22,64.9
2022-05-09,2,ER,50,37,4,6,3,21,74.87
2022-05-10,2,ER,50,41,6,4,1,21,82.24
2022-05-11,2,ER,50,39,7,10,2,20,78.61
2022-05-12,2,ER,50,38,15,9,3,25,77.26
2022-05-13,2,ER,50,39,5,9,4,21,78.42
2022-05-14,2,ER,50,29,6,3,1,20,58.18
2022-05-15,2,ER,50,29,8,7,2,19,59.48
2022-05-16,2,ER,50,38,9,8,1,23,76.63
2022-05-17,2,ER,50,38,7,13,4,19,77.52
2022-05-18,2,ER,50,37,9,12,3,17,75.02
2022-05-19,2,ER,50,41,14,6,3,18,82.81
2022-05-20,2,ER,50,38,7,6,2,20,76.38
2022-05-21,2,ER,50,32,7,11,3,21,65.92
2022-05-22,2,ER,50,29,5,3,5,22,59.42
2022-05-23,2,ER,50,38,8,3,2,22,77.74
2022-05-24,2,ER,50,41,6,6,2,17,82.91
2022-05-25,2,ER,50,39,7,7,3,23,79.44
2022-05-26,2,ER,50,35,9,10,1,22,71.84
2022-05-27,2,ER,50,34,7,8,2,23,69.82
2022-05-28,2,ER,50,31,7,7,1,21,62.97
2022-05-29,2,ER,50,31,11,5,2,22,63.77
2022-05-30,2,ER,50,39,8,8,1,18,79.0
2022-05-31,2,ER,50,40,9,9,4,25,81.62
2022-06-01,2,ER,50,38,10,5,1,20,76.64
2022-06-02,2,ER,50,31,9,5,4,20,63.26
2022-06-03,2,ER,50,35,9,5,4,24,71.88
2022-06-04,2,ER,50,28,6,10,3,22,56.84
2022-06-05,2,ER,50,29,7,16,2,21,59.57
2022-06-06,2,ER,50,31,3,8,1,18,63.07
2022-06-07,2,ER,50,34,6,12,2,22,69.1
2022-06-08,2,ER,50,33,8,5,3,21,66.12
2022-06-09,2,ER,50,35,11,6,3,20,71.54
2022-06-10,2,ER,50,37,8,7,3,24,75.91
2022-06-11,2,ER,50,31,3,9,3,22,62.51
2022-06-12,2,ER,50,26,10,12,2,21,53.35
2022-06-13,2,ER,50,36,5,7,4,19,72.26
2022-06-14,2,ER,50,40,5,8,1,22,80.25
2022-06-15,2,ER,50,33,8,7,1,23,67.27
2022-06-16,2,ER,50,34,8,6,1,21,68.31
2022-06-17,2,ER,50,32,6,3,3,19,64.0
2022-06-18,2,ER,50,31,6,1,4,19,63.41
2022-06-19,2,ER,50,28,4,10,2,23,57.38
2022-06-20,2,ER,50,33,10,7,3,18,66.56
2022-06-21,2,ER,50,31,6,8,3,19,63.07
2022-06-22,2,ER,50,36,4,3,4,25,72.79
2022-06-23,2,ER,50,35,5,5,4,18,70.64
2022-06-24,2,ER,50,38,11,10,4,20,76.48
2022-06-25,2,ER,50,29,14,13,2,18,58.83
2022-06-26,2,ER,50,25,12,5,4,19,51.78
2022-06-27,2,ER,50,32,6,8,4,23,64.51
2022-06-28,2,ER,50,37,10,12,4,24,74.1
2022-06-29,2,ER,50,30,6,10,2,24,60.55
2022-06-30,2,ER,50,36,4,4,2,20,73.83
2022-07-01,2,ER,50,31,3,7,3,20,63.85
2022-07-02,2,ER,50,23,5,9,1,21,47.92
2022-07-03,2,ER,50,20,7,6,5,17,40.62
2022-07-04,2,ER,50,26,6,6,3,18,53.49
2022-07-05,2,ER,50,36,15,7,1,22,72.98
2022-07-06,2,ER,50,31,13,11,3,21,63.69
2022-07-07,2,ER,50,30,5,5,4,20,61.13
2022-07-08,2,ER,50,29,6,6,3,18,59.39
2022-07-09,2,ER,50,25,5,5,4,17,50.63
2022-07-10,2,ER,50,20,6,5,6,15,41.88
2022-07-11,2,ER,50,29,8,9,2,20,59.72
2022-07-12,2,ER,50,30,10,10,3,25,61.99
2022-07-13,2,ER,50,32,11,7,3,22,65.98
2022-07-14,2,ER,50,33,12,8,4,23,67.4
2022-07-15,2,ER,50,30,7,16,3,18,60.2
2022-07-16,2,ER,50,27,4,8,3,17,55.45
2022-07-17,2,ER,50,26,11,5,2,20,53.41
2022-07-18,2,ER,50,30,3,11,2,14,61.33
2022-07-19,2,ER,50,27,6,4,3,22,54.8
2022-07-20,2,ER,50,30,10,8,3,25,60.61
2022-07-21,2,ER,50,31,6,9,2,19,63.73
2022-07-22,2,ER,50,28,8,5,2,18,57.68
2022-07-23,2,ER,50,18,8,4,3,17,36.66
2022-07-24,2,ER,50,28,7,2,2,17,56.59
2022-07-25,2,ER,50,35,11,8,3,20,70.0
2022-07-26,2,ER,50,31,3,4,3,19,62.61
2022-07-27,2,ER,50,31,13,8,4,22,62.1
2022-07-28,2,ER,50,31,9,7,4,18,63.26
2022-07-29,2,ER,50,32,8,8,3,21,64.25
2022-07-30,2,ER,50,23,7,6,3,18,46.68
2022-07-31,2,ER,50,23,12,11,2,19,47.28
2022-08-01,2,ER,50,27,3,2,1,19,54.93
2022-08-02,2,ER,50,31,2,6,3,19,62.19
2022-08-03,2,ER,50,27,6,13,3,21,54.03
2022-08-04,2,ER,50,28,8,4,3,14,57.31
2022-08-05,2,ER,50,29,11,6,2,18,58.89
2022-08-06,2,ER,50,24,8,3,2,19,48.47
2022-08-07,2,ER,50,22,11,8,1,22,45.28
2022-08-08,2,ER,50,32,5,6,3,21,65.27
2022-08-09,2,ER,50,30,6,5,2,21,60.99
2022-08-10,2,ER,50,27,6,8,4,19,54.51
2022-08-11,2,ER,50,33,7,13,4,22,66.74
2022-08-12,2,ER,50,28,11,5,1,20,57.7
2022-08-13,2,ER,50,20,9,6,2,19,41.07
2022-08-14,2,ER,50,22,1,9,2,19,46.0
2022-08-15,2,ER,50,28,6,5,2,21,56.82
2022-08-16,2,ER,50,31,5,10,2,24,62.22
2022-08-17,2,ER,50,29,5,9,4,22,59.61
2022-08-18,2,ER,50,26,10,3,3,22,53.76
2022-08-19,2,ER,50,31,8,4,2,22,63.19
2022-08-20,2,ER,50,26,5,11,2,21,53.38
2022-08-21,2,ER,50,20,9,4,3,17,41.82
2022-08-22,2,ER,50,23,6,4,4,22,47.0
2022-08-23,2,ER,50,27,6,4,2,20,55.03
2022-08-24,2,ER,50,27,3,10,3,23,55.22
2022-08-25,2,ER,50,28,7,4,3,21,57.85
2022-08-26,2,ER,50,32,11,8,1,23,64.61
2022-08-27,2,ER,50,20,7,6,1,17,41.03
2022-08-28,2,ER,50,20,2,8,4,16,41.32
2022-08-29,2,ER,50,26,9,7,3,18,53.42
2022-08-30,2,ER,50,31,4,15,2,22,62.83
2022-08-31,2,ER,50,29,8,9,3,22,58.2
2022-09-01,2,ER,50,24,8,5,3,17,48.03
2022-09-02,2,ER,50,29,7,8,2,23,58.78
2022-09-03,2,ER,50,18,15,12,3,17,36.96
2022-09-04,2,ER,50,20,8,8,2,18,40.63
2022-09-05,2,ER,50,31,9,9,3,20,63.92
2022-09-06,2,ER,50,28,12,5,3,19,56.56
2022-09-07,2,ER,50,25,5,14,2,22,51.75
2022-09-08,2,ER,50,26,9,7,3,23,53.1
2022-09-09,2,ER,50,32,14,9,2,22,64.05
2022-09-10,2,ER,50,18,5,20,2,17,36.34
2022-09-11,2,ER,50,19,9,2,3,25,39.72
2022-09-12,2,ER,50,27,7,7,4,20,54.05
2022-09-13,2,ER,50,33,7,11,1,25,66.21
2022-09-14,2,ER,50,28,5,10,2,20,56.6
2022-09-15,2,ER,50,29,12,9,3,19,58.16
2022-09-16,2,ER,50,23,6,6,3,20,47.44
2022-09-17,2,ER,50,16,8,2,1,12,33.72
2022-09-18,2,ER,50,17,5,7,1,18,35.92
2022-09-19,2,ER,50,27,13,6,1,18,55.07
2022-09-20,2,ER,50,27,10,6,2,19,54.54
2022-09-21,2,ER,50,32,5,10,4,22,64.74
2022-09-22,2,ER,50,28,8,7,2,17,56.69
2022-09-23,2,ER,50,24,14,4,4,17,48.8
2022-09-24,2,ER,50,19,6,8,3,17,39.54
2022-09-25,2,ER,50,20,9,7,4,17,40.69
2022-09-26,2,ER,50,27,10,7,4,19,55.04
2022-09-27,2,ER,50,27,4,12,1,21,55.7
2022-09-28,2,ER,50,27,6,11,4,22,54.34
2022-09-29,2,ER,50,23,10,5,2,20,47.55
2022-09-30,2,ER,50,26,6,8,2,16,52.29
2022-10-01,2,ER,50,15,5,8,2,16,30.0
2022-10-02,2,ER,50,24,3,8,5,18,48.14
2022-10-03,2,ER,50,26,7,4,2,21,53.2
2022-10-04,2,ER,50,32,8,11,3,21,64.01
2022-10-05,2,ER,50,30,11,6,3,22,60.2
2022-10-06,2,ER,50,25,9,9,2,21,51.63
2022-10-07,2,ER,50,26,10,7,3,22,53.68
2022-10-08,2,ER,50,21,6,12,3,18,43.35
2022-10-09,2,ER,50,23,5,6,3,24,46.71
2022-10-10,2,ER,50,29,4,2,2,19,58.31
2022-10-11,2,ER,50,29,9,8,3,20,58.5
2022-10-12,2,ER,50,30,4,6,2,22,61.86
2022-10-13,2,ER,50,30,16,5,3,20,60.51
2022-10-14,2,ER,50,25,3,10,3,19,51.27
2022-10-15,2,ER,50,21,4,9,4,22,43.12
2022-10-16,2,ER,50,17,7,8,3,19,34.73
2022-10-17,2,ER,50,26,9,8,2,20,53.18
2022-10-18,2,ER,50,29,7,11,4,16,58.02
2022-10-19,2,ER,50,26,7,6,3,16,53.04
2022-10-20,2,ER,50,25,8,6,3,18,50.65
2022-10-21,2,ER,50,30,7,12,2,16,61.89
2022-10-22,2,ER,50,25,11,7,3,20,50.29
2022-10-23,2,ER,50,18,10,6,4,18,37.16
2022-10-24,2,ER,50,27,8,5,2,22,54.41
2022-10-25,2,ER,50,25,10,4,3,19,50.45
2022-10-26,2,ER,50,24,3,5,1,18,48.37
2022-10-27,2,ER,50,25,4,9,1,20,50.34
2022-10-28,2,ER,50,31,12,7,3,22,62.59
2022-10-29,2,ER,50,20,5,4,3,20,41.03
2022-10-30,2,ER,50,19,9,4,2,17,39.57
2022-10-31,2,ER,50,23,8,6,1,19,46.69
2022-11-01,2,ER,50,32,11,12,2,20,64.15
2022-11-02,2,ER,50,31,9,8,3,24,62.35
2022-11-03,2,ER,50,32,6,9,2,21,64.9
2022-11-04,2,ER,50,31,7,5,2,19,63.37
2022-11-05,2,ER,50,24,10,7,5,21,48.76
2022-11-06,2,ER,50,21,9,4,2,17,43.41
2022-11-07,2,ER,50,30,2,9,1,24,60.25
2022-11-08,2,ER,50,32,4,16,2,16,65.1
2022-11-09,2,ER,50,32,7,4,5,22,64.26
2022-11-10,2,ER,50,28,4,6,3,18,56.42
2022-11-11,2,ER,50,30,8,7,4,20,60.75
2022-11-12,2,ER,50,24,4,8,3,21,48.16
2022-11-13,2,ER,50,26,15,9,3,19,53.88
2022-11-14,2,ER,50,29,9,14,3,21,59.43
2022-11-15,2,ER,50,33,11,9,2,23,66.06
2022-11-16,2,ER,50,32,4,3,3,22,65.52
2022-11-17,2,ER,50,30,9,3,4,18,60.04
2022-11-18,2,ER,50,35,13,6,3,22,71.94
2022-11-19,2,ER,50,25,3,6,1,21,51.07
2022-11-20,2,ER,50,21,2,5,1,15,42.45
2022-11-21,2,ER,50,30,10,4,2,22,60.04
2022-11-22,2,ER,50,27,7,6,4,19,54.99
2022-11-23,2,ER,50,30,10,5,2,18,60.06
2022-11-24,2,ER,50,32,3,7,2,24,64.9
2022-11-25,2,ER,50,27,4,8,1,22,55.89
2022-11-26,2,ER,50,26,5,5,2,23,52.63
2022-11-27,2,ER,50,20,9,13,3,16,41.23
2022-11-28,2,ER,50,32,7,8,4,23,64.65
2022-11-29,2,ER,50,30,8,10,3,20,60.83
2022-11-30,2,ER,50,30,7,4,3,21,61.13
2022-12-01,2,ER,50,33,2,7,4,18,66.66
2022-12-02,2,ER,50,35,6,6,3,22,70.15
2022-12-03,2,ER,50,26,5,4,3,22,53.8
2022-12-04,2,ER,50,27,5,2,1,20,54.97
2022-12-05,2,ER,50,33,10,7,2,22,67.17
2022-12-06,2,ER,50,37,5,5,4,19,74.03
2022-12-07,2,ER,50,32,5,7,2,20,64.21
2022-12-08,2,ER,50,38,5,9,3,20,77.42
2022-12-09,2,ER,50,36,8,7,3,21,72.73
2022-12-10,2,ER,50,23,9,7,2,20,47.89
2022-12-11,2,ER,50,23,5,12,2,15,46.81
2022-12-12,2,ER,50,32,7,10,4,24,65.65
2022-12-13,2,ER,50,37,7,5,3,18,74.45
2022-12-14,2,ER,50,38,10,11,1,21,77.71
2022-12-15,2,ER,50,36,3,7,3,18,72.68
2022-12-16,2,ER,50,36,7,6,3,20,72.63
2022-12-17,2,ER,50,28,6,10,3,20,57.52
2022-12-18,2,ER,50,21,7,11,1,19,43.43
2022-12-19,2,ER,50,39,11,10,3,20,79.27
2022-12-20,2,ER,50,34,13,5,2,23,69.41
2022-12-21,2,ER,50,38,10,6,3,20,77.67
2022-12-22,2,ER,50,30,8,8,4,19,61.96
2022-12-23,2,ER,50,37,11,3,2,18,74.9
2022-12-24,2,ER,50,29,12,4,4,21,58.75
2022-12-25,2,ER,50,28,8,4,4,22,57.59
2022-12-26,2,ER,50,32,10,12,4,21,64.18
2022-12-27,2,ER,50,33,9,13,2,21,67.27
2022-12-28,2,ER,50,33,9,7,3,22,67.58
2022-12-29,2,ER,50,33,5,7,4,21,66.68
2022-12-30,2,ER,50,36,12,7,4,22,72.19
2022-12-31,2,ER,50,31,11,8,4,19,63.74
2023-01-01,2,ER,50,25,9,9,3,16,51.31
2023-01-02,2,ER,50,37,9,8,3,21,75.08
2023-01-03,2,ER,50,37,13,8,3,22,75.38
2023-01-04,2,ER,50,35,6,7,2,21,70.86
2023-01-05,2,ER,50,38,5,7,3,23,77.99
2023-01-06,2,ER,50,39,9,8,2,20,79.78
2023-01-07,2,ER,50,31,6,7,5,19,63.16
2023-01-08,2,ER,50,30,11,7,3,20,61.6
2023-01-09,2,ER,50,39,4,7,2,21,78.61
2023-01-10,2,ER,50,36,6,6,4,21,72.86
2023-01-11,2,ER,50,39,7,5,3,24,78.3
2023-01-12,2,ER,50,37,8,8,3,19,75.88
2023-01-13,2,ER,50,35,5,11,3,21,70.87
2023-01-14,2,ER,50,29,10,10,1,21,58.1
2023-01-15,2,ER,50,28,8,6,2,22,57.76
2023-01-16,2,ER,50,38,7,8,4,22,77.83
2023-01-17,2,ER,50,36,11,5,3,22,73.98
2023-01-18,2,ER,50,42,9,8,3,23,85.57
2023-01-19,2,ER,50,35,7,11,3,26,71.6
2023-01-20,2,ER,50,40,9,3,2,25,80.9
2023-01-21,2,ER,50,33,15,3,1,23,66.07
2023-01-22,2,ER,50,29,12,9,2,17,59.32
2023-01-23,2,ER,50,38,6,12,2,24,76.82
2023-01-24,2,ER,50,38,7,5,3,24,76.01
2023-01-25,2,ER,50,38,6,4,3,21,77.78
2023-01-26,2,ER,50,41,2,6,1,21,82.38
2023-01-27,2,ER,50,37,9,6,1,23,74.54
2023-01-28,2,ER,50,34,7,10,3,16,69.15
2023-01-29,2,ER,50,28,4,9,3,17,56.33
2023-01-30,2,ER,50,33,5,9,3,19,67.7
2023-01-31,2,ER,50,40,9,8,4,25,81.14
2023-02-01,2,ER,50,37,9,6,2,26,75.16
2023-02-02,2,ER,50,40,10,9,3,23,81.14
2023-02-03,2,ER,50,46,6,6,3,23,92.14
2023-02-04,2,ER,50,32,9,8,1,21,64.34
2023-02-05,2,ER,50,35,6,8,1,21,70.85
2023-02-06,2,ER,50,42,8,11,3,23,85.79
2023-02-07,2,ER,50,43,9,10,4,25,87.18
2023-02-08,2,ER,50,45,4,6,2,23,90.86
2023-02-09,2,ER,50,46,9,8,4,24,93.52
2023-02-10,2,ER,50,43,5,4,5,23,87.3
2023-02-11,2,ER,50,33,9,15,2,19,67.17
2023-02-12,2,ER,50,36,7,6,2,20,72.76
2023-02-13,2,ER,50,39,7,4,3,24,78.04
2023-02-14,2,ER,50,41,6,6,2,24,82.32
2023-02-15,2,ER,50,46,9,9,3,24,92.78
2023-02-16,2,ER,50,43,5,7,4,23,87.45
2023-02-17,2,ER,50,43,11,15,4,20,86.05
2023-02-18,2,ER,50,31,11,14,2,19,63.95
2023-02-19,2,ER,50,33,4,5,3,18,67.35
2023-02-20,2,ER,50,37,8,4,1,17,74.34
2023-02-21,2,ER,50,41,3,8,3,23,83.56
2023-02-22,2,ER,50,40,8,5,2,20,81.68
2023-02-23,2,ER,50,38,12,5,4,22,77.38
2023-02-24,2,ER,50,42,5,5,3,25,85.14
2023-02-25,2,ER,50,34,8,10,2,19,69.05
2023-02-26,2,ER,50,37,5,5,2,23,75.35
2023-02-27,2,ER,50,43,3,11,4,20,86.7
2023-02-28,2,ER,50,45,8,8,2,23,91.94
2023-03-01,2,ER,50,42,9,7,1,22,85.67
2023-03-02,2,ER,50,44,10,6,3,23,89.72
2023-03-03,2,ER,50,43,7,5,2,23,87.17
2023-03-04,2,ER,50,36,6,12,2,16,73.77
2023-03-05,2,ER,50,38,5,5,3,19,77.64
2023-03-06,2,ER,50,38,15,6,1,21,76.07
2023-03-07,2,ER,50,39,6,5,3,21,78.14
2023-03-08,2,ER,50,45,12,6,2,23,90.62
2023-03-09,2,ER,50,44,9,11,2,23,88.34
2023-03-10,2,ER,50,44,9,8,2,27,88.83
2023-03-11,2,ER,50,34,5,9,2,23,69.9
2023-03-12,2,ER,50,33,18,5,3,21,66.98
2023-03-13,2,ER,50,43,3,5,2,19,86.85
2023-03-14,2,ER,50,41,12,5,1,21,82.72
2023-03-15,2,ER,50,43,6,5,2,16,86.21
2023-03-16,2,ER,50,42,7,8,4,26,85.21
2023-03-17,2,ER,50,39,9,8,3,22,79.36
2023-03-18,2,ER,50,36,6,8,1,18,72.65
2023-03-19,2,ER,50,34,8,7,1,21,69.21
2023-03-20,2,ER,50,42,9,6,3,23,84.76
2023-03-21,2,ER,50,43,13,7,1,22,86.43
2023-03-22,2,ER,50,42,8,1,3,22,85.8
2023-03-23,2,ER,50,40,4,11,2,22,80.84
2023-03-24,2,ER,50,40,10,5,1,18,80.72
2023-03-25,2,ER,50,35,8,6,3,23,70.7
2023-03-26,2,ER,50,33,7,5,4,20,67.32
2023-03-27,2,ER,50,42,10,6,3,23,84.75
2023-03-28,2,ER,50,46,9,7,1,22,93.06
2023-03-29,2,ER,50,38,3,10,2,20,77.79
2023-03-30,2,ER,50,45,10,5,2,25,90.18
2023-03-31,2,ER,50,40,5,10,6,22,81.03
2023-04-01,2,ER,50,30,6,12,3,20,60.93
2023-04-02,2,ER,50,30,8,10,2,19,61.76
2023-04-03,2,ER,50,43,11,6,5,24,86.72
2023-04-04,2,ER,50,41,8,8,2,25,82.33
2023-04-05,2,ER,50,42,6,15,2,21,85.98
2023-04-06,2,ER,50,41,8,8,4,23,83.43
2023-04-07,2,ER,50,39,9,3,2,18,79.0
2023-04-08,2,ER,50,34,5,7,2,21,69.13
2023-04-09,2,ER,50,34,12,8,3,21,69.01
2023-04-10,2,ER,50,41,5,2,3,23,82.78
2023-04-11,2,ER,50,40,7,8,3,22,81.06
2023-04-12,2,ER,50,43,6,6,3,24,86.18
2023-04-13,2,ER,50,39,9,8,4,24,79.87
2023-04-14,2,ER,50,43,8,11,4,27,86.09
2023-04-15,2,ER,50,35,6,8,4,19,71.57
2023-04-16,2,ER,50,34,7,8,3,20,69.12
2023-04-17,2,ER,50,44,2,9,5,22,88.03
2023-04-18,2,ER,50,44,6,9,2,20,89.01
2023-04-19,2,ER,50,43,6,7,2,24,86.6
2023-04-20,2,ER,50,44,6,6,3,21,89.07
2023-04-21,2,ER,50,45,11,7,1,26,90.7
2023-04-22,2,ER,50,38,9,7,3,25,76.17
2023-04-23,2,ER,50,35,5,3,4,22,70.97
2023-04-24,2,ER,50,40,10,5,3,23,81.68
2023-04-25,2,ER,50,41,8,9,2,23,82.9
2023-04-26,2,ER,50,40,9,7,3,26,81.54
2023-04-27,2,ER,50,44,7,9,4,25,88.65
2023-04-28,2,ER,50,39,7,8,3,25,78.32
2023-04-29,2,ER,50,31,1,8,1,20,63.22
2023-04-30,2,ER,50,32,12,3,3,19,64.41
2023-05-01,2,ER,50,39,6,10,3,23,78.24
2023-05-02,2,ER,50,41,2,10,3,18,83.52
2023-05-03,2,ER,50,39,6,3,3,22,78.61
2023-05-04,2,ER,50,39,10,11,1,20,79.75
2023-05-05,2,ER,50,37,8,6,2,19,75.42
2023-05-06,2,ER,50,29,2,9,2,23,59.57
2023-05-07,2,ER,50,32,10,4,4,21,65.61
2023-05-08,2,ER,50,41,8,8,4,22,83.81
2023-05-09,2,ER,50,41,12,12,1,20,83.98
2023-05-10,2,ER,50,41,8,10,3,24,83.26
2023-05-11,2,ER,50,41,8,8,3,20,82.27
2023-05-12,2,ER,50,39,6,8,2,23,78.04
2023-05-13,2,ER,50,29,7,7,2,20,59.03
2023-05-14,2,ER,50,30,4,7,1,23,61.73
2023-05-15,2,ER,50,35,4,5,1,20,70.07
2023-05-16,2,ER,50,41,10,7,3,22,83.54
2023-05-17,2,ER,50,41,12,12,2,20,82.8
2023-05-18,2,ER,50,36,12,6,1,25,73.64
2023-05-19,2,ER,50,40,8,4,2,17,81.83
2023-05-20,2,ER,50,32,7,9,3,23,64.39
2023-05-21,2,ER,50,35,5,7,2,23,70.75
2023-05-22,2,ER,50,35,7,10,4,21,71.67
2023-05-23,2,ER,50,44,5,1,2,21,88.77
2023-05-24,2,ER,50,41,9,10,1,25,83.65
2023-05-25,2,ER,50,38,6,8,3,22,76.87
2023-05-26,2,ER,50,36,8,6,3,20,73.98
2023-05-27,2,ER,50,31,7,7,2,24,62.27
2023-05-28,2,ER,50,34,8,12,3,21,68.16
2023-05-29,2,ER,50,41,13,6,3,24,82.96
2023-05-30,2,ER,50,38,11,10,3,22,76.06
2023-05-31,2,ER,50,41,10,6,2,24,83.99
2023-06-01,2,ER,50,34,5,11,3,20,69.84
2023-06-02,2,ER,50,33,6,4,2,22,67.55
2023-06-03,2,ER,50,28,1,9,3,21,56.82
2023-06-04,2,ER,50,23,5,14,2,20,47.89
2023-06-05,2,ER,50,34,5,8,3,22,68.41
2023-06-06,2,ER,50,35,3,9,4,22,70.56
2023-06-07,2,ER,50,33,8,6,2,19,67.8
2023-06-08,2,ER,50,33,9,6,3,20,66.87
2023-06-09,2,ER,50,36,3,7,3,19,72.5
2023-06-10,2,ER,50,28,5,6,2,21,56.39
2023-06-11,2,ER,50,29,8,11,4,25,58.83
2023-06-12,2,ER,50,34,6,7,1,23,68.73
2023-06-13,2,ER,50,36,8,6,3,23,72.32
2023-06-14,2,ER,50,35,10,13,2,20,71.27
2023-06-15,2,ER,50,34,13,5,1,22,69.8
2023-06-16,2,ER,50,36,12,10,2,20,73.12
2023-06-17,2,ER,50,26,12,9,4,22,53.47
2023-06-18,2,ER,50,25,11,10,1,18,50.83
2023-06-19,2,ER,50,34,2,8,4,19,69.93
2023-06-20,2,ER,50,34,10,8,1,20,68.36
2023-06-21,2,ER,50,33,4,7,2,23,67.49
2023-06-22,2,ER,50,28,9,3,4,20,57.36
2023-06-23,2,ER,50,36,10,11,3,21,73.86
2023-06-24,2,ER,50,32,11,7,4,19,64.45
2023-06-25,2,ER,50,28,4,7,4,17,57.33
2023-06-26,2,ER,50,32,11,7,2,20,64.76
2023-06-27,2,ER,50,38,9,5,3,24,76.69
2023-06-28,2,ER,50,36,6,7,2,20,72.01
2023-06-29,2,ER,50,34,11,5,3,23,68.08
2023-06-30,2,ER,50,36,6,8,3,22,72.41
2023-07-01,2,ER,50,22,9,8,2,19,44.59
2023-07-02,2,ER,50,22,8,9,2,17,44.35
2023-07-03,2,ER,50,28,13,8,4,16,56.62
2023-07-04,2,ER,50,25,6,4,1,19,51.43
2023-07-05,2,ER,50,30,6,4,1,21,60.18
2023-07-06,2,ER,50,33,13,9,5,22,66.95
2023-07-07,2,ER,50,33,7,8,2,20,67.19
2023-07-08,2,ER,50,26,11,3,3,16,52.48
2023-07-09,2,ER,50,19,9,8,2,14,39.43
2023-07-10,2,ER,50,32,11,7,4,23,65.93
2023-07-11,2,ER,50,31,7,5,2,20,63.23
2023-07-12,2,ER,50,29,9,11,2,19,59.13
2023-07-13,2,ER,50,26,12,5,1,20,53.56
2023-07-14,2,ER,50,31,10,4,4,20,62.42
2023-07-15,2,ER,50,22,9,5,2,21,44.13
2023-07-16,2,ER,50,19,4,5,5,17,39.77
2023-07-17,2,ER,50,35,11,4,2,19,70.76
2023-07-18,2,ER,50,34,9,9,3,23,68.18
2023-07-19,2,ER,50,37,10,8,2,23,75.41
2023-07-20,2,ER,50,32,4,9,2,21,64.94
2023-07-21,2,ER,50,31,10,7,3,19,62.74
2023-07-22,2,ER,50,24,15,5,3,18,49.78
2023-07-23,2,ER,50,24,5,8,3,18,48.33
2023-07-24,2,ER,50,31,5,2,3,20,62.72
2023-07-25,2,ER,50,32,7,4,4,21,64.44
2023-07-26,2,ER,50,34,3,6,4,18,69.54
2023-07-27,2,ER,50,32,9,5,2,18,65.69
2023-07-28,2,ER,50,28,8,5,1,22,57.02
2023-07-29,2,ER,50,17,12,5,1,21,34.75
2023-07-30,2,ER,50,19,9,9,2,17,39.13
2023-07-31,2,ER,50,29,8,8,2,23,59.17
2023-08-01,2,ER,50,24,9,4,4,20,48.73
2023-08-02,2,ER,50,27,9,8,1,20,54.44
2023-08-03,2,ER,50,28,8,9,1,21,56.54
2023-08-04,2,ER,50,30,8,4,3,21,61.95
2023-08-05,2,ER,50,23,9,15,2,19,47.73
2023-08-06,2,ER,50,21,5,5,3,18,43.52
2023-08-07,2,ER,50,24,9,7,3,18,48.21
2023-08-08,2,ER,50,25,7,6,1,22,51.26
2023-08-09,2,ER,50,32,7,11,2,23,65.6
2023-08-10,2,ER,50,32,4,8,2,24,65.52
2023-08-11,2,ER,50,30,5,9,2,19,60.55
2023-08-12,2,ER,50,21,3,10,5,20,42.95
2023-08-13,2,ER,50,17,7,2,1,19,34.84
2023-08-14,2,ER,50,28,6,4,2,24,57.5
2023-08-15,2,ER,50,27,10,8,2,20,54.33
2023-08-16,2,ER,50,28,7,5,2,19,56.43
2023-08-17,2,ER,50,26,9,10,3,23,53.55
2023-08-18,2,ER,50,30,10,3,4,23,60.03
2023-08-19,2,ER,50,18,6,7,4,17,37.71
2023-08-20,2,ER,50,19,12,8,2,18,38.9
2023-08-21,2,ER,50,28,9,7,4,19,57.95
2023-08-22,2,ER,50,28,2,11,3,21,57.95
2023-08-23,2,ER,50,27,11,4,3,19,55.37
2023-08-24,2,ER,50,28,4,10,3,18,56.59
2023-08-25,2,ER,50,27,9,8,2,18,55.78
2023-08-26,2,ER,50,25,14,3,3,18,51.08
2023-08-27,2,ER,50,20,11,4,2,19,41.35
2023-08-28,2,ER,50,28,11,3,2,23,56.24
2023-08-29,2,ER,50,25,9,6,3,19,50.1
2023-08-30,2,ER,50,29,8,7,2,17,58.55
2023-08-31,2,ER,50,27,10,6,2,22,54.84
2023-09-01,2,ER,50,29,6,6,4,22,58.64
2023-09-02,2,ER,50,17,9,2,3,13,34.29
2023-09-03,2,ER,50,21,7,9,3,20,42.13
2023-09-04,2,ER,50,34,9,6,1,24,69.05
2023-09-05,2,ER,50,25,4,8,3,19,50.59
2023-09-06,2,ER,50,31,8,4,4,20,63.43
2023-09-07,2,ER,50,24,6,7,2,21,48.85
2023-09-08,2,ER,50,31,6,9,2,21,63.91
2023-09-09,2,ER,50,17,7,7,3,20,35.35
2023-09-10,2,ER,50,24,1,8,3,17,49.42
2023-09-11,2,ER,50,26,7,4,2,21,52.5
2023-09-12,2,ER,50,25,6,2,4,21,50.27
2023-09-13,2,ER,50,31,10,8,2,21,62.62
2023-09-14,2,ER,50,27,9,8,1,24,54.73
2023-09-15,2,ER,50,26,8,7,3,21,53.69
2023-09-16,2,ER,50,23,13,5,2,18,46.12
2023-09-17,2,ER,50,20,8,3,3,20,41.49
2023-09-18,2,ER,50,24,9,7,2,17,48.19
2023-09-19,2,ER,50,29,3,5,1,23,59.26
2023-09-20,2,ER,50,24,6,2,4,18,49.69
2023-09-21,2,ER,50,23,6,8,2,20,46.27
2023-09-22,2,ER,50,31,6,5,3,20,62.89
2023-09-23,2,ER,50,20,3,10,4,21,40.15
2023-09-24,2,ER,50,21,13,6,4,19,42.48
2023-09-25,2,ER,50,26,1,5,3,19,53.71
2023-09-26,2,ER,50,25,6,11,2,22,50.42
2023-09-27,2,ER,50,26,9,9,3,21,53.29
2023-09-28,2,ER,50,24,6,5,1,21,49.28
2023-09-29,2,ER,50,24,11,9,1,22,49.12
2023-09-30,2,ER,50,20,11,15,2,17,40.17
2023-10-01,2,ER,50,19,4,8,4,16,39.82
2023-10-02,2,ER,50,28,4,4,2,23,57.36
2023-10-03,2,ER,50,25,12,7,3,18,50.09
2023-10-04,2,ER,50,26,11,8,2,21,53.01
2023-10-05,2,ER,50,26,12,7,2,19,53.56
2023-10-06,2,ER,50,26,10,5,3,20,52.45
2023-10-07,2,ER,50,16,4,8,2,18,33.89
2023-10-08,2,ER,50,19,10,6,3,17,38.06
2023-10-09,2,ER,50,29,8,8,2,20,58.1
2023-10-10,2,ER,50,27,6,10,3,18,55.7
2023-10-11,2,ER,50,27,8,9,1,19,55.29
2023-10-12,2,ER,50,32,8,9,3,20,64.38
2023-10-13,2,ER,50,30,9,8,3,21,61.13
2023-10-14,2,ER,50,21,9,10,2,19,42.1
2023-10-15,2,ER,50,20,8,3,2,21,41.23
2023-10-16,2,ER,50,31,10,4,1,26,63.79
2023-10-17,2,ER,50,26,8,6,3,18,53.78
2023-10-18,2,ER,50,35,7,4,2,20,70.89
2023-10-19,2,ER,50,29,6,1,1,19,58.01
2023-10-20,2,ER,50,28,9,6,2,18,57.77
2023-10-21,2,ER,50,16,9,13,1,16,33.25
2023-10-22,2,ER,50,20,9,6,3,20,40.48
2023-10-23,2,ER,50,27,11,5,3,22,54.47
2023-10-24,2,ER,50,30,5,6,2,21,60.95
2023-10-25,2,ER,50,24,5,11,3,18,48.51
2023-10-26,2,ER,50,29,10,9,2,21,59.97
2023-10-27,2,ER,50,28,8,10,3,22,57.41
2023-10-28,2,ER,50,16,6,5,2,18,33.31
2023-10-29,2,ER,50,21,6,5,2,22,42.29
2023-10-30,2,ER,50,28,9,8,1,20,57.43
2023-10-31,2,ER,50,28,6,10,4,18,57.73
2023-11-01,2,ER,50,35,8,4,3,22,70.32
2023-11-02,2,ER,50,32,7,10,3,21,64.82
2023-11-03,2,ER,50,29,7,3,3,23,58.94
2023-11-04,2,ER,50,18,6,8,3,22,37.77
2023-11-05,2,ER,50,21,3,8,3,17,43.88
2023-11-06,2,ER,50,27,12,11,4,23,55.94
2023-11-07,2,ER,50,29,9,8,3,22,58.84
2023-11-08,2,ER,50,32,6,5,3,21,65.6
2023-11-09,2,ER,50,29,10,9,2,21,59.69
2023-11-10,2,ER,50,31,5,6,1,24,62.99
2023-11-11,2,ER,50,24,5,8,4,18,49.47
2023-11-12,2,ER,50,22,7,1,3,22,45.06
2023-11-13,2,ER,50,29,9,9,2,18,58.66
2023-11-14,2,ER,50,30,5,4,3,21,61.09
2023-11-15,2,ER,50,29,9,6,4,24,59.85
2023-11-16,2,ER,50,29,8,10,2,21,58.12
2023-11-17,2,ER,50,28,6,10,3,19,56.44
2023-11-18,2,ER,50,27,8,10,3,21,55.97
2023-11-19,2,ER,50,21,2,5,3,19,42.54
2023-11-20,2,ER,50,28,6,6,2,24,57.94
2023-11-21,2,ER,50,33,8,6,1,23,66.93
2023-11-22,2,ER,50,31,7,8,2,21,63.34
2023-11-23,2,ER,50,34,9,4,1,20,68.16
2023-11-24,2,ER,50,35,8,5,3,20,71.59
2023-11-25,2,ER,50,22,5,7,3,21,44.79
2023-11-26,2,ER,50,21,12,8,3,17,43.81
2023-11-27,2,ER,50,34,6,9,4,22,69.5
2023-11-28,2,ER,50,35,4,10,1,20,70.5
2023-11-29,2,ER,50,30,5,3,1,22,61.83
2023-11-30,2,ER,50,28,8,9,1,20,56.98
2023-12-01,2,ER,50,31,8,6,4,20,62.32
2023-12-02,2,ER,50,29,9,6,3,19,59.76
2023-12-03,2,ER,50,30,7,10,2,21,60.17
2023-12-04,2,ER,50,34,8,6,3,22,68.52
2023-12-05,2,ER,50,37,8,8,3,20,75.1
2023-12-06,2,ER,50,37,5,7,3,21,75.51
2023-12-07,2,ER,50,31,10,9,2,24,63.49
2023-12-08,2,ER,50,33,4,9,3,21,66.43
2023-12-09,2,ER,50,26,6,8,2,17,53.33
2023-12-10,2,ER,50,32,5,9,4,22,65.42
2023-12-11,2,ER,50,38,6,6,2,21,77.57
2023-12-12,2,ER,50,34,7,5,3,23,69.12
2023-12-13,2,ER,50,37,7,6,1,22,74.51
2023-12-14,2,ER,50,34,6,4,4,21,69.63
2023-12-15,2,ER,50,32,6,2,4,20,65.39
2023-12-16,2,ER,50,24,12,14,4,21,48.61
2023-12-17,2,ER,50,24,11,8,3,22,49.61
2023-12-18,2,ER,50,30,11,7,2,18,61.87
2023-12-19,2,ER,50,35,4,3,4,21,70.21
2023-12-20,2,ER,50,36,5,4,3,23,72.92
2023-12-21,2,ER,50,38,12,4,2,20,76.68
2023-12-22,2,ER,50,33,6,8,3,20,67.11
2023-12-23,2,ER,50,27,8,6,3,21,55.76
2023-12-24,2,ER,50,27,11,6,3,23,55.82
2023-12-25,2,ER,50,40,6,9,4,23,81.8
2023-12-26,2,ER,50,33,9,7,3,17,67.85
2023-12-27,2,ER,50,30,12,7,3,24,60.02
2023-12-28,2,ER,50,35,6,6,2,23,70.38
2023-12-29,2,ER,50,36,10,0,2,20,72.21
2023-12-30,2,ER,50,27,9,8,3,19,55.86
2023-12-31,2,ER,50,30,11,7,4,19,60.12
2019-01-01,2,General Ward,100,77,18,12,4,29,77.16
2019-01-02,2,General Ward,100,74,21,12,3,29,74.91
2019-01-03,2,General Ward,100,81,21,9,4,30,81.35
2019-01-04,2,General Ward,100,69,9,13,4,22,69.7
2019-01-05,2,General Ward,100,59,13,9,3,26,59.17
2019-01-06,2,General Ward,100,60,16,18,5,29,60.26
2019-01-07,2,General Ward,100,70,17,8,2,25,70.56
2019-01-08,2,General Ward,100,77,7,16,5,26,77.12
2019-01-09,2,General Ward,100,71,10,12,3,30,71.19
2019-01-10,2,General Ward,100,74,17,12,3,26,74.31
2019-01-11,2,General Ward,100,68,16,10,5,27,68.72
2019-01-12,2,General Ward,100,66,14,17,3,27,66.36
2019-01-13,2,General Ward,100,52,14,16,4,24,52.89
2019-01-14,2,General Ward,100,69,17,13,3,26,69.43
2019-01-15,2,General Ward,100,73,22,14,4,29,73.46
2019-01-16,2,General Ward,100,72,15,12,4,30,72.29
2019-01-17,2,General Ward,100,70,11,14,4,27,70.4
2019-01-18,2,General Ward,100,64,12,14,4,23,64.19
2019-01-19,2,General Ward,100,55,17,13,4,23,55.93
2019-01-20,2,General Ward,100,60,13,10,4,23,60.27
2019-01-21,2,General Ward,100,71,16,9,2,27,71.75
2019-01-22,2,General Ward,100,77,17,12,2,26,77.28
2019-01-23,2,General Ward,100,70,11,15,5,27,70.52
2019-01-24,2,General Ward,100,69,18,19,4,27,69.12
2019-01-25,2,General Ward,100,67,15,16,4,23,67.98
2019-01-26,2,General Ward,100,66,20,23,4,24,66.99
2019-01-27,2,General Ward,100,55,17,21,6,22,55.52
2019-01-28,2,General Ward,100,75,10,13,1,27,75.11
2019-01-29,2,General Ward,100,78,7,11,3,27,78.24
2019-01-30,2,General Ward,100,64,14,11,5,26,64.52
2019-01-31,2,General Ward,100,74,15,16,4,28,74.19
2019-02-01,2,General Ward,100,75,13,14,3,25,75.37
2019-02-02,2,General Ward,100,64,15,16,3,28,64.14
2019-02-03,2,General Ward,100,55,12,13,3,26,55.86
2019-02-04,2,General Ward,100,80,10,17,4,27,80.62
2019-02-05,2,General Ward,100,76,15,16,3,27,77.0
2019-02-06,2,General Ward,100,84,22,14,2,30,84.41
2019-02-07,2,General Ward,100,76,12,22,3,27,76.26
2019-02-08,2,General Ward,100,79,13,15,5,27,79.95
2019-02-09,2,General Ward,100,70,10,16,4,27,70.2
2019-02-10,2,General Ward,100,56,22,18,2,20,56.08
2019-02-11,2,General Ward,100,80,21,18,2,27,80.9
2019-02-12,2,General Ward,100,73,11,22,2,26,73.81
2019-02-13,2,General Ward,100,72,15,9,4,27,72.5
2019-02-14,2,General Ward,100,78,16,14,4,25,78.54
2019-02-15,2,General Ward,100,76,20,13,3,30,76.01
2019-02-16,2,General Ward,100,67,17,18,2,27,67.28
2019-02-17,2,General Ward,100,60,22,12,2,23,60.01
2019-02-18,2,General Ward,100,75,19,19,3,25,75.64
2019-02-19,2,General Ward,100,78,12,16,2,30,78.89
2019-02-20,2,General Ward,100,75,17,9,3,28,75.88
2019-02-21,2,General Ward,100,79,12,21,3,27,79.15
2019-02-22,2,General Ward,100,82,20,12,5,24,82.39
2019-02-23,2,General Ward,100,72,23,15,5,27,72.09
2019-02-24,2,General Ward,100,62,17,19,2,28,62.07
2019-02-25,2,General Ward,100,76,10,17,5,28,76.44
2019-02-26,2,General Ward,100,81,13,12,4,27,81.2
2019-02-27,2,General Ward,100,72,22,18,4,26,72.24
2019-02-28,2,General Ward,100,79,16,14,5,29,79.61
2019-03-01,2,General Ward,100,79,15,8,5,30,79.26
2019-03-02,2,General Ward,100,75,14,12,4,34,75.05
2019-03-03,2,General Ward,100,67,18,11,3,28,67.76
2019-03-04,2,General Ward,100,77,12,17,5,29,77.77
2019-03-05,2,General Ward,100,88,14,16,3,30,88.24
2019-03-06,2,General Ward,100,84,13,17,3,28,84.05
2019-03-07,2,General Ward,100,84,10,19,5,29,84.53
2019-03-08,2,General Ward,100,81,14,15,4,26,81.48
2019-03-09,2,General Ward,100,59,16,10,4,22,59.84
2019-03-10,2,General Ward,100,66,8,15,3,26,66.55
2019-03-11,2,General Ward,100,75,10,12,4,29,75.89
2019-03-12,2,General Ward,100,72,19,12,2,28,72.97
2019-03-13,2,General Ward,100,81,10,9,3,30,81.68
2019-03-14,2,General Ward,100,84,21,18,3,27,84.16
2019-03-15,2,General Ward,100,72,17,14,3,28,72.8
2019-03-16,2,General Ward,100,67,20,15,4,27,67.83
2019-03-17,2,General Ward,100,68,14,12,3,26,68.7
2019-03-18,2,General Ward,100,79,11,12,4,31,79.51
2019-03-19,2,General Ward,100,85,13,20,4,28,85.61
2019-03-20,2,General Ward,100,74,12,12,5,27,75.0
2019-03-21,2,General Ward,100,81,18,11,5,29,81.21
2019-03-22,2,General Ward,100,74,13,21,2,27,74.32
2019-03-23,2,General Ward,100,52,17,12,4,28,52.61
2019-03-24,2,General Ward,100,68,19,14,4,24,68.88
2019-03-25,2,General Ward,100,75,8,10,4,28,75.98
2019-03-26,2,General Ward,100,87,20,10,5,27,87.14
2019-03-27,2,General Ward,100,76,18,16,3,25,76.33
2019-03-28,2,General Ward,100,83,17,12,4,29,83.49
2019-03-29,2,General Ward,100,66,11,28,3,25,66.46
2019-03-30,2,General Ward,100,70,11,16,4,26,70.56
2019-03-31,2,General Ward,100,75,16,12,4,29,75.47
2019-04-01,2,General Ward,100,77,11,13,5,32,77.61
2019-04-02,2,General Ward,100,82,13,16,4,28,82.18
2019-04-03,2,General Ward,100,76,10,7,4,24,76.33
2019-04-04,2,General Ward,100,72,17,12,3,26,72.91
2019-04-05,2,General Ward,100,77,13,16,1,30,77.95
2019-04-06,2,General Ward,100,63,15,18,3,26,63.23
2019-04-07,2,General Ward,100,61,17,20,3,26,61.54
2019-04-08,2,General Ward,100,77,19,10,3,31,77.44
2019-04-09,2,General Ward,100,83,13,17,4,29,83.03
2019-04-10,2,General Ward,100,70,15,9,2,24,70.57
2019-04-11,2,General Ward,100,78,10,8,4,27,78.7
2019-04-12,2,General Ward,100,75,15,16,4,28,75.99
2019-04-13,2,General Ward,100,66,15,15,2,26,66.35
2019-04-14,2,General Ward,100,63,18,10,3,23,63.91
2019-04-15,2,General Ward,100,74,17,16,4,28,74.51
2019-04-16,2,General Ward,100,74,17,11,4,24,74.91
2019-04-17,2,General Ward,100,85,20,14,4,28,85.55
2019-04-18,2,General Ward,100,80,15,14,4,31,80.16
2019-04-19,2,General Ward,100,72,13,20,3,26,72.94
2019-04-20,2,General Ward,100,61,11,12,5,24,61.87
2019-04-21,2,General Ward,100,65,14,14,4,25,65.32
2019-04-22,2,General Ward,100,70,22,10,5,24,70.48
2019-04-23,2,General Ward,100,80,21,16,3,27,80.1
2019-04-24,2,General Ward,100,74,12,15,3,27,74.12
2019-04-25,2,General Ward,100,82,15,10,4,27,82.93
2019-04-26,2,General Ward,100,82,7,11,3,30,82.49
2019-04-27,2,General Ward,100,64,12,17,2,27,64.94
2019-04-28,2,General Ward,100,61,12,14,1,25,61.33
2019-04-29,2,General Ward,100,65,15,14,4,25,65.66
2019-04-30,2,General Ward,100,74,22,21,5,24,74.53
2019-05-01,2,General Ward,100,73,16,15,4,28,73.5
2019-05-02,2,General Ward,100,70,20,10,5,29,70.94
2019-05-03,2,General Ward,100,78,22,17,5,32,78.93
2019-05-04,2,General Ward,100,57,11,16,4,26,57.1
2019-05-05,2,General Ward,100,59,11,17,4,25,59.38
2019-05-06,2,General Ward,100,74,18,16,4,28,74.81
2019-05-07,2,General Ward,100,73,15,10,3,27,73.61
2019-05-08,2,General Ward,100,80,17,10,5,31,80.92
2019-05-09,2,General Ward,100,74,13,8,3,29,74.52
2019-05-10,2,General Ward,100,71,14,10,4,27,71.7
2019-05-11,2,General Ward,100,52,14,12,4,23,52.5
2019-05-12,2,General Ward,100,52,19,24,4,26,52.06
2019-05-13,2,General Ward,100,81,13,11,3,29,81.75
2019-05-14,2,General Ward,100,79,12,18,3,28,79.16
2019-05-15,2,General Ward,100,72,13,12,4,27,72.18
2019-05-16,2,General Ward,100,64,17,18,3,30,64.07
2019-05-17,2,General Ward,100,77,11,16,4,28,77.85
2019-05-18,2,General Ward,100,67,26,17,4,23,67.2
2019-05-19,2,General Ward,100,58,9,17,3,29,58.29
2019-05-20,2,General Ward,100,73,12,11,4,25,73.34
2019-05-21,2,General Ward,100,73,9,13,5,27,73.34
2019-05-22,2,General Ward,100,63,15,14,4,28,63.39
2019-05-23,2,General Ward,100,70,9,14,3,25,70.78
2019-05-24,2,General Ward,100,68,16,14,3,29,68.31
2019-05-25,2,General Ward,100,61,23,13,4,29,61.14
2019-05-26,2,General Ward,100,56,10,10,3,25,56.43
2019-05-27,2,General Ward,100,63,17,6,3,28,63.46
2019-05-28,2,General Ward,100,69,12,9,5,27,69.88
2019-05-29,2,General Ward,100,66,14,14,4,23,66.9
2019-05-30,2,General Ward,100,68,14,18,4,28,68.41
2019-05-31,2,General Ward,100,78,11,14,2,32,78.41
2019-06-01,2,General Ward,100,36,17,19,5,22,36.71
2019-06-02,2,General Ward,100,38,13,16,5,25,38.43
2019-06-03,2,General Ward,100,67,11,12,3,24,67.76
2019-06-04,2,General Ward,100,65,20,14,4,25,65.44
2019-06-05,2,General Ward,100,62,13,9,2,28,62.47
2019-06-06,2,General Ward,100,65,16,17,4,29,65.43
2019-06-07,2,General Ward,100,70,5,13,4,23,70.29
2019-06-08,2,General Ward,100,45,19,17,4,20,45.89
2019-06-09,2,General Ward,100,49,18,12,3,23,49.98
2019-06-10,2,General Ward,100,67,18,14,3,26,68.0
2019-06-11,2,General Ward,100,67,12,14,5,25,67.0
2019-06-12,2,General Ward,100,68,9,9,5,23,68.37
2019-06-13,2,General Ward,100,59,19,15,5,24,59.49
2019-06-14,2,General Ward,100,61,14,9,2,25,61.35
2019-06-15,2,General Ward,100,44,16,17,1,23,44.34
2019-06-16,2,General Ward,100,55,16,13,5,22,55.56
2019-06-17,2,General Ward,100,69,15,14,4,26,69.72
2019-06-18,2,General Ward,100,66,16,13,5,24,66.59
2019-06-19,2,General Ward,100,58,17,14,5,27,58.12
2019-06-20,2,General Ward,100,65,13,14,4,26,65.58
2019-06-21,2,General Ward,100,58,17,20,3,26,58.27
2019-06-22,2,General Ward,100,44,13,12,3,24,44.8
2019-06-23,2,General Ward,100,49,11,12,2,22,49.13
2019-06-24,2,General Ward,100,63,15,12,5,26,64.0
2019-06-25,2,General Ward,100,58,11,14,4,25,58.55
2019-06-26,2,General Ward,100,62,12,20,4,28,62.76
2019-06-27,2,General Ward,100,65,16,14,4,24,65.05
2019-06-28,2,General Ward,100,72,17,16,4,26,72.96
2019-06-29,2,General Ward,100,53,16,17,3,27,53.72
2019-06-30,2,General Ward,100,51,14,11,5,25,51.48
2019-07-01,2,General Ward,100,60,21,12,5,24,60.75
2019-07-02,2,General Ward,100,57,20,13,4,21,57.08
2019-07-03,2,General Ward,100,60,10,8,4,27,60.74
2019-07-04,2,General Ward,100,54,11,13,6,25,54.11
2019-07-05,2,General Ward,100,52,12,10,5,28,52.76
2019-07-06,2,General Ward,100,52,17,19,4,24,52.95
2019-07-07,2,General Ward,100,40,13,13,5,26,40.92
2019-07-08,2,General Ward,100,60,17,16,4,25,60.57
2019-07-09,2,General Ward,100,47,20,15,4,22,47.15
2019-07-10,2,General Ward,100,70,11,11,2,26,70.21
2019-07-11,2,General Ward,100,59,16,19,5,29,59.49
2019-07-12,2,General Ward,100,55,12,21,3,22,55.06
2019-07-13,2,General Ward,100,45,13,15,3,23,45.43
2019-07-14,2,General Ward,100,39,12,14,4,24,39.42
2019-07-15,2,General Ward,100,50,9,13,5,26,50.17
2019-07-16,2,General Ward,100,56,18,15,3,28,56.27
2019-07-17,2,General Ward,100,54,20,15,2,25,54.82
2019-07-18,2,General Ward,100,57,17,3,3,24,57.65
2019-07-19,2,General Ward,100,52,14,16,5,24,52.05
2019-07-20,2,General Ward,100,42,12,16,5,23,42.47
2019-07-21,2,General Ward,100,50,15,9,2,22,50.81
2019-07-22,2,General Ward,100,53,16,7,5,25,53.79
2019-07-23,2,General Ward,100,58,23,11,4,26,58.35
2019-07-24,2,General Ward,100,58,15,14,2,27,58.43
2019-07-25,2,General Ward,100,58,15,12,4,24,58.02
2019-07-26,2,General Ward,100,55,11,5,6,30,55.83
2019-07-27,2,General Ward,100,40,19,11,3,21,40.28
2019-07-28,2,General Ward,100,44,14,13,4,23,44.59
2019-07-29,2,General Ward,100,58,12,12,4,25,58.13
2019-07-30,2,General Ward,100,51,12,17,5,23,51.54
2019-07-31,2,General Ward,100,55,13,13,4,22,55.14
2019-08-01,2,General Ward,100,55,12,8,5,25,55.42
2019-08-02,2,General Ward,100,55,13,16,3,26,55.94
2019-08-03,2,General Ward,100,30,16,15,3,24,30.0
2019-08-04,2,General Ward,100,32,16,16,3,21,32.19
2019-08-05,2,General Ward,100,46,20,17,3,26,46.75
2019-08-06,2,General Ward,100,48,12,22,4,29,48.74
2019-08-07,2,General Ward,100,52,15,15,4,22,52.62
2019-08-08,2,General Ward,100,55,6,10,1,25,55.81
2019-08-09,2,General Ward,100,45,14,14,3,25,45.41
2019-08-10,2,General Ward,100,36,17,22,5,25,36.86
2019-08-11,2,General Ward,100,35,12,12,3,21,35.57
2019-08-12,2,General Ward,100,54,10,19,5,24,54.9
2019-08-13,2,General Ward,100,59,16,10,3,25,59.04
2019-08-14,2,General Ward,100,51,16,21,2,26,51.49
2019-08-15,2,General Ward,100,54,12,11,4,27,54.44
2019-08-16,2,General Ward,100,51,12,17,3,28,51.11
2019-08-17,2,General Ward,100,35,16,17,4,22,35.9
2019-08-18,2,General Ward,100,38,12,17,2,23,38.48
2019-08-19,2,General Ward,100,58,6,14,2,27,58.07
2019-08-20,2,General Ward,100,53,14,13,2,24,53.98
2019-08-21,2,General Ward,100,49,10,15,3,23,49.98
2019-08-22,2,General Ward,100,57,13,15,3,24,57.2
2019-08-23,2,General Ward,100,55,17,9,3,22,55.16
2019-08-24,2,General Ward,100,31,20,22,3,20,31.5
2019-08-25,2,General Ward,100,35,11,10,4,24,35.78
2019-08-26,2,General Ward,100,57,23,17,3,25,57.27
2019-08-27,2,General Ward,100,53,16,12,2,24,53.96
2019-08-28,2,General Ward,100,54,15,19,3,25,54.39
2019-08-29,2,General Ward,100,56,16,12,3,25,56.39
2019-08-30,2,General Ward,100,50,13,8,3,25,50.8
2019-08-31,2,General Ward,100,37,21,14,4,25,37.62
2019-09-01,2,General Ward,100,30,8,9,4,18,30.0
2019-09-02,2,General Ward,100,49,10,10,3,22,49.01
2019-09-03,2,General Ward,100,48,17,13,4,23,49.0
2019-09-04,2,General Ward,100,49,16,14,1,23,49.03
2019-09-05,2,General Ward,100,47,9,16,2,24,47.29
2019-09-06,2,General Ward,100,44,13,13,4,22,44.23
2019-09-07,2,General Ward,100,39,11,15,4,25,39.03
2019-09-08,2,General Ward,100,32,13,18,4,24,32.65
2019-09-09,2,General Ward,100,44,13,16,5,25,44.86
2019-09-10,2,General Ward,100,48,9,14,4,23,48.31
2019-09-11,2,General Ward,100,44,19,26,2,23,44.46
2019-09-12,2,General Ward,100,56,11,17,2,27,56.16
2019-09-13,2,General Ward,100,43,13,13,4,24,43.49
2019-09-14,2,General Ward,100,30,22,14,4,19,30.0
2019-09-15,2,General Ward,100,38,12,16,4,22,38.26
2019-09-16,2,General Ward,100,53,19,12,4,24,53.63
2019-09-17,2,General Ward,100,49,9,17,4,25,49.24
2019-09-18,2,General Ward,100,53,16,16,4,24,53.54
2019-09-19,2,General Ward,100,63,11,13,5,23,63.95
2019-09-20,2,General Ward,100,50,17,11,3,24,50.26
2019-09-21,2,General Ward,100,42,18,15,6,25,42.3
2019-09-22,2,General Ward,100,38,13,13,4,25,38.09
2019-09-23,2,General Ward,100,55,15,16,3,28,55.02
2019-09-24,2,General Ward,100,48,20,13,4,24,48.1
2019-09-25,2,General Ward,100,49,10,15,4,24,49.89
2019-09-26,2,General Ward,100,47,17,19,4,25,47.49
2019-09-27,2,General Ward,100,50,15,18,4,24,50.12
2019-09-28,2,General Ward,100,31,15,18,3,22,31.69
2019-09-29,2,General Ward,100,37,15,19,3,23,37.14
2019-09-30,2,General Ward,100,55,18,19,4,22,55.49
2019-10-01,2,General Ward,100,58,12,17,2,26,58.05
2019-10-02,2,General Ward,100,49,12,23,4,24,49.48
2019-10-03,2,General Ward,100,38,10,12,3,24,38.37
2019-10-04,2,General Ward,100,60,11,24,3,25,60.98
2019-10-05,2,General Ward,100,39,19,13,2,22,39.53
2019-10-06,2,General Ward,100,49,14,16,3,23,49.95
2019-10-07,2,General Ward,100,36,17,14,2,26,36.03
2019-10-08,2,General Ward,100,58,9,15,4,24,58.1
2019-10-09,2,General Ward,100,44,11,15,3,20,44.85
2019-10-10,2,General Ward,100,50,14,15,5,25,50.38
2019-10-11,2,General Ward,100,54,21,17,6,27,54.0
2019-10-12,2,General Ward,100,30,18,15,5,22,30.0
2019-10-13,2,General Ward,100,31,9,12,6,23,31.14
2019-10-14,2,General Ward,100,56,19,17,3,22,56.32
2019-10-15,2,General Ward,100,50,16,18,4,27,50.67
2019-10-16,2,General Ward,100,59,16,15,1,25,59.27
2019-10-17,2,General Ward,100,56,23,19,3,25,56.74
2019-10-18,2,General Ward,100,51,10,12,3,23,51.13
2019-10-19,2,General Ward,100,47,15,17,5,23,47.98
2019-10-20,2,General Ward,100,41,18,20,4,24,41.09
2019-10-21,2,General Ward,100,59,13,13,4,26,59.29
2019-10-22,2,General Ward,100,57,12,14,4,27,57.34
2019-10-23,2,General Ward,100,47,15,14,5,24,47.73
2019-10-24,2,General Ward,100,49,18,16,3,24,50.0
2019-10-25,2,General Ward,100,55,14,14,4,25,55.41
2019-10-26,2,General Ward,100,34,11,11,3,26,34.68
2019-10-27,2,General Ward,100,30,20,19,4,23,30.31
2019-10-28,2,General Ward,100,56,16,23,1,24,56.08
2019-10-29,2,General Ward,100,60,11,9,2,26,60.74
2019-10-30,2,General Ward,100,48,14,15,3,24,48.11
2019-10-31,2,General Ward,100,52,15,12,5,21,52.04
2019-11-01,2,General Ward,100,53,18,17,3,22,53.58
2019-11-02,2,General Ward,100,41,17,13,3,24,41.12
2019-11-03,2,General Ward,100,48,12,13,4,24,48.39
2019-11-04,2,General Ward,100,53,7,10,6,28,53.5
2019-11-05,2,General Ward,100,56,21,17,3,24,56.23
2019-11-06,2,General Ward,100,63,10,15,4,26,63.11
2019-11-07,2,General Ward,100,49,17,18,5,23,49.1
2019-11-08,2,General Ward,100,48,20,12,3,25,48.3
2019-11-09,2,General Ward,100,43,22,20,5,27,43.62
2019-11-10,2,General Ward,100,45,18,11,2,27,45.46
2019-11-11,2,General Ward,100,52,11,10,4,23,52.62
2019-11-12,2,General Ward,100,62,14,16,3,27,62.88
2019-11-13,2,General Ward,100,59,12,14,2,25,59.32
2019-11-14,2,General Ward,100,69,15,12,3,30,69.51
2019-11-15,2,General Ward,100,58,12,15,4,27,58.14
2019-11-16,2,General Ward,100,40,12,11,3,26,40.07
2019-11-17,2,General Ward,100,47,16,16,4,20,47.51
2019-11-18,2,General Ward,100,61,21,12,3,26,61.27
2019-11-19,2,General Ward,100,51,14,5,4,26,51.95
2019-11-20,2,General Ward,100,56,17,20,4,28,56.82
2019-11-21,2,General Ward,100,62,19,15,5,28,62.82
2019-11-22,2,General Ward,100,59,9,6,4,26,59.73
2019-11-23,2,General Ward,100,39,15,12,3,27,39.47
2019-11-24,2,General Ward,100,38,17,10,2,24,38.73
2019-11-25,2,General Ward,100,59,21,17,4,25,59.87
2019-11-26,2,General Ward,100,59,15,15,3,24,59.66
2019-11-27,2,General Ward,100,72,14,16,4,21,72.63
2019-11-28,2,General Ward,100,59,20,8,2,26,59.0
2019-11-29,2,General Ward,100,59,15,15,3,26,59.7
2019-11-30,2,General Ward,100,47,15,12,3,24,47.92
2019-12-01,2,General Ward,100,50,10,17,4,28,50.58
2019-12-02,2,General Ward,100,67,16,15,2,25,67.17
2019-12-03,2,General Ward,100,73,14,7,4,26,73.38
2019-12-04,2,General Ward,100,59,13,12,4,24,59.74
2019-12-05,2,General Ward,100,66,9,17,2,24,66.39
2019-12-06,2,General Ward,100,62,18,10,3,27,62.41
2019-12-07,2,General Ward,100,50,13,12,3,24,50.22
2019-12-08,2,General Ward,100,50,11,11,5,24,50.64
2019-12-09,2,General Ward,100,65,19,20,3,29,65.02
2019-12-10,2,General Ward,100,65,13,14,3,27,65.33
2019-12-11,2,General Ward,100,62,18,15,3,22,62.3
2019-12-12,2,General Ward,100,69,12,14,4,24,69.1
2019-12-13,2,General Ward,100,64,19,19,3,25,64.06
2019-12-14,2,General Ward,100,52,21,11,4,28,52.0
2019-12-15,2,General Ward,100,54,14,11,3,25,54.55
2019-12-16,2,General Ward,100,69,24,17,3,30,69.28
2019-12-17,2,General Ward,100,61,12,9,4,25,61.88
2019-12-18,2,General Ward,100,69,9,16,4,24,69.03
2019-12-19,2,General Ward,100,57,15,21,3,23,57.29
2019-12-20,2,General Ward,100,61,11,19,3,25,61.31
2019-12-21,2,General Ward,100,51,12,20,4,24,51.56
2019-12-22,2,General Ward,100,52,7,8,3,27,52.31
2019-12-23,2,General Ward,100,62,11,19,3,24,62.01
2019-12-24,2,General Ward,100,68,15,9,4,26,68.19
2019-12-25,2,General Ward,100,62,13,16,3,31,62.22
2019-12-26,2,General Ward,100,54,8,14,3,23,54.34
2019-12-27,2,General Ward,100,70,13,10,2,25,70.31
2019-12-28,2,General Ward,100,54,18,8,4,24,54.41
2019-12-29,2,General Ward,100,46,14,11,4,26,46.75
2019-12-30,2,General Ward,100,55,14,13,3,25,55.2
2019-12-31,2,General Ward,100,61,15,6,4,24,61.72
2020-01-01,2,General Ward,100,89,13,10,5,27,89.44
2020-01-02,2,General Ward,100,91,11,15,3,27,91.95
2020-01-03,2,General Ward,100,94,12,16,4,28,94.94
2020-01-04,2,General Ward,100,73,19,18,2,27,73.02
2020-01-05,2,General Ward,100,79,20,9,6,32,79.81
2020-01-06,2,General Ward,100,87,18,16,5,29,87.02
2020-01-07,2,General Ward,100,95,19,15,5,27,95.0
2020-01-08,2,General Ward,100,88,15,19,4,25,88.47
2020-01-09,2,General Ward,100,85,18,10,3,24,85.94
2020-01-10,2,General Ward,100,93,16,13,5,28,93.18
2020-01-11,2,General Ward,100,77,14,13,5,28,77.81
2020-01-12,2,General Ward,100,64,13,17,4,26,64.81
2020-01-13,2,General Ward,100,90,13,17,2,28,90.14
2020-01-14,2,General Ward,100,93,16,10,4,26,93.99
2020-01-15,2,General Ward,100,92,11,13,4,31,92.92
2020-01-16,2,General Ward,100,94,14,17,2,26,94.57
2020-01-17,2,General Ward,100,93,17,12,3,24,93.18
2020-01-18,2,General Ward,100,76,16,14,3,29,76.7
2020-01-19,2,General Ward,100,81,26,15,2,31,81.01
2020-01-20,2,General Ward,100,93,18,20,5,26,93.17
2020-01-21,2,General Ward,100,83,14,21,5,25,83.08
2020-01-22,2,General Ward,100,95,13,18,5,32,95.0
2020-01-23,2,General Ward,100,83,11,17,1,31,83.72
2020-01-24,2,General Ward,100,93,14,14,1,33,93.7
2020-01-25,2,General Ward,100,67,14,12,2,27,67.3
2020-01-26,2,General Ward,100,72,19,14,2,23,72.5
2020-01-27,2,General Ward,100,91,17,15,5,26,91.66
2020-01-28,2,General Ward,100,91,15,14,5,30,91.76
2020-01-29,2,General Ward,100,95,15,16,3,30,95.0
2020-01-30,2,General Ward,100,93,19,14,4,33,93.57
2020-01-31,2,General Ward,100,84,16,13,4,31,84.82
2020-02-01,2,General Ward,100,81,10,16,3,33,81.7
2020-02-02,2,General Ward,100,84,15,18,2,27,84.25
2020-02-03,2,General Ward,100,95,13,14,3,32,95.0
2020-02-04,2,General Ward,100,94,16,17,4,28,94.27
2020-02-05,2,General Ward,100,95,12,11,4,28,95.0
2020-02-06,2,General Ward,100,89,12,12,4,31,89.4
2020-02-07,2,General Ward,100,88,19,14,3,28,88.19
2020-02-08,2,General Ward,100,83,22,15,4,29,83.44
2020-02-09,2,General Ward,100,72,19,15,3,30,72.97
2020-02-10,2,General Ward,100,95,14,9,3,28,95.0
2020-02-11,2,General Ward,100,91,15,16,5,27,91.9
2020-02-12,2,General Ward,100,95,13,16,3,31,95.0
2020-02-13,2,General Ward,100,95,16,15,4,31,95.0
2020-02-14,2,General Ward,100,95,14,8,5,30,95.0
2020-02-15,2,General Ward,100,86,18,16,4,30,86.96
2020-02-16,2,General Ward,100,80,16,11,4,24,80.15
2020-02-17,2,General Ward,100,95,17,8,5,28,95.0
2020-02-18,2,General Ward,100,89,21,12,2,30,89.09
2020-02-19,2,General Ward,100,95,8,10,1,26,95.0
2020-02-20,2,General Ward,100,94,18,12,3,28,94.8
2020-02-21,2,General Ward,100,92,16,18,4,29,92.89
2020-02-22,2,General Ward,100,83,16,15,4,26,83.63
2020-02-23,2,General Ward,100,77,19,16,3,29,77.58
2020-02-24,2,General Ward,100,95,11,21,3,27,95.0
2020-02-25,2,General Ward,100,95,15,13,3,26,95.0
2020-02-26,2,General Ward,100,95,17,19,3,29,95.0
2020-02-27,2,General Ward,100,95,13,19,3,31,95.0
2020-02-28,2,General Ward,100,95,13,21,3,27,95.0
2020-02-29,2,General Ward,100,81,13,17,3,26,81.03
2020-03-01,2,General Ward,100,87,16,15,3,27,87.88
2020-03-02,2,General Ward,100,95,15,15,4,30,95.0
2020-03-03,2,General Ward,100,95,19,7,4,28,95.0
2020-03-04,2,General Ward,100,95,26,14,4,28,95.0
2020-03-05,2,General Ward,100,95,15,18,3,32,95.0
2020-03-06,2,General Ward,100,95,11,13,3,27,95.0
2020-03-07,2,General Ward,100,87,14,13,3,28,87.28
2020-03-08,2,General Ward,100,79,24,16,4,25,79.75
2020-03-09,2,General Ward,100,95,13,10,3,31,95.0
2020-03-10,2,General Ward,100,95,14,16,4,29,95.0
2020-03-11,2,General Ward,100,95,11,19,3,26,95.0
2020-03-12,2,General Ward,100,95,10,14,2,28,95.0
2020-03-13,2,General Ward,100,95,13,9,3,31,95.0
2020-03-14,2,General Ward,100,89,8,15,3,28,89.92
2020-03-15,2,General Ward,100,87,15,12,1,25,87.62
2020-03-16,2,General Ward,100,95,21,11,3,29,95.0
2020-03-17,2,General Ward,100,95,22,19,4,28,95.0
2020-03-18,2,General Ward,100,93,16,20,5,28,93.58
2020-03-19,2,General Ward,100,95,27,18,3,26,95.0
2020-03-20,2,General Ward,100,95,16,19,2,25,95.0
2020-03-21,2,General Ward,100,90,13,8,2,30,90.98
2020-03-22,2,General Ward,100,90,19,15,6,31,90.67
2020-03-23,2,General Ward,100,95,14,15,5,27,95.0
2020-03-24,2,General Ward,100,95,21,11,2,29,95.0
2020-03-25,2,General Ward,100,91,14,17,2,29,91.45
2020-03-26,2,General Ward,100,95,19,17,4,29,95.0
2020-03-27,2,General Ward,100,95,11,20,3,32,95.0
2020-03-28,2,General Ward,100,93,15,13,3,24,93.74
2020-03-29,2,General Ward,100,81,25,14,4,26,81.97
2020-03-30,2,General Ward,100,95,12,13,3,30,95.0
2020-03-31,2,General Ward,100,95,14,10,3,29,95.0
2020-04-01,2,General Ward,100,88,13,11,2,32,88.11
2020-04-02,2,General Ward,100,94,21,12,3,29,94.84
2020-04-03,2,General Ward,100,91,13,6,4,31,91.76
2020-04-04,2,General Ward,100,80,17,12,4,26,80.88
2020-04-05,2,General Ward,100,83,16,12,2,29,83.81
2020-04-06,2,General Ward,100,95,12,7,2,28,95.0
2020-04-07,2,General Ward,100,93,13,18,4,28,93.69
2020-04-08,2,General Ward,100,95,10,21,2,29,95.0
2020-04-09,2,General Ward,100,95,13,15,3,30,95.0
2020-04-10,2,General Ward,100,95,22,12,5,27,95.0
2020-04-11,2,General Ward,100,84,13,14,3,28,84.61
2020-04-12,2,General Ward,100,79,13,15,3,25,79.62
2020-04-13,2,General Ward,100,95,18,14,4,28,95.0
2020-04-14,2,General Ward,100,95,15,18,4,25,95.0
2020-04-15,2,General Ward,100,95,22,11,3,26,95.0
2020-04-16,2,General Ward,100,89,18,17,4,30,89.92
2020-04-17,2,General Ward,100,95,14,15,3,29,95.0
2020-04-18,2,General Ward,100,85,20,11,3,28,85.35
2020-04-19,2,General Ward,100,87,11,12,3,21,87.32
2020-04-20,2,General Ward,100,95,11,10,4,31,95.0
2020-04-21,2,General Ward,100,95,8,14,4,26,95.0
2020-04-22,2,General Ward,100,95,16,9,3,28,95.0
2020-04-23,2,General Ward,100,95,17,22,3,30,95.0
2020-04-24,2,General Ward,100,95,12,6,4,29,95.0
2020-04-25,2,General Ward,100,86,18,15,4,27,86.52
2020-04-26,2,General Ward,100,89,12,9,3,29,89.6
2020-04-27,2,General Ward,100,90,12,11,1,29,90.02
2020-04-28,2,General Ward,100,92,14,15,2,28,92.53
2020-04-29,2,General Ward,100,95,11,8,2,28,95.0
2020-04-30,2,General Ward,100,95,17,10,4,31,95.0
2020-05-01,2,General Ward,100,95,15,14,5,29,95.0
2020-05-02,2,General Ward,100,79,13,14,2,26,79.41
2020-05-03,2,General Ward,100,77,16,14,3,26,77.94
2020-05-04,2,General Ward,100,90,10,10,3,28,90.58
2020-05-05,2,General Ward,100,85,14,15,3,28,85.47
2020-05-06,2,General Ward,100,91,18,10,3,29,91.08
2020-05-07,2,General Ward,100,88,9,15,3,27,88.88
2020-05-08,2,General Ward,100,95,17,13,5,29,95.0
2020-05-09,2,General Ward,100,80,19,14,4,27,80.54
2020-05-10,2,General Ward,100,82,10,16,2,28,82.08
2020-05-11,2,General Ward,100,95,20,9,2,30,95.0
2020-05-12,2,General Ward,100,95,17,7,5,29,95.0
2020-05-13,2,General Ward,100,95,13,16,3,31,95.0
2020-05-14,2,General Ward,100,79,21,10,2,31,79.57
2020-05-15,2,General Ward,100,89,18,14,4,28,89.8
2020-05-16,2,General Ward,100,79,17,8,3,30,79.66
2020-05-17,2,General Ward,100,81,11,11,2,29,81.42
2020-05-18,2,General Ward,100,95,20,14,4,24,95.0
2020-05-19,2,General Ward,100,95,15,9,3,28,95.0
2020-05-20,2,General Ward,100,93,23,25,2,29,93.13
2020-05-21,2,General Ward,100,88,11,12,4,27,88.89
2020-05-22,2,General Ward,100,84,19,15,3,28,84.48
2020-05-23,2,General Ward,100,78,16,13,3,28,78.98
2020-05-24,2,General Ward,100,80,15,12,3,32,80.88
2020-05-25,2,General Ward,100,93,7,14,4,30,93.27
2020-05-26,2,General Ward,100,95,11,14,4,26,95.0
2020-05-27,2,General Ward,100,79,11,14,4,29,79.09
2020-05-28,2,General Ward,100,94,13,19,4,30,94.65
2020-05-29,2,General Ward,100,95,12,20,3,28,95.0
2020-05-30,2,General Ward,100,79,17,15,3,28,79.9
2020-05-31,2,General Ward,100,77,19,11,5,26,77.72
2020-06-01,2,General Ward,100,95,13,11,4,27,95.0
2020-06-02,2,General Ward,100,81,21,12,3,27,81.79
2020-06-03,2,General Ward,100,86,15,13,2,27,86.84
2020-06-04,2,General Ward,100,89,18,12,5,28,89.11
2020-06-05,2,General Ward,100,79,14,16,3,27,79.88
2020-06-06,2,General Ward,100,69,14,12,3,26,69.41
2020-06-07,2,General Ward,100,65,17,10,4,25,65.97
2020-06-08,2,General Ward,100,82,13,12,3,24,82.94
2020-06-09,2,General Ward,100,83,15,15,4,28,83.47
2020-06-10,2,General Ward,100,92,14,16,3,27,92.45
2020-06-11,2,General Ward,100,76,11,15,4,25,76.63
2020-06-12,2,General Ward,100,77,16,17,6,29,77.17
2020-06-13,2,General Ward,100,69,11,13,2,26,69.7
2020-06-14,2,General Ward,100,64,12,17,3,25,64.05
2020-06-15,2,General Ward,100,74,13,16,4,25,74.38
2020-06-16,2,General Ward,100,84,12,11,3,25,84.16
2020-06-17,2,General Ward,100,84,14,12,4,31,84.05
2020-06-18,2,General Ward,100,83,13,13,3,28,83.41
2020-06-19,2,General Ward,100,82,17,19,2,25,82.13
2020-06-20,2,General Ward,100,67,12,15,2,24,67.35
2020-06-21,2,General Ward,100,73,19,16,4,24,73.32
2020-06-22,2,General Ward,100,78,14,14,2,27,78.82
2020-06-23,2,General Ward,100,85,11,18,3,30,85.13
2020-06-24,2,General Ward,100,78,21,12,3,29,78.44
2020-06-25,2,General Ward,100,87,23,8,5,27,87.99
2020-06-26,2,General Ward,100,95,13,10,4,32,95.0
2020-06-27,2,General Ward,100,71,17,11,4,31,71.13
2020-06-28,2,General Ward,100,66,19,8,3,24,66.5
2020-06-29,2,General Ward,100,83,17,20,3,32,83.76
2020-06-30,2,General Ward,100,92,8,21,2,30,92.89
2020-07-01,2,General Ward,100,74,17,20,4,27,74.43
2020-07-02,2,General Ward,100,85,19,15,3,30,85.83
2020-07-03,2,General Ward,100,77,20,13,2,29,77.47
2020-07-04,2,General Ward,100,64,20,17,4,28,64.05
2020-07-05,2,General Ward,100,63,17,15,3,27,63.14
2020-07-06,2,General Ward,100,80,13,15,5,24,80.94
2020-07-07,2,General Ward,100,74,18,8,5,31,74.54
2020-07-08,2,General Ward,100,83,7,17,3,28,83.31
2020-07-09,2,General Ward,100,78,16,13,3,29,78.29
2020-07-10,2,General Ward,100,78,16,15,4,28,78.34
2020-07-11,2,General Ward,100,72,11,13,4,28,72.85
2020-07-12,2,General Ward,100,67,23,20,3,26,67.06
2020-07-13,2,General Ward,100,78,14,12,3,26,78.89
2020-07-14,2,General Ward,100,74,15,11,3,26,74.85
2020-07-15,2,General Ward,100,72,12,17,3,28,72.62
2020-07-16,2,General Ward,100,72,14,14,4,31,72.06
2020-07-17,2,General Ward,100,72,8,11,4,25,72.13
2020-07-18,2,General Ward,100,68,28,20,5,27,68.95
2020-07-19,2,General Ward,100,61,16,11,2,24,61.36
2020-07-20,2,General Ward,100,79,19,20,5,24,79.8
2020-07-21,2,General Ward,100,75,21,13,2,28,75.85
2020-07-22,2,General Ward,100,71,19,12,6,23,71.06
2020-07-23,2,General Ward,100,70,15,15,3,24,70.78
2020-07-24,2,General Ward,100,77,14,14,3,28,77.28
2020-07-25,2,General Ward,100,58,13,15,4,25,58.37
2020-07-26,2,General Ward,100,61,19,16,3,25,61.89
2020-07-27,2,General Ward,100,80,13,22,5,29,80.85
2020-07-28,2,General Ward,100,79,13,10,3,26,79.2
2020-07-29,2,General Ward,100,74,15,9,6,28,74.94
2020-07-30,2,General Ward,100,76,14,11,1,22,76.48
2020-07-31,2,General Ward,100,82,13,14,4,26,82.88
2020-08-01,2,General Ward,100,52,13,21,4,27,53.0
2020-08-02,2,General Ward,100,56,17,13,2,27,56.75
2020-08-03,2,General Ward,100,76,20,7,4,23,76.2
2020-08-04,2,General Ward,100,79,17,12,3,28,79.74
2020-08-05,2,General Ward,100,77,18,23,5,28,77.75
2020-08-06,2,General Ward,100,68,19,10,4,29,68.01
2020-08-07,2,General Ward,100,83,17,16,4,27,83.99
2020-08-08,2,General Ward,100,54,13,17,4,23,54.72
2020-08-09,2,General Ward,100,56,18,11,5,27,56.53
2020-08-10,2,General Ward,100,72,17,12,4,29,72.71
2020-08-11,2,General Ward,100,78,14,9,4,29,78.29
2020-08-12,2,General Ward,100,72,15,14,3,27,72.83
2020-08-13,2,General Ward,100,67,18,15,4,26,67.89
2020-08-14,2,General Ward,100,69,16,13,3,29,69.65
2020-08-15,2,General Ward,100,57,20,17,3,26,57.31
2020-08-16,2,General Ward,100,56,17,13,4,23,56.63
2020-08-17,2,General Ward,100,74,14,12,3,24,74.44
2020-08-18,2,General Ward,100,70,18,10,4,22,70.13
2020-08-19,2,General Ward,100,71,17,10,5,27,71.26
2020-08-20,2,General Ward,100,67,11,5,3,23,67.72
2020-08-21,2,General Ward,100,69,15,17,3,27,69.69
2020-08-22,2,General Ward,100,53,12,15,3,28,53.9
2020-08-23,2,General Ward,100,64,13,13,3,28,64.14
2020-08-24,2,General Ward,100,68,18,19,4,24,68.75
2020-08-25,2,General Ward,100,69,19,16,5,26,69.71
2020-08-26,2,General Ward,100,71,21,15,3,27,71.08
2020-08-27,2,General Ward,100,78,14,15,2,30,78.04
2020-08-28,2,General Ward,100,68,13,12,3,27,68.93
2020-08-29,2,General Ward,100,59,10,13,5,27,59.81
2020-08-30,2,General Ward,100,60,16,15,3,26,60.53
2020-08-31,2,General Ward,100,78,12,18,4,27,78.27
2020-09-01,2,General Ward,100,76,20,15,3,26,76.86
2020-09-02,2,General Ward,100,74,19,13,5,21,74.85
2020-09-03,2,General Ward,100,63,12,16,4,25,63.94
2020-09-04,2,General Ward,100,68,19,13,3,24,68.04
2020-09-05,2,General Ward,100,59,16,19,3,21,59.57
2020-09-06,2,General Ward,100,56,15,6,3,24,56.32
2020-09-07,2,General Ward,100,71,20,10,4,27,71.34
2020-09-08,2,General Ward,100,75,14,13,4,29,75.56
2020-09-09,2,General Ward,100,68,11,17,2,25,68.2
2020-09-10,2,General Ward,100,73,9,14,4,26,73.72
2020-09-11,2,General Ward,100,71,20,14,4,29,71.17
2020-09-12,2,General Ward,100,49,11,15,4,24,49.38
2020-09-13,2,General Ward,100,56,10,13,4,25,56.66
2020-09-14,2,General Ward,100,71,16,12,3,30,71.39
2020-09-15,2,General Ward,100,74,10,13,1,27,74.95
2020-09-16,2,General Ward,100,71,11,12,4,25,71.49
2020-09-17,2,General Ward,100,75,15,8,3,25,75.74
2020-09-18,2,General Ward,100,61,12,13,3,25,61.83
2020-09-19,2,General Ward,100,52,18,13,3,26,52.58
2020-09-20,2,General Ward,100,57,24,22,3,22,57.05
2020-09-21,2,General Ward,100,65,23,17,3,24,65.26
2020-09-22,2,General Ward,100,68,16,23,4,23,68.23
2020-09-23,2,General Ward,100,74,19,20,3,28,74.48
2020-09-24,2,General Ward,100,69,9,13,3,30,69.69
2020-09-25,2,General Ward,100,69,20,13,5,25,69.78
2020-09-26,2,General Ward,100,60,16,13,2,24,60.02
2020-09-27,2,General Ward,100,53,14,21,4,25,53.9
2020-09-28,2,General Ward,100,74,15,15,6,27,74.91
2020-09-29,2,General Ward,100,75,17,20,3,27,75.86
2020-09-30,2,General Ward,100,64,10,20,2,28,64.11
2020-10-01,2,General Ward,100,62,17,16,4,22,62.98
2020-10-02,2,General Ward,100,69,20,14,4,24,69.28
2020-10-03,2,General Ward,100,52,21,12,5,26,52.8
2020-10-04,2,General Ward,100,57,16,15,4,26,57.39
2020-10-05,2,General Ward,100,77,20,13,1,31,77.9
2020-10-06,2,General Ward,100,77,22,13,4,26,77.41
2020-10-07,2,General Ward,100,74,22,20,5,27,74.47
2020-10-08,2,General Ward,100,68,16,16,2,23,68.51
2020-10-09,2,General Ward,100,70,9,17,4,28,70.29
2020-10-10,2,General Ward,100,62,15,16,4,28,62.13
2020-10-11,2,General Ward,100,60,12,14,6,27,60.9
2020-10-12,2,General Ward,100,75,14,20,5,28,75.68
2020-10-13,2,General Ward,100,71,17,15,3,25,71.82
2020-10-14,2,General Ward,100,75,13,21,3,26,75.41
2020-10-15,2,General Ward,100,77,11,11,3,27,77.8
2020-10-16,2,General Ward,100,72,14,10,7,27,72.47
2020-10-17,2,General Ward,100,64,21,15,6,28,64.73
2020-10-18,2,General Ward,100,60,16,14,2,23,60.09
2020-10-19,2,General Ward,100,78,13,13,3,31,78.72
2020-10-20,2,General Ward,100,75,19,13,4,28,75.32
2020-10-21,2,General Ward,100,69,10,10,6,26,69.52
2020-10-22,2,General Ward,100,71,12,11,4,28,71.71
2020-10-23,2,General Ward,100,69,11,13,3,27,69.48
2020-10-24,2,General Ward,100,47,21,16,4,22,47.97
2020-10-25,2,General Ward,100,62,20,16,3,24,62.32
2020-10-26,2,General Ward,100,80,16,9,1,30,80.83
2020-10-27,2,General Ward,100,70,14,12,2,26,70.41
2020-10-28,2,General Ward,100,67,17,19,3,28,67.73
2020-10-29,2,General Ward,100,68,15,12,2,23,68.4
2020-10-30,2,General Ward,100,70,9,16,4,24,70.61
2020-10-31,2,General Ward,100,61,18,17,6,23,61.44
2020-11-01,2,General Ward,100,59,12,10,2,23,59.81
2020-11-02,2,General Ward,100,88,12,19,3,26,88.3
2020-11-03,2,General Ward,100,70,9,8,2,28,70.8
2020-11-04,2,General Ward,100,76,12,14,4,31,76.64
2020-11-05,2,General Ward,100,82,16,15,3,30,82.35
2020-11-06,2,General Ward,100,74,17,14,4,23,74.15
2020-11-07,2,General Ward,100,61,12,13,3,27,61.25
2020-11-08,2,General Ward,100,76,12,15,5,30,76.67
2020-11-09,2,General Ward,100,77,17,19,4,32,77.98
2020-11-10,2,General Ward,100,66,14,21,4,23,66.42
2020-11-11,2,General Ward,100,71,12,13,4,29,71.51
2020-11-12,2,General Ward,100,88,14,13,4,29,88.49
2020-11-13,2,General Ward,100,70,14,13,5,24,70.96
2020-11-14,2,General Ward,100,61,13,12,3,25,61.46
2020-11-15,2,General Ward,100,56,15,18,3,25,56.06
2020-11-16,2,General Ward,100,82,13,15,3,26,82.39
2020-11-17,2,General Ward,100,81,20,9,3,28,81.11
2020-11-18,2,General Ward,100,81,7,23,5,27,81.7
2020-11-19,2,General Ward,100,80,14,12,4,32,80.72
2020-11-20,2,General Ward,100,73,10,8,2,26,73.87
2020-11-21,2,General Ward,100,55,22,13,5,21,55.46
2020-11-22,2,General Ward,100,73,8,12,5,29,73.15
2020-11-23,2,General Ward,100,76,16,16,5,26,76.74
2020-11-24,2,General Ward,100,78,21,10,4,25,78.05
2020-11-25,2,General Ward,100,74,16,16,4,28,74.25
2020-11-26,2,General Ward,100,80,18,20,3,27,80.19
2020-11-27,2,General Ward,100,77,9,10,3,27,77.02
2020-11-28,2,General Ward,100,56,10,13,2,26,56.2
2020-11-29,2,General Ward,100,70,23,18,1,23,70.68
2020-11-30,2,General Ward,100,76,13,14,4,26,76.15
2020-12-01,2,General Ward,100,81,15,12,3,30,81.43
2020-12-02,2,General Ward,100,83,10,14,4,27,83.06
2020-12-03,2,General Ward,100,87,11,9,5,27,87.48
2020-12-04,2,General Ward,100,88,16,12,4,30,88.38
2020-12-05,2,General Ward,100,76,16,12,4,29,76.82
2020-12-06,2,General Ward,100,71,16,19,4,31,71.05
2020-12-07,2,General Ward,100,81,13,13,3,27,81.22
2020-12-08,2,General Ward,100,90,12,21,3,29,90.44
2020-12-09,2,General Ward,100,81,16,17,4,29,81.03
2020-12-10,2,General Ward,100,81,7,9,4,26,81.11
2020-12-11,2,General Ward,100,87,9,13,4,30,87.65
2020-12-12,2,General Ward,100,76,13,12,1,25,76.88
2020-12-13,2,General Ward,100,61,17,15,3,27,61.2
2020-12-14,2,General Ward,100,78,10,10,2,26,78.15
2020-12-15,2,General Ward,100,79,12,23,3,28,79.69
2020-12-16,2,General Ward,100,75,17,11,4,28,75.79
2020-12-17,2,General Ward,100,89,16,12,5,26,89.1
2020-12-18,2,General Ward,100,85,12,18,4,27,85.92
2020-12-19,2,General Ward,100,68,17,13,5,27,68.53
2020-12-20,2,General Ward,100,67,16,15,5,24,67.65
2020-12-21,2,General Ward,100,83,26,14,2,30,83.28
2020-12-22,2,General Ward,100,95,9,14,4,29,95.0
2020-12-23,2,General Ward,100,80,21,5,4,28,80.91
2020-12-24,2,General Ward,100,87,16,11,1,27,87.69
2020-12-25,2,General Ward,100,92,18,18,4,28,92.46
2020-12-26,2,General Ward,100,72,17,14,3,25,72.0
2020-12-27,2,General Ward,100,60,17,17,2,26,60.73
2020-12-28,2,General Ward,100,91,18,17,5,31,91.93
2020-12-29,2,General Ward,100,92,13,15,4,31,92.99
2020-12-30,2,General Ward,100,71,17,19,3,30,71.56
2020-12-31,2,General Ward,100,81,12,15,3,26,81.1
2021-01-01,2,General Ward,100,95,13,12,2,31,95.0
2021-01-02,2,General Ward,100,76,17,18,5,25,76.36
2021-01-03,2,General Ward,100,78,16,16,4,29,78.07
2021-01-04,2,General Ward,100,88,15,21,2,29,88.42
2021-01-05,2,General Ward,100,92,9,10,3,27,92.43
2021-01-06,2,General Ward,100,94,14,13,4,29,94.7
2021-01-07,2,General Ward,100,82,12,16,2,28,82.22
2021-01-08,2,General Ward,100,90,22,21,3,30,90.01
2021-01-09,2,General Ward,100,79,19,13,3,27,79.01
2021-01-10,2,General Ward,100,76,16,13,4,24,76.55
2021-01-11,2,General Ward,100,93,7,11,5,27,93.2
2021-01-12,2,General Ward,100,90,9,11,5,29,90.35
2021-01-13,2,General Ward,100,95,19,10,4,31,95.0
2021-01-14,2,General Ward,100,94,15,14,6,30,94.18
2021-01-15,2,General Ward,100,95,25,13,5,25,95.0
2021-01-16,2,General Ward,100,79,15,9,4,26,79.29
2021-01-17,2,General Ward,100,75,14,14,2,23,75.76
2021-01-18,2,General Ward,100,91,12,13,3,28,91.84
2021-01-19,2,General Ward,100,83,19,15,4,28,83.23
2021-01-20,2,General Ward,100,88,18,14,3,30,88.26
2021-01-21,2,General Ward,100,95,14,11,4,22,95.0
2021-01-22,2,General Ward,100,93,15,13,4,30,93.69
2021-01-23,2,General Ward,100,68,7,11,4,25,68.42
2021-01-24,2,General Ward,100,79,15,7,3,26,79.48
2021-01-25,2,General Ward,100,95,20,11,4,28,95.0
2021-01-26,2,General Ward,100,95,18,13,4,31,95.0
2021-01-27,2,General Ward,100,91,14,12,5,28,91.87
2021-01-28,2,General Ward,100,92,26,16,3,26,92.86
2021-01-29,2,General Ward,100,95,16,11,5,31,95.0
2021-01-30,2,General Ward,100,76,16,11,4,27,76.12
2021-01-31,2,General Ward,100,78,17,15,3,27,78.32
2021-02-01,2,General Ward,100,90,13,13,4,26,90.73
2021-02-02,2,General Ward,100,93,14,12,3,28,93.98
2021-02-03,2,General Ward,100,95,14,13,3,28,95.0
2021-02-04,2,General Ward,100,95,14,16,3,29,95.0
2021-02-05,2,General Ward,100,94,18,23,4,28,94.58
2021-02-06,2,General Ward,100,85,8,21,5,26,85.34
2021-02-07,2,General Ward,100,86,19,14,2,30,87.0
2021-02-08,2,General Ward,100,95,16,10,4,29,95.0
2021-02-09,2,General Ward,100,95,16,9,5,28,95.0
2021-02-10,2,General Ward,100,95,14,14,3,31,95.0
2021-02-11,2,General Ward,100,94,13,16,3,29,94.01
2021-02-12,2,General Ward,100,95,14,12,4,28,95.0
2021-02-13,2,General Ward,100,88,16,10,4,26,88.22
2021-02-14,2,General Ward,100,83,10,10,4,28,83.22
2021-02-15,2,General Ward,100,95,10,15,3,31,95.0
2021-02-16,2,General Ward,100,92,21,10,4,31,92.03
2021-02-17,2,General Ward,100,90,10,13,3,32,90.25
2021-02-18,2,General Ward,100,95,11,18,4,33,95.0
2021-02-19,2,General Ward,100,95,16,6,4,26,95.0
2021-02-20,2,General Ward,100,75,15,10,2,27,75.34
2021-02-21,2,General Ward,100,69,9,15,4,29,69.78
2021-02-22,2,General Ward,100,95,12,14,3,31,95.0
2021-02-23,2,General Ward,100,95,16,15,3,27,95.0
2021-02-24,2,General Ward,100,95,23,10,4,28,95.0
2021-02-25,2,General Ward,100,94,15,13,3,26,94.89
2021-02-26,2,General Ward,100,95,7,16,1,30,95.0
2021-02-27,2,General Ward,100,83,13,7,4,25,83.65
2021-02-28,2,General Ward,100,89,13,11,3,32,89.06
2021-03-01,2,General Ward,100,95,19,5,5,32,95.0
2021-03-02,2,General Ward,100,95,14,16,3,34,95.0
2021-03-03,2,General Ward,100,95,10,19,2,28,95.0
2021-03-04,2,General Ward,100,95,11,18,3,30,95.0
2021-03-05,2,General Ward,100,95,17,14,4,27,95.0
2021-03-06,2,General Ward,100,82,18,9,5,28,82.33
2021-03-07,2,General Ward,100,78,13,11,3,24,78.38
2021-03-08,2,General Ward,100,95,10,16,4,29,95.0
2021-03-09,2,General Ward,100,95,16,17,4,29,95.0
2021-03-10,2,General Ward,100,95,13,12,5,32,95.0
2021-03-11,2,General Ward,100,95,8,14,5,28,95.0
2021-03-12,2,General Ward,100,95,14,15,2,29,95.0
2021-03-13,2,General Ward,100,77,15,8,3,27,77.59
2021-03-14,2,General Ward,100,81,23,16,4,27,81.82
2021-03-15,2,General Ward,100,95,14,16,4,28,95.0
2021-03-16,2,General Ward,100,94,13,9,3,26,94.59
2021-03-17,2,General Ward,100,95,18,10,4,27,95.0
2021-03-18,2,General Ward,100,91,19,15,3,28,91.27
2021-03-19,2,General Ward,100,95,13,13,4,28,95.0
2021-03-20,2,General Ward,100,80,12,16,3,25,80.2
2021-03-21,2,General Ward,100,82,17,10,4,28,82.69
2021-03-22,2,General Ward,100,94,17,13,4,24,94.43
2021-03-23,2,General Ward,100,95,15,10,3,30,95.0
2021-03-24,2,General Ward,100,95,21,12,2,30,95.0
2021-03-25,2,General Ward,100,95,14,11,4,30,95.0
2021-03-26,2,General Ward,100,91,14,15,4,28,91.27
2021-03-27,2,General Ward,100,89,6,6,4,27,89.23
2021-03-28,2,General Ward,100,83,12,8,2,26,83.62
2021-03-29,2,General Ward,100,95,14,12,3,29,95.0
2021-03-30,2,General Ward,100,95,20,14,3,29,95.0
2021-03-31,2,General Ward,100,95,12,15,2,30,95.0
2021-04-01,2,General Ward,100,95,22,15,4,30,95.0
2021-04-02,2,General Ward,100,95,21,11,3,28,95.0
2021-04-03,2,General Ward,100,79,25,21,4,28,79.94
2021-04-04,2,General Ward,100,81,6,13,4,25,81.88
2021-04-05,2,General Ward,100,95,18,10,4,30,95.0
2021-04-06,2,General Ward,100,93,20,10,4,29,93.17
2021-04-07,2,General Ward,100,93,15,16,4,29,93.24
2021-04-08,2,General Ward,100,95,15,14,4,30,95.0
2021-04-09,2,General Ward,100,95,14,16,2,31,95.0
2021-04-10,2,General Ward,100,81,14,16,6,28,81.54
2021-04-11,2,General Ward,100,76,15,19,5,34,76.44
2021-04-12,2,General Ward,100,92,14,13,4,27,92.88
2021-04-13,2,General Ward,100,95,7,11,2,27,95.0
2021-04-14,2,General Ward,100,94,14,20,4,27,94.71
2021-04-15,2,General Ward,100,95,13,16,2,29,95.0
2021-04-16,2,General Ward,100,95,20,17,2,28,95.0
2021-04-17,2,General Ward,100,80,16,16,5,29,80.32
2021-04-18,2,General Ward,100,83,12,14,4,28,83.74
2021-04-19,2,General Ward,100,93,13,2,4,32,93.79
2021-04-20,2,General Ward,100,95,16,18,4,28,95.0
2021-04-21,2,General Ward,100,95,14,15,3,28,95.0
2021-04-22,2,General Ward,100,95,20,12,5,28,95.0
2021-04-23,2,General Ward,100,95,8,23,4,31,95.0
2021-04-24,2,General Ward,100,86,15,12,4,29,86.02
2021-04-25,2,General Ward,100,87,14,17,4,29,87.97
2021-04-26,2,General Ward,100,95,24,18,3,26,95.0
2021-04-27,2,General Ward,100,95,20,9,4,32,95.0
2021-04-28,2,General Ward,100,95,18,13,4,26,95.0
2021-04-29,2,General Ward,100,95,16,15,4,30,95.0
2021-04-30,2,General Ward,100,95,16,18,5,28,95.0
2021-05-01,2,General Ward,100,78,17,7,4,29,78.1
2021-05-02,2,General Ward,100,79,15,8,3,28,79.61
2021-05-03,2,General Ward,100,95,14,18,4,30,95.0
2021-05-04,2,General Ward,100,93,19,15,5,30,93.2
2021-05-05,2,General Ward,100,90,16,11,4,30,90.02
2021-05-06,2,General Ward,100,86,18,17,4,29,86.89
2021-05-07,2,General Ward,100,95,16,7,4,30,95.0
2021-05-08,2,General Ward,100,80,18,8,4,29,80.33
2021-05-09,2,General Ward,100,78,17,14,5,31,78.6
2021-05-10,2,General Ward,100,88,13,22,2,31,88.87
2021-05-11,2,General Ward,100,94,29,15,3,34,94.76
2021-05-12,2,General Ward,100,92,19,18,4,26,92.27
2021-05-13,2,General Ward,100,95,13,13,5,28,95.0
2021-05-14,2,General Ward,100,92,22,9,3,27,92.02
2021-05-15,2,General Ward,100,79,16,13,3,25,79.05
2021-05-16,2,General Ward,100,91,19,22,3,31,91.59
2021-05-17,2,General Ward,100,95,13,19,4,29,95.0
2021-05-18,2,General Ward,100,87,11,16,5,28,87.07
2021-05-19,2,General Ward,100,95,13,19,3,28,95.0
2021-05-20,2,General Ward,100,93,17,15,3,28,93.01
2021-05-21,2,General Ward,100,95,11,15,4,29,95.0
2021-05-22,2,General Ward,100,74,17,13,5,28,74.77
2021-05-23,2,General Ward,100,77,17,10,4,27,77.1
2021-05-24,2,General Ward,100,91,15,10,3,28,91.07
2021-05-25,2,General Ward,100,90,16,14,3,30,90.39
2021-05-26,2,General Ward,100,95,16,16,4,28,95.0
2021-05-27,2,General Ward,100,89,7,22,4,29,89.93
2021-05-28,2,General Ward,100,88,15,16,4,32,88.63
2021-05-29,2,General Ward,100,73,14,10,3,29,73.69
2021-05-30,2,General Ward,100,77,17,19,5,28,77.24
2021-05-31,2,General Ward,100,92,16,13,4,31,92.47
2021-06-01,2,General Ward,100,88,11,11,4,29,88.36
2021-06-02,2,General Ward,100,77,10,16,4,28,77.15
2021-06-03,2,General Ward,100,94,12,18,4,28,94.42
2021-06-04,2,General Ward,100,85,19,9,2,27,85.27
2021-06-05,2,General Ward,100,75,19,15,3,27,75.55
2021-06-06,2,General Ward,100,63,12,19,4,26,63.27
2021-06-07,2,General Ward,100,86,13,21,3,28,86.62
2021-06-08,2,General Ward,100,83,8,15,2,31,83.21
2021-06-09,2,General Ward,100,90,17,20,6,29,90.41
2021-06-10,2,General Ward,100,82,12,19,2,28,82.42
2021-06-11,2,General Ward,100,86,14,10,4,29,86.78
2021-06-12,2,General Ward,100,68,13,14,6,25,68.62
2021-06-13,2,General Ward,100,73,22,15,3,26,73.26
2021-06-14,2,General Ward,100,79,15,15,3,28,79.32
2021-06-15,2,General Ward,100,82,19,17,5,26,82.49
2021-06-16,2,General Ward,100,84,19,16,3,28,84.84
2021-06-17,2,General Ward,100,83,11,12,6,31,83.07
2021-06-18,2,General Ward,100,89,12,11,5,34,89.4
2021-06-19,2,General Ward,100,72,19,25,4,30,72.46
2021-06-20,2,General Ward,100,67,10,13,3,26,67.31
2021-06-21,2,General Ward,100,84,19,17,3,31,84.5
2021-06-22,2,General Ward,100,84,19,12,3,30,84.06
2021-06-23,2,General Ward,100,88,12,18,4,28,88.46
2021-06-24,2,General Ward,100,82,14,15,2,25,82.53
2021-06-25,2,General Ward,100,90,16,12,3,30,90.72
2021-06-26,2,General Ward,100,71,19,8,1,26,71.69
2021-06-27,2,General Ward,100,69,14,19,4,26,69.04
2021-06-28,2,General Ward,100,87,7,14,3,28,87.03
2021-06-29,2,General Ward,100,83,15,16,1,24,83.87
2021-06-30,2,General Ward,100,88,11,18,2,29,88.03
2021-07-01,2,General Ward,100,79,13,16,5,29,79.73
2021-07-02,2,General Ward,100,77,9,16,1,27,77.37
2021-07-03,2,General Ward,100,59,16,11,3,26,59.37
2021-07-04,2,General Ward,100,61,21,20,4,26,61.91
2021-07-05,2,General Ward,100,78,8,7,2,26,78.33
2021-07-06,2,General Ward,100,74,21,17,3,26,74.47
2021-07-07,2,General Ward,100,76,18,15,2,28,76.89
2021-07-08,2,General Ward,100,72,20,11,1,25,72.33
2021-07-09,2,General Ward,100,80,10,16,5,24,80.53
2021-07-10,2,General Ward,100,60,9,20,3,26,60.94
2021-07-11,2,General Ward,100,65,17,13,2,30,65.25
2021-07-12,2,General Ward,100,65,15,13,2,27,65.79
2021-07-13,2,General Ward,100,74,9,11,4,25,74.74
2021-07-14,2,General Ward,100,68,12,16,2,24,68.58
2021-07-15,2,General Ward,100,92,18,13,3,33,92.26
2021-07-16,2,General Ward,100,77,7,10,3,25,77.78
2021-07-17,2,General Ward,100,61,16,19,4,22,61.43
2021-07-18,2,General Ward,100,69,14,14,3,25,69.8
2021-07-19,2,General Ward,100,77,13,19,4,29,77.44
2021-07-20,2,General Ward,100,79,15,14,5,32,79.15
2021-07-21,2,General Ward,100,86,13,14,4,31,86.53
2021-07-22,2,General Ward,100,75,11,11,4,26,75.09
2021-07-23,2,General Ward,100,73,8,15,4,27,73.75
2021-07-24,2,General Ward,100,65,13,15,4,26,65.92
2021-07-25,2,General Ward,100,63,15,10,3,25,63.28
2021-07-26,2,General Ward,100,79,14,17,4,29,79.29
2021-07-27,2,General Ward,100,73,10,13,3,27,73.97
2021-07-28,2,General Ward,100,80,17,10,4,28,80.99
2021-07-29,2,General Ward,100,75,14,16,4,27,75.5
2021-07-30,2,General Ward,100,76,10,15,3,25,76.86
2021-07-31,2,General Ward,100,62,14,23,3,28,62.43
2021-08-01,2,General Ward,100,58,8,11,2,27,58.74
2021-08-02,2,General Ward,100,68,10,12,4,26,68.44
2021-08-03,2,General Ward,100,70,17,10,4,23,70.4
2021-08-04,2,General Ward,100,70,19,8,4,26,70.36
2021-08-05,2,General Ward,100,67,21,15,5,28,67.74
2021-08-06,2,General Ward,100,77,19,15,4,28,77.12
2021-08-07,2,General Ward,100,54,10,13,3,26,54.77
2021-08-08,2,General Ward,100,52,17,17,3,25,52.55
2021-08-09,2,General Ward,100,73,18,11,4,26,73.46
2021-08-10,2,General Ward,100,75,13,9,3,27,75.68
2021-08-11,2,General Ward,100,67,14,15,5,29,67.72
2021-08-12,2,General Ward,100,73,9,16,4,30,73.6
2021-08-13,2,General Ward,100,77,22,10,3,26,77.94
2021-08-14,2,General Ward,100,64,21,22,4,25,64.17
2021-08-15,2,General Ward,100,60,14,14,2,23,60.52
2021-08-16,2,General Ward,100,75,16,12,4,29,75.52
2021-08-17,2,General Ward,100,76,11,8,5,27,76.77
2021-08-18,2,General Ward,100,77,13,12,4,31,77.79
2021-08-19,2,General Ward,100,72,18,12,3,24,72.1
2021-08-20,2,General Ward,100,71,16,18,3,27,71.84
2021-08-21,2,General Ward,100,66,12,10,3,30,66.15
2021-08-22,2,General Ward,100,54,22,15,5,26,54.68
2021-08-23,2,General Ward,100,73,7,11,5,31,73.61
2021-08-24,2,General Ward,100,72,13,9,3,25,72.77
2021-08-25,2,General Ward,100,73,11,20,3,23,73.57
2021-08-26,2,General Ward,100,71,18,12,4,25,71.36
2021-08-27,2,General Ward,100,70,14,19,4,26,70.71
2021-08-28,2,General Ward,100,58,10,6,2,26,58.6
2021-08-29,2,General Ward,100,52,12,8,5,25,52.48
2021-08-30,2,General Ward,100,64,16,12,5,25,64.59
2021-08-31,2,General Ward,100,72,17,10,3,29,72.7
2021-09-01,2,General Ward,100,61,15,15,6,25,61.57
2021-09-02,2,General Ward,100,67,20,5,2,27,67.22
2021-09-03,2,General Ward,100,69,21,19,2,25,69.08
2021-09-04,2,General Ward,100,57,14,12,4,27,57.01
2021-09-05,2,General Ward,100,55,21,15,5,26,55.64
2021-09-06,2,General Ward,100,70,22,18,4,30,70.5
2021-09-07,2,General Ward,100,77,15,17,3,28,77.77
2021-09-08,2,General Ward,100,66,18,16,4,28,66.37
2021-09-09,2,General Ward,100,63,17,22,2,27,63.04
2021-09-10,2,General Ward,100,67,18,13,4,28,67.88
2021-09-11,2,General Ward,100,50,9,18,2,25,50.8
2021-09-12,2,General Ward,100,59,14,14,3,23,59.38
2021-09-13,2,General Ward,100,68,20,14,4,25,68.26
2021-09-14,2,General Ward,100,61,9,14,3,23,61.86
2021-09-15,2,General Ward,100,68,10,11,4,28,68.94
2021-09-16,2,General Ward,100,69,24,16,4,31,69.76
2021-09-17,2,General Ward,100,75,14,17,5,30,75.69
2021-09-18,2,General Ward,100,56,23,13,4,26,56.37
2021-09-19,2,General Ward,100,54,17,12,3,26,54.86
2021-09-20,2,General Ward,100,71,17,17,4,29,71.41
2021-09-21,2,General Ward,100,66,11,14,4,24,66.49
2021-09-22,2,General Ward,100,71,9,11,4,26,71.28
2021-09-23,2,General Ward,100,66,19,9,4,29,66.15
2021-09-24,2,General Ward,100,72,18,13,2,25,72.08
2021-09-25,2,General Ward,100,55,11,12,2,25,55.03
2021-09-26,2,General Ward,100,50,11,11,4,24,50.62
2021-09-27,2,General Ward,100,67,18,20,4,27,67.33
2021-09-28,2,General Ward,100,74,12,15,2,25,74.1
2021-09-29,2,General Ward,100,74,21,18,3,27,74.26
2021-09-30,2,General Ward,100,73,12,13,4,28,73.24
2021-10-01,2,General Ward,100,69,11,13,4,26,69.11
2021-10-02,2,General Ward,100,54,19,24,4,24,54.74
2021-10-03,2,General Ward,100,60,10,12,4,28,60.79
2021-10-04,2,General Ward,100,71,9,8,3,29,71.62
2021-10-05,2,General Ward,100,67,16,13,3,26,67.31
2021-10-06,2,General Ward,100,69,20,13,4,27,69.26
2021-10-07,2,General Ward,100,71,18,20,5,27,71.02
2021-10-08,2,General Ward,100,77,13,11,2,26,77.39
2021-10-09,2,General Ward,100,55,15,12,4,26,55.69
2021-10-10,2,General Ward,100,57,20,19,3,27,57.68
2021-10-11,2,General Ward,100,72,17,13,4,24,72.2
2021-10-12,2,General Ward,100,70,20,13,4,27,70.19
2021-10-13,2,General Ward,100,67,17,11,4,25,67.32
2021-10-14,2,General Ward,100,74,23,9,2,25,74.56
2021-10-15,2,General Ward,100,76,14,10,4,28,76.36
2021-10-16,2,General Ward,100,66,20,9,2,29,66.19
2021-10-17,2,General Ward,100,61,16,17,2,23,61.99
2021-10-18,2,General Ward,100,64,14,23,4,25,64.08
2021-10-19,2,General Ward,100,72,17,14,3,26,72.29
2021-10-20,2,General Ward,100,65,8,16,3,30,65.75
2021-10-21,2,General Ward,100,78,12,20,3,27,78.52
2021-10-22,2,General Ward,100,71,13,10,4,26,71.49
2021-10-23,2,General Ward,100,55,10,19,4,27,55.74
2021-10-24,2,General Ward,100,55,12,28,3,25,55.93
2021-10-25,2,General Ward,100,76,15,10,3,26,76.32
2021-10-26,2,General Ward,100,72,12,14,5,25,72.72
2021-10-27,2,General Ward,100,78,17,16,3,26,78.08
2021-10-28,2,General Ward,100,75,13,14,3,23,75.12
2021-10-29,2,General Ward,100,74,22,18,4,28,74.61
2021-10-30,2,General Ward,100,57,14,16,5,27,57.52
2021-10-31,2,General Ward,100,47,9,17,3,23,47.51
2021-11-01,2,General Ward,100,82,13,12,4,27,82.55
2021-11-02,2,General Ward,100,78,12,12,3,27,78.24
2021-11-03,2,General Ward,100,71,11,13,4,22,71.59
2021-11-04,2,General Ward,100,74,13,10,3,24,74.26
2021-11-05,2,General Ward,100,70,10,17,3,25,70.9
2021-11-06,2,General Ward,100,62,14,12,3,25,62.86
2021-11-07,2,General Ward,100,58,17,22,6,26,58.41
2021-11-08,2,General Ward,100,71,11,13,4,25,71.48
2021-11-09,2,General Ward,100,81,11,10,3,25,81.27
2021-11-10,2,General Ward,100,70,14,18,3,26,70.03
2021-11-11,2,General Ward,100,72,11,13,4,30,72.45
2021-11-12,2,General Ward,100,89,9,17,5,27,89.21
2021-11-13,2,General Ward,100,68,16,15,4,27,68.55
2021-11-14,2,General Ward,100,60,21,15,5,24,60.8
2021-11-15,2,General Ward,100,77,12,18,3,28,77.62
2021-11-16,2,General Ward,100,76,18,24,3,26,76.37
2021-11-17,2,General Ward,100,73,15,10,4,27,73.18
2021-11-18,2,General Ward,100,81,13,11,4,23,81.39
2021-11-19,2,General Ward,100,76,12,13,3,26,76.12
2021-11-20,2,General Ward,100,64,11,14,2,26,64.1
2021-11-21,2,General Ward,100,55,6,13,4,22,55.16
2021-11-22,2,General Ward,100,85,15,11,3,28,85.89
2021-11-23,2,General Ward,100,69,6,13,4,27,69.26
2021-11-24,2,General Ward,100,75,12,13,5,25,75.36
2021-11-25,2,General Ward,100,75,16,17,2,24,75.75
2021-11-26,2,General Ward,100,73,10,15,2,23,73.38
2021-11-27,2,General Ward,100,63,16,19,4,27,63.3
2021-11-28,2,General Ward,100,66,16,11,5,27,66.91
2021-11-29,2,General Ward,100,83,19,14,4,30,83.51
2021-11-30,2,General Ward,100,78,12,18,4,29,78.68
2021-12-01,2,General Ward,100,88,15,16,3,27,88.49
2021-12-02,2,General Ward,100,78,15,13,5,30,78.68
2021-12-03,2,General Ward,100,77,12,13,3,28,77.65
2021-12-04,2,General Ward,100,69,13,16,3,29,69.85
2021-12-05,2,General Ward,100,76,17,17,4,30,76.99
2021-12-06,2,General Ward,100,94,11,19,2,28,94.36
2021-12-07,2,General Ward,100,95,7,13,3,26,95.0
2021-12-08,2,General Ward,100,87,15,18,4,28,87.43
2021-12-09,2,General Ward,100,79,16,13,4,26,79.5
2021-12-10,2,General Ward,100,74,24,16,3,25,74.71
2021-12-11,2,General Ward,100,82,17,22,5,26,82.89
2021-12-12,2,General Ward,100,59,8,21,3,23,59.57
2021-12-13,2,General Ward,100,88,12,15,3,21,88.08
2021-12-14,2,General Ward,100,87,23,10,4,31,87.11
2021-12-15,2,General Ward,100,86,9,18,3,27,86.68
2021-12-16,2,General Ward,100,85,19,6,4,31,85.95
2021-12-17,2,General Ward,100,86,10,17,3,25,86.27
2021-12-18,2,General Ward,100,70,15,9,4,25,70.94
2021-12-19,2,General Ward,100,68,16,14,2,22,68.92
2021-12-20,2,General Ward,100,81,21,17,3,30,81.32
2021-12-21,2,General Ward,100,80,13,15,5,31,80.04
2021-12-22,2,General Ward,100,82,21,7,5,25,82.62
2021-12-23,2,General Ward,100,91,21,18,2,27,91.33
2021-12-24,2,General Ward,100,92,14,14,4,31,93.0
2021-12-25,2,General Ward,100,71,12,14,4,30,71.75
2021-12-26,2,General Ward,100,64,11,13,4,24,64.1
2021-12-27,2,General Ward,100,79,11,10,4,30,79.3
2021-12-28,2,General Ward,100,81,17,14,3,30,81.96
2021-12-29,2,General Ward,100,86,12,17,2,25,86.31
2021-12-30,2,General Ward,100,86,13,11,3,29,86.19
2021-12-31,2,General Ward,100,90,16,13,5,29,90.44
2022-01-01,2,General Ward,100,50,16,10,4,26,50.24
2022-01-02,2,General Ward,100,57,16,19,3,22,57.48
2022-01-03,2,General Ward,100,76,15,9,3,26,76.47
2022-01-04,2,General Ward,100,77,11,18,3,26,77.48
2022-01-05,2,General Ward,100,67,14,16,4,27,67.14
2022-01-06,2,General Ward,100,65,14,16,2,29,65.42
2022-01-07,2,General Ward,100,71,17,16,4,28,71.66
2022-01-08,2,General Ward,100,60,16,16,3,25,60.18
2022-01-09,2,General Ward,100,64,14,12,3,26,64.68
2022-01-10,2,General Ward,100,70,19,13,3,21,70.8
2022-01-11,2,General Ward,100,72,13,17,4,29,72.3
2022-01-12,2,General Ward,100,72,15,11,4,28,72.98
2022-01-13,2,General Ward,100,66,14,16,3,26,66.08
2022-01-14,2,General Ward,100,74,15,6,2,29,74.6
2022-01-15,2,General Ward,100,53,15,18,3,25,53.72
2022-01-16,2,General Ward,100,52,20,17,4,24,52.31
2022-01-17,2,General Ward,100,62,20,12,4,27,62.9
2022-01-18,2,General Ward,100,69,17,5,5,31,69.96
2022-01-19,2,General Ward,100,72,18,12,3,27,72.14
2022-01-20,2,General Ward,100,72,23,16,5,26,72.32
2022-01-21,2,General Ward,100,74,12,13,4,27,74.06
2022-01-22,2,General Ward,100,49,12,19,3,25,49.34
2022-01-23,2,General Ward,100,54,21,16,4,23,54.54
2022-01-24,2,General Ward,100,68,17,14,3,30,68.55
2022-01-25,2,General Ward,100,72,15,15,5,28,72.09
2022-01-26,2,General Ward,100,63,17,11,1,29,63.83
2022-01-27,2,General Ward,100,72,19,16,4,26,72.04
2022-01-28,2,General Ward,100,73,17,16,4,27,73.41
2022-01-29,2,General Ward,100,62,8,17,4,24,62.86
2022-01-30,2,General Ward,100,59,21,14,1,28,59.37
2022-01-31,2,General Ward,100,68,23,14,3,21,68.05
2022-02-01,2,General Ward,100,80,19,13,2,27,80.71
2022-02-02,2,General Ward,100,72,8,16,2,28,72.5
2022-02-03,2,General Ward,100,88,24,15,5,27,88.69
2022-02-04,2,General Ward,100,73,18,10,3,31,73.63
2022-02-05,2,General Ward,100,60,18,18,2,25,60.14
2022-02-06,2,General Ward,100,63,10,18,3,24,63.94
2022-02-07,2,General Ward,100,75,17,11,4,25,75.36
2022-02-08,2,General Ward,100,73,14,20,3,26,73.81
2022-02-09,2,General Ward,100,78,16,15,3,28,78.52
2022-02-10,2,General Ward,100,69,10,14,4,25,69.04
2022-02-11,2,General Ward,100,84,12,17,4,26,84.64
2022-02-12,2,General Ward,100,69,17,8,3,27,69.68
2022-02-13,2,General Ward,100,60,11,12,2,27,60.01
2022-02-14,2,General Ward,100,81,18,18,5,27,81.41
2022-02-15,2,General Ward,100,80,14,11,1,29,80.5
2022-02-16,2,General Ward,100,77,19,17,4,24,77.32
2022-02-17,2,General Ward,100,75,11,14,4,27,75.79
2022-02-18,2,General Ward,100,74,11,13,4,26,74.66
2022-02-19,2,General Ward,100,72,14,8,3,27,72.39
2022-02-20,2,General Ward,100,61,15,12,3,26,61.71
2022-02-21,2,General Ward,100,75,22,13,3,26,75.66
2022-02-22,2,General Ward,100,77,8,14,4,27,77.02
2022-02-23,2,General Ward,100,75,19,11,3,27,75.72
2022-02-24,2,General Ward,100,80,12,9,1,26,80.55
2022-02-25,2,General Ward,100,83,15,20,2,28,83.02
2022-02-26,2,General Ward,100,60,10,17,3,28,60.68
2022-02-27,2,General Ward,100,62,15,16,2,28,62.44
2022-02-28,2,General Ward,100,88,21,13,2,30,88.3
2022-03-01,2,General Ward,100,74,20,22,2,29,74.66
2022-03-02,2,General Ward,100,75,13,16,4,25,75.24
2022-03-03,2,General Ward,100,76,13,17,4,29,76.96
2022-03-04,2,General Ward,100,78,16,7,5,28,78.53
2022-03-05,2,General Ward,100,63,23,20,3,27,63.42
2022-03-06,2,General Ward,100,60,17,18,4,23,60.75
2022-03-07,2,General Ward,100,75,19,12,2,26,75.88
2022-03-08,2,General Ward,100,77,16,12,5,26,77.73
2022-03-09,2,General Ward,100,81,8,20,2,25,81.7
2022-03-10,2,General Ward,100,76,18,8,4,30,76.61
2022-03-11,2,General Ward,100,76,15,20,5,29,76.18
2022-03-12,2,General Ward,100,64,13,18,3,27,64.61
2022-03-13,2,General Ward,100,67,10,23,2,26,67.29
2022-03-14,2,General Ward,100,72,10,20,4,29,72.32
2022-03-15,2,General Ward,100,84,14,16,3,30,84.2
2022-03-16,2,General Ward,100,75,16,19,4,29,75.63
2022-03-17,2,General Ward,100,74,8,13,3,31,74.98
2022-03-18,2,General Ward,100,86,17,16,1,30,86.02
2022-03-19,2,General Ward,100,61,13,23,6,27,61.35
2022-03-20,2,General Ward,100,73,16,5,1,26,73.48
2022-03-21,2,General Ward,100,83,17,15,3,27,83.88
2022-03-22,2,General Ward,100,86,15,11,4,29,86.09
2022-03-23,2,General Ward,100,85,14,20,4,27,85.52
2022-03-24,2,General Ward,100,69,15,13,2,27,69.21
2022-03-25,2,General Ward,100,79,15,11,5,28,79.38
2022-03-26,2,General Ward,100,63,13,5,4,23,63.91
2022-03-27,2,General Ward,100,64,11,12,4,25,64.71
2022-03-28,2,General Ward,100,77,15,10,4,28,77.67
2022-03-29,2,General Ward,100,83,22,14,4,31,83.3
2022-03-30,2,General Ward,100,81,10,13,4,25,81.42
2022-03-31,2,General Ward,100,77,16,15,4,27,77.93
2022-04-01,2,General Ward,100,74,12,12,3,27,74.13
2022-04-02,2,General Ward,100,58,5,12,3,25,58.93
2022-04-03,2,General Ward,100,59,8,9,5,28,59.93
2022-04-04,2,General Ward,100,72,16,18,5,27,72.73
2022-04-05,2,General Ward,100,84,16,18,5,25,84.99
2022-04-06,2,General Ward,100,81,15,16,5,27,81.3
2022-04-07,2,General Ward,100,82,13,17,5,26,82.31
2022-04-08,2,General Ward,100,75,17,19,2,24,75.79
2022-04-09,2,General Ward,100,70,21,17,3,29,70.03
2022-04-10,2,General Ward,100,69,12,13,2,28,69.91
2022-04-11,2,General Ward,100,72,12,18,3,29,72.59
2022-04-12,2,General Ward,100,75,13,19,3,26,75.55
2022-04-13,2,General Ward,100,82,15,11,4,27,82.45
2022-04-14,2,General Ward,100,76,14,19,4,28,76.53
2022-04-15,2,General Ward,100,83,21,9,5,25,83.34
2022-04-16,2,General Ward,100,64,12,17,5,26,64.33
2022-04-17,2,General Ward,100,68,27,20,4,26,68.14
2022-04-18,2,General Ward,100,83,8,17,4,28,83.07
2022-04-19,2,General Ward,100,73,12,10,3,28,73.8
2022-04-20,2,General Ward,100,75,20,15,1,28,75.99
2022-04-21,2,General Ward,100,86,13,11,3,26,86.15
2022-04-22,2,General Ward,100,69,21,19,2,22,69.97
2022-04-23,2,General Ward,100,67,16,16,3,29,67.59
2022-04-24,2,General Ward,100,75,19,10,5,25,75.53
2022-04-25,2,General Ward,100,72,13,15,5,29,72.59
2022-04-26,2,General Ward,100,81,23,14,5,27,81.4
2022-04-27,2,General Ward,100,79,19,12,4,23,79.97
2022-04-28,2,General Ward,100,78,14,15,4,31,78.18
2022-04-29,2,General Ward,100,89,16,14,4,29,89.29
2022-04-30,2,General Ward,100,63,19,17,4,25,63.14
2022-05-01,2,General Ward,100,57,22,10,3,25,57.92
2022-05-02,2,General Ward,100,77,15,12,5,29,77.54
2022-05-03,2,General Ward,100,78,14,12,1,29,78.3
2022-05-04,2,General Ward,100,67,21,8,3,24,67.6
2022-05-05,2,General Ward,100,67,19,10,3,25,67.93
2022-05-06,2,General Ward,100,67,13,17,2,27,67.57
2022-05-07,2,General Ward,100,58,10,13,3,25,58.52
2022-05-08,2,General Ward,100,53,7,15,5,24,53.67
2022-05-09,2,General Ward,100,68,15,18,3,26,68.71
2022-05-10,2,General Ward,100,70,20,16,3,28,70.56
2022-05-11,2,General Ward,100,78,21,6,3,29,78.9
2022-05-12,2,General Ward,100,67,19,15,5,25,67.57
2022-05-13,2,General Ward,100,65,14,20,3,25,65.15
2022-05-14,2,General Ward,100,65,15,16,5,27,65.47
2022-05-15,2,General Ward,100,56,16,15,4,22,56.62
2022-05-16,2,General Ward,100,69,21,16,4,28,69.87
2022-05-17,2,General Ward,100,74,13,13,4,23,74.4
2022-05-18,2,General Ward,100,72,18,17,3,27,72.92
2022-05-19,2,General Ward,100,69,21,12,4,27,69.46
2022-05-20,2,General Ward,100,73,21,10,3,29,73.37
2022-05-21,2,General Ward,100,62,10,12,4,24,62.94
2022-05-22,2,General Ward,100,54,22,13,2,25,54.18
2022-05-23,2,General Ward,100,73,14,15,4,25,73.69
2022-05-24,2,General Ward,100,83,17,14,1,28,83.45
2022-05-25,2,General Ward,100,71,14,14,4,24,71.74
2022-05-26,2,General Ward,100,67,9,12,3,25,67.52
2022-05-27,2,General Ward,100,65,18,15,3,26,65.04
2022-05-28,2,General Ward,100,61,19,12,5,24,61.15
2022-05-29,2,General Ward,100,56,14,22,3,25,56.97
2022-05-30,2,General Ward,100,68,12,14,3,27,68.31
2022-05-31,2,General Ward,100,71,20,14,3,24,71.27
2022-06-01,2,General Ward,100,68,11,12,3,30,68.82
2022-06-02,2,General Ward,100,64,18,16,5,27,64.94
2022-06-03,2,General Ward,100,64,11,16,4,27,64.46
2022-06-04,2,General Ward,100,43,19,15,4,25,43.11
2022-06-05,2,General Ward,100,47,15,16,5,27,47.17
2022-06-06,2,General Ward,100,58,17,12,3,22,58.99
2022-06-07,2,General Ward,100,64,16,20,4,24,64.82
2022-06-08,2,General Ward,100,68,15,15,4,26,68.33
2022-06-09,2,General Ward,100,67,11,15,3,26,67.37
2022-06-10,2,General Ward,100,66,14,11,3,24,66.9
2022-06-11,2,General Ward,100,50,16,13,3,24,50.25
2022-06-12,2,General Ward,100,51,14,13,3,26,51.72
2022-06-13,2,General Ward,100,68,16,15,3,25,68.28
2022-06-14,2,General Ward,100,60,8,16,4,26,60.86
2022-06-15,2,General Ward,100,60,9,14,5,26,60.11
2022-06-16,2,General Ward,100,64,18,19,5,27,64.46
2022-06-17,2,General Ward,100,60,11,13,3,24,60.23
2022-06-18,2,General Ward,100,41,16,4,5,25,41.01
2022-06-19,2,General Ward,100,50,15,11,5,25,50.27
2022-06-20,2,General Ward,100,72,20,15,4,27,72.8
2022-06-21,2,General Ward,100,65,14,9,5,24,65.09
2022-06-22,2,General Ward,100,63,25,11,5,24,63.54
2022-06-23,2,General Ward,100,66,12,18,3,24,66.22
2022-06-24,2,General Ward,100,66,16,12,2,24,66.49
2022-06-25,2,General Ward,100,60,14,7,5,25,60.2
2022-06-26,2,General Ward,100,53,14,15,4,22,53.59
2022-06-27,2,General Ward,100,58,14,15,1,21,58.46
2022-06-28,2,General Ward,100,61,15,10,4,24,61.62
2022-06-29,2,General Ward,100,65,20,17,5,27,65.11
2022-06-30,2,General Ward,100,61,13,13,5,27,61.32
2022-07-01,2,General Ward,100,61,14,13,2,26,61.45
2022-07-02,2,General Ward,100,44,18,14,4,25,44.28
2022-07-03,2,General Ward,100,37,21,10,5,23,37.14
2022-07-04,2,General Ward,100,58,21,15,2,26,58.68
2022-07-05,2,General Ward,100,55,14,11,4,24,55.26
2022-07-06,2,General Ward,100,60,22,13,4,25,60.0
2022-07-07,2,General Ward,100,54,14,12,3,25,54.03
2022-07-08,2,General Ward,100,56,13,14,4,27,56.5
2022-07-09,2,General Ward,100,41,12,10,3,24,41.79
2022-07-10,2,General Ward,100,39,16,18,3,24,39.15
2022-07-11,2,General Ward,100,54,13,12,5,27,54.6
2022-07-12,2,General Ward,100,53,13,22,4,24,53.25
2022-07-13,2,General Ward,100,57,17,14,4,25,57.05
2022-07-14,2,General Ward,100,59,13,12,1,28,59.76
2022-07-15,2,General Ward,100,60,11,10,3,28,60.41
2022-07-16,2,General Ward,100,38,11,12,4,22,38.23
2022-07-17,2,General Ward,100,49,17,10,2,26,49.06
2022-07-18,2,General Ward,100,61,9,13,3,25,61.03
2022-07-19,2,General Ward,100,63,13,14,3,23,63.5
2022-07-20,2,General Ward,100,60,14,9,2,26,60.05
2022-07-21,2,General Ward,100,60,24,10,4,23,60.35
2022-07-22,2,General Ward,100,62,26,16,3,26,62.18
2022-07-23,2,General Ward,100,44,6,13,6,21,44.3
2022-07-24,2,General Ward,100,42,16,16,5,25,42.63
2022-07-25,2,General Ward,100,46,12,14,3,22,46.03
2022-07-26,2,General Ward,100,54,20,11,4,23,54.69
2022-07-27,2,General Ward,100,55,15,14,2,28,55.31
2022-07-28,2,General Ward,100,53,27,8,2,28,53.71
2022-07-29,2,General Ward,100,63,16,11,5,27,63.46
2022-07-30,2,General Ward,100,44,14,15,4,26,44.45
2022-07-31,2,General Ward,100,41,14,18,3,22,41.56
2022-08-01,2,General Ward,100,50,11,12,4,25,50.42
2022-08-02,2,General Ward,100,53,11,15,3,25,53.91
2022-08-03,2,General Ward,100,50,16,14,2,25,50.25
2022-08-04,2,General Ward,100,57,11,10,4,27,57.31
2022-08-05,2,General Ward,100,52,21,11,4,27,52.71
2022-08-06,2,General Ward,100,38,19,17,5,22,38.83
2022-08-07,2,General Ward,100,38,14,11,4,25,38.17
2022-08-08,2,General Ward,100,45,14,14,3,22,45.01
2022-08-09,2,General Ward,100,52,11,12,4,26,52.74
2022-08-10,2,General Ward,100,51,18,15,3,25,51.26
2022-08-11,2,General Ward,100,49,14,13,4,26,49.15
2022-08-12,2,General Ward,100,50,18,11,5,24,50.48
2022-08-13,2,General Ward,100,35,14,14,4,23,35.19
2022-08-14,2,General Ward,100,48,15,16,4,23,48.05
2022-08-15,2,General Ward,100,57,12,6,3,24,57.79
2022-08-16,2,General Ward,100,46,13,15,3,23,46.55
2022-08-17,2,General Ward,100,52,16,18,2,20,52.51
2022-08-18,2,General Ward,100,46,19,11,5,23,46.43
2022-08-19,2,General Ward,100,46,18,13,3,24,46.56
2022-08-20,2,General Ward,100,35,20,11,3,24,35.34
2022-08-21,2,General Ward,100,34,14,15,4,23,34.01
2022-08-22,2,General Ward,100,49,11,13,5,20,49.69
2022-08-23,2,General Ward,100,50,9,8,2,27,50.68
2022-08-24,2,General Ward,100,55,11,16,5,25,55.54
2022-08-25,2,General Ward,100,52,10,19,3,26,52.68
2022-08-26,2,General Ward,100,50,18,16,2,27,50.34
2022-08-27,2,General Ward,100,36,10,14,3,25,36.34
2022-08-28,2,General Ward,100,36,13,12,4,23,36.4
2022-08-29,2,General Ward,100,53,17,9,3,28,53.93
2022-08-30,2,General Ward,100,46,19,11,5,29,46.83
2022-08-31,2,General Ward,100,51,16,5,2,24,51.09
2022-09-01,2,General Ward,100,48,11,18,1,26,48.37
2022-09-02,2,General Ward,100,48,9,12,3,29,48.11
2022-09-03,2,General Ward,100,35,14,19,4,22,35.09
2022-09-04,2,General Ward,100,41,19,10,2,20,41.2
2022-09-05,2,General Ward,100,52,7,10,5,23,52.07
2022-09-06,2,General Ward,100,49,15,8,5,24,49.01
2022-09-07,2,General Ward,100,48,14,12,4,25,48.47
2022-09-08,2,General Ward,100,45,17,15,4,27,45.93
2022-09-09,2,General Ward,100,53,18,20,2,22,53.51
2022-09-10,2,General Ward,100,42,14,12,4,25,42.67
2022-09-11,2,General Ward,100,38,15,17,3,25,38.82
2022-09-12,2,General Ward,100,64,15,12,3,30,64.89
2022-09-13,2,General Ward,100,54,20,17,4,23,54.71
2022-09-14,2,General Ward,100,55,17,15,4,23,55.27
2022-09-15,2,General Ward,100,54,13,17,3,27,54.24
2022-09-16,2,General Ward,100,46,15,13,3,19,46.48
2022-09-17,2,General Ward,100,35,18,15,1,24,35.23
2022-09-18,2,General Ward,100,30,12,10,3,22,30.0
2022-09-19,2,General Ward,100,61,19,13,3,25,61.0
2022-09-20,2,General Ward,100,39,13,19,4,18,39.26
2022-09-21,2,General Ward,100,52,16,22,3,28,52.37
2022-09-22,2,General Ward,100,46,23,19,2,26,46.19
2022-09-23,2,General Ward,100,50,7,17,5,26,50.59
2022-09-24,2,General Ward,100,33,13,19,3,26,33.7
2022-09-25,2,General Ward,100,36,9,19,4,22,36.58
2022-09-26,2,General Ward,100,48,13,14,3,24,48.16
2022-09-27,2,General Ward,100,48,18,17,3,20,48.26
2022-09-28,2,General Ward,100,59,22,24,3,29,60.0
2022-09-29,2,General Ward,100,54,19,7,3,24,54.99
2022-09-30,2,General Ward,100,49,19,15,4,23,49.71
2022-10-01,2,General Ward,100,30,13,18,4,21,30.0
2022-10-02,2,General Ward,100,30,18,17,1,24,30.88
2022-10-03,2,General Ward,100,52,14,14,4,27,52.13
2022-10-04,2,General Ward,100,51,19,14,1,23,51.41
2022-10-05,2,General Ward,100,48,22,15,2,26,48.67
2022-10-06,2,General Ward,100,49,13,13,3,27,49.67
2022-10-07,2,General Ward,100,50,8,15,4,26,50.89
2022-10-08,2,General Ward,100,34,15,13,5,25,34.33
2022-10-09,2,General Ward,100,38,18,16,3,19,38.53
2022-10-10,2,General Ward,100,55,15,16,4,25,55.46
2022-10-11,2,General Ward,100,48,17,18,5,26,48.73
2022-10-12,2,General Ward,100,54,8,13,4,22,54.03
2022-10-13,2,General Ward,100,62,8,12,4,25,62.18
2022-10-14,2,General Ward,100,54,13,17,1,31,54.53
2022-10-15,2,General Ward,100,38,16,17,3,26,38.81
2022-10-16,2,General Ward,100,30,17,17,4,19,30.44
2022-10-17,2,General Ward,100,55,20,11,1,26,55.87
2022-10-18,2,General Ward,100,52,17,16,2,26,52.21
2022-10-19,2,General Ward,100,51,18,19,4,24,51.49
2022-10-20,2,General Ward,100,53,16,12,4,25,53.33
2022-10-21,2,General Ward,100,58,12,18,4,25,58.94
2022-10-22,2,General Ward,100,36,17,11,5,26,36.15
2022-10-23,2,General Ward,100,37,18,16,3,23,37.35
2022-10-24,2,General Ward,100,46,22,10,4,26,46.94
2022-10-25,2,General Ward,100,46,20,14,4,26,46.71
2022-10-26,2,General Ward,100,66,12,10,3,27,66.12
2022-10-27,2,General Ward,100,43,18,14,4,22,43.76
2022-10-28,2,General Ward,100,55,10,15,4,30,55.67
2022-10-29,2,General Ward,100,41,17,13,2,24,41.59
2022-10-30,2,General Ward,100,46,9,13,4,23,46.17
2022-10-31,2,General Ward,100,60,14,19,5,26,60.53
2022-11-01,2,General Ward,100,48,24,17,4,26,48.29
2022-11-02,2,General Ward,100,62,20,16,2,25,62.3
2022-11-03,2,General Ward,100,57,10,11,3,22,57.91
2022-11-04,2,General Ward,100,53,12,15,3,23,53.99
2022-11-05,2,General Ward,100,43,18,18,5,27,43.09
2022-11-06,2,General Ward,100,41,7,12,4,22,41.79
2022-11-07,2,General Ward,100,56,20,6,3,23,56.64
2022-11-08,2,General Ward,100,49,17,18,6,22,49.42
2022-11-09,2,General Ward,100,57,20,15,3,27,57.81
2022-11-10,2,General Ward,100,63,8,13,3,29,63.48
2022-11-11,2,General Ward,100,51,15,19,4,24,51.99
2022-11-12,2,General Ward,100,40,13,10,3,25,40.6
2022-11-13,2,General Ward,100,43,19,21,5,19,43.63
2022-11-14,2,General Ward,100,58,15,11,2,23,58.97
2022-11-15,2,General Ward,100,63,12,19,4,22,63.07
2022-11-16,2,General Ward,100,69,13,18,3,26,69.03
2022-11-17,2,General Ward,100,58,11,12,2,28,58.68
2022-11-18,2,General Ward,100,60,12,12,4,28,60.32
2022-11-19,2,General Ward,100,43,17,18,4,24,43.82
2022-11-20,2,General Ward,100,47,14,12,5,25,47.84
2022-11-21,2,General Ward,100,51,16,10,3,25,51.05
2022-11-22,2,General Ward,100,59,16,21,3,26,59.65
2022-11-23,2,General Ward,100,59,15,18,4,26,59.52
2022-11-24,2,General Ward,100,49,15,12,6,23,49.38
2022-11-25,2,General Ward,100,64,20,14,5,26,64.53
2022-11-26,2,General Ward,100,43,14,15,4,24,43.3
2022-11-27,2,General Ward,100,39,14,10,5,25,39.43
2022-11-28,2,General Ward,100,56,11,18,3,28,56.79
2022-11-29,2,General Ward,100,54,18,13,4,23,54.84
2022-11-30,2,General Ward,100,61,20,14,4,26,61.79
2022-12-01,2,General Ward,100,69,18,11,3,27,69.09
2022-12-02,2,General Ward,100,63,15,19,4,25,63.47
2022-12-03,2,General Ward,100,52,15,14,3,25,52.81
2022-12-04,2,General Ward,100,49,11,10,2,27,49.8
2022-12-05,2,General Ward,100,63,10,14,2,28,63.17
2022-12-06,2,General Ward,100,62,10,14,4,26,62.2
2022-12-07,2,General Ward,100,58,13,10,4,24,58.96
2022-12-08,2,General Ward,100,69,18,14,3,25,69.78
2022-12-09,2,General Ward,100,59,16,9,4,22,59.45
2022-12-10,2,General Ward,100,44,21,14,2,24,44.26
2022-12-11,2,General Ward,100,52,14,19,3,25,52.64
2022-12-12,2,General Ward,100,70,14,9,3,27,70.8
2022-12-13,2,General Ward,100,63,10,15,4,24,63.5
2022-12-14,2,General Ward,100,66,16,15,4,29,66.72
2022-12-15,2,General Ward,100,67,17,9,5,30,67.36
2022-12-16,2,General Ward,100,57,11,14,7,21,57.42
2022-12-17,2,General Ward,100,34,13,10,3,25,34.72
2022-12-18,2,General Ward,100,47,11,10,4,24,47.39
2022-12-19,2,General Ward,100,67,22,14,2,29,67.93
2022-12-20,2,General Ward,100,63,11,10,4,28,63.3
2022-12-21,2,General Ward,100,61,13,16,5,27,61.67
2022-12-22,2,General Ward,100,68,17,12,3,30,68.87
2022-12-23,2,General Ward,100,55,9,14,4,28,55.9
2022-12-24,2,General Ward,100,48,13,10,4,24,48.73
2022-12-25,2,General Ward,100,52,16,10,5,25,52.37
2022-12-26,2,General Ward,100,60,17,21,3,23,60.96
2022-12-27,2,General Ward,100,59,16,22,4,28,59.63
2022-12-28,2,General Ward,100,55,10,11,4,24,55.87
2022-12-29,2,General Ward,100,64,10,9,3,25,64.24
2022-12-30,2,General Ward,100,59,16,16,3,29,59.94
2022-12-31,2,General Ward,100,47,8,11,2,23,47.88
2023-01-01,2,General Ward,100,52,13,10,2,19,52.46
2023-01-02,2,General Ward,100,65,17,16,3,25,65.11
2023-01-03,2,General Ward,100,68,11,11,4,29,68.93
2023-01-04,2,General Ward,100,67,15,14,4,27,67.27
2023-01-05,2,General Ward,100,80,19,11,4,27,80.85
2023-01-06,2,General Ward,100,65,14,13,3,23,65.91
2023-01-07,2,General Ward,100,52,8,14,5,25,52.75
2023-01-08,2,General Ward,100,56,11,16,2,22,56.87
2023-01-09,2,General Ward,100,74,14,20,2,26,74.74
2023-01-10,2,General Ward,100,78,11,21,4,28,78.29
2023-01-11,2,General Ward,100,69,20,12,2,27,69.37
2023-01-12,2,General Ward,100,75,13,17,4,27,75.81
2023-01-13,2,General Ward,100,61,14,14,4,29,61.96
2023-01-14,2,General Ward,100,62,12,15,4,26,62.25
2023-01-15,2,General Ward,100,65,15,13,5,27,65.05
2023-01-16,2,General Ward,100,67,17,22,4,28,67.75
2023-01-17,2,General Ward,100,75,13,9,5,25,75.13
2023-01-18,2,General Ward,100,77,17,19,5,27,77.47
2023-01-19,2,General Ward,100,76,17,14,4,25,76.66
2023-01-20,2,General Ward,100,82,13,10,3,27,82.52
2023-01-21,2,General Ward,100,60,16,18,4,27,60.99
2023-01-22,2,General Ward,100,59,16,19,4,25,59.59
2023-01-23,2,General Ward,100,67,13,16,5,26,67.66
2023-01-24,2,General Ward,100,72,14,18,2,23,72.7
2023-01-25,2,General Ward,100,71,16,14,3,28,71.51
2023-01-26,2,General Ward,100,64,11,15,5,25,64.55
2023-01-27,2,General Ward,100,73,22,11,4,27,73.32
2023-01-28,2,General Ward,100,55,15,13,3,24,55.74
2023-01-29,2,General Ward,100,59,17,19,1,27,59.97
2023-01-30,2,General Ward,100,77,13,23,2,27,77.47
2023-01-31,2,General Ward,100,67,12,9,3,27,67.61
2023-02-01,2,General Ward,100,73,19,17,4,27,73.06
2023-02-02,2,General Ward,100,76,8,6,4,26,76.59
2023-02-03,2,General Ward,100,80,14,21,3,25,80.24
2023-02-04,2,General Ward,100,55,21,21,3,28,55.8
2023-02-05,2,General Ward,100,57,17,17,3,25,57.68
2023-02-06,2,General Ward,100,75,17,17,4,27,75.94
2023-02-07,2,General Ward,100,80,13,15,3,25,80.71
2023-02-08,2,General Ward,100,79,13,15,3,27,79.07
2023-02-09,2,General Ward,100,75,11,24,3,26,75.7
2023-02-10,2,General Ward,100,84,17,16,5,25,84.77
2023-02-11,2,General Ward,100,55,12,13,4,23,55.26
2023-02-12,2,General Ward,100,67,10,21,4,27,67.3
2023-02-13,2,General Ward,100,75,22,12,3,29,75.86
2023-02-14,2,General Ward,100,77,13,11,5,25,77.36
2023-02-15,2,General Ward,100,81,17,19,2,29,81.68
2023-02-16,2,General Ward,100,81,18,14,4,26,81.52
2023-02-17,2,General Ward,100,75,12,15,3,26,75.16
2023-02-18,2,General Ward,100,54,9,9,4,22,54.68
2023-02-19,2,General Ward,100,61,12,10,4,23,61.98
2023-02-20,2,General Ward,100,83,11,9,1,23,83.97
2023-02-21,2,General Ward,100,84,14,5,4,32,84.19
2023-02-22,2,General Ward,100,78,14,13,3,28,78.84
2023-02-23,2,General Ward,100,80,16,17,5,26,80.89
2023-02-24,2,General Ward,100,79,14,19,3,24,79.71
2023-02-25,2,General Ward,100,66,21,14,3,27,66.89
2023-02-26,2,General Ward,100,61,9,12,3,26,61.98
2023-02-27,2,General Ward,100,71,14,18,4,26,71.8
2023-02-28,2,General Ward,100,89,8,12,1,32,89.88
2023-03-01,2,General Ward,100,85,16,14,2,29,85.06
2023-03-02,2,General Ward,100,79,13,16,4,28,79.89
2023-03-03,2,General Ward,100,82,12,23,5,30,82.69
2023-03-04,2,General Ward,100,71,10,12,5,27,71.62
2023-03-05,2,General Ward,100,70,16,10,3,26,70.89
2023-03-06,2,General Ward,100,77,17,15,2,30,77.21
2023-03-07,2,General Ward,100,89,19,12,2,27,89.31
2023-03-08,2,General Ward,100,84,13,19,2,27,84.36
2023-03-09,2,General Ward,100,78,15,12,2,28,78.77
2023-03-10,2,General Ward,100,82,12,12,5,31,82.79
2023-03-11,2,General Ward,100,53,15,14,4,29,53.52
2023-03-12,2,General Ward,100,68,12,16,2,22,68.59
2023-03-13,2,General Ward,100,87,11,20,2,29,87.21
2023-03-14,2,General Ward,100,77,15,13,3,27,77.72
2023-03-15,2,General Ward,100,79,15,20,2,26,79.35
2023-03-16,2,General Ward,100,78,13,13,2,26,78.43
2023-03-17,2,General Ward,100,76,11,13,4,26,76.56
2023-03-18,2,General Ward,100,68,11,10,4,28,68.11
2023-03-19,2,General Ward,100,61,19,18,3,27,61.06
2023-03-20,2,General Ward,100,75,20,5,3,24,75.34
2023-03-21,2,General Ward,100,80,11,14,4,30,80.09
2023-03-22,2,General Ward,100,76,17,10,4,22,76.58
2023-03-23,2,General Ward,100,77,10,13,3,29,77.72
2023-03-24,2,General Ward,100,75,25,10,4,28,75.83
2023-03-25,2,General Ward,100,66,14,13,2,30,66.83
2023-03-26,2,General Ward,100,67,14,16,4,23,67.92
2023-03-27,2,General Ward,100,90,8,13,3,26,90.16
2023-03-28,2,General Ward,100,85,15,16,3,25,85.47
2023-03-29,2,General Ward,100,75,14,13,1,33,75.38
2023-03-30,2,General Ward,100,75,10,20,4,27,75.84
2023-03-31,2,General Ward,100,84,13,11,2,29,84.88
2023-04-01,2,General Ward,100,72,12,16,5,28,72.92
2023-04-02,2,General Ward,100,61,12,14,5,25,61.62
2023-04-03,2,General Ward,100,75,15,13,5,26,75.75
2023-04-04,2,General Ward,100,81,16,15,4,29,81.86
2023-04-05,2,General Ward,100,76,20,15,4,24,76.66
2023-04-06,2,General Ward,100,75,19,7,2,25,76.0
2023-04-07,2,General Ward,100,73,18,16,2,26,73.6
2023-04-08,2,General Ward,100,55,21,15,2,25,55.84
2023-04-09,2,General Ward,100,71,16,10,3,27,71.05
2023-04-10,2,General Ward,100,69,17,15,4,29,69.08
2023-04-11,2,General Ward,100,78,15,13,3,27,78.67
2023-04-12,2,General Ward,100,88,19,14,3,31,88.59
2023-04-13,2,General Ward,100,74,17,22,4,21,74.98
2023-04-14,2,General Ward,100,78,19,17,4,29,78.41
2023-04-15,2,General Ward,100,70,19,15,3,30,70.83
2023-04-16,2,General Ward,100,55,19,16,3,24,55.18
2023-04-17,2,General Ward,100,81,10,15,3,30,81.3
2023-04-18,2,General Ward,100,75,20,18,5,25,75.38
2023-04-19,2,General Ward,100,76,15,21,4,24,76.01
2023-04-20,2,General Ward,100,75,15,10,4,29,75.18
2023-04-21,2,General Ward,100,69,18,11,2,28,69.65
2023-04-22,2,General Ward,100,57,19,16,3,25,57.2
2023-04-23,2,General Ward,100,61,9,18,2,24,61.36
2023-04-24,2,General Ward,100,78,19,10,4,26,78.58
2023-04-25,2,General Ward,100,87,16,13,4,29,87.7
2023-04-26,2,General Ward,100,79,19,15,5,28,79.05
2023-04-27,2,General Ward,100,86,12,14,4,27,86.98
2023-04-28,2,General Ward,100,72,21,14,3,28,72.42
2023-04-29,2,General Ward,100,53,19,7,3,23,53.27
2023-04-30,2,General Ward,100,64,16,16,5,23,64.46
2023-05-01,2,General Ward,100,77,16,14,5,25,77.39
2023-05-02,2,General Ward,100,63,10,14,6,26,63.5
2023-05-03,2,General Ward,100,77,11,16,4,27,77.18
2023-05-04,2,General Ward,100,67,22,11,4,25,67.03
2023-05-05,2,General Ward,100,73,10,12,4,28,73.22
2023-05-06,2,General Ward,100,62,13,16,5,28,62.9
2023-05-07,2,General Ward,100,62,23,9,4,24,62.28
2023-05-08,2,General Ward,100,70,14,24,4,27,70.93
2023-05-09,2,General Ward,100,70,17,18,4,25,70.85
2023-05-10,2,General Ward,100,81,14,12,4,26,81.07
2023-05-11,2,General Ward,100,69,15,17,5,25,69.96
2023-05-12,2,General Ward,100,71,14,13,2,29,71.08
2023-05-13,2,General Ward,100,51,13,14,3,24,51.74
2023-05-14,2,General Ward,100,60,9,10,4,24,60.09
2023-05-15,2,General Ward,100,83,12,13,3,27,83.27
2023-05-16,2,General Ward,100,68,16,10,4,23,68.21
2023-05-17,2,General Ward,100,88,14,11,5,33,88.23
2023-05-18,2,General Ward,100,69,17,10,5,25,69.66
2023-05-19,2,General Ward,100,70,14,13,4,25,70.45
2023-05-20,2,General Ward,100,70,15,10,4,25,70.31
2023-05-21,2,General Ward,100,60,19,11,3,28,60.52
2023-05-22,2,General Ward,100,76,8,10,4,26,76.3
2023-05-23,2,General Ward,100,72,13,5,4,26,72.16
2023-05-24,2,General Ward,100,71,11,10,4,25,71.36
2023-05-25,2,General Ward,100,69,15,6,3,25,69.16
2023-05-26,2,General Ward,100,76,6,10,2,27,76.02
2023-05-27,2,General Ward,100,58,12,13,3,26,58.09
2023-05-28,2,General Ward,100,55,11,13,3,25,55.97
2023-05-29,2,General Ward,100,66,11,10,3,29,66.42
2023-05-30,2,General Ward,100,63,14,12,4,28,63.32
2023-05-31,2,General Ward,100,69,15,14,2,29,69.65
2023-06-01,2,General Ward,100,55,12,17,4,26,55.13
2023-06-02,2,General Ward,100,60,16,16,4,26,60.43
2023-06-03,2,General Ward,100,51,20,15,2,26,51.13
2023-06-04,2,General Ward,100,55,14,12,5,26,55.84
2023-06-05,2,General Ward,100,71,13,11,2,26,71.31
2023-06-06,2,General Ward,100,74,11,10,4,28,74.1
2023-06-07,2,General Ward,100,72,17,16,3,30,72.11
2023-06-08,2,General Ward,100,62,9,16,5,28,62.6
2023-06-09,2,General Ward,100,64,18,13,3,25,64.83
2023-06-10,2,General Ward,100,49,22,10,4,21,49.74
2023-06-11,2,General Ward,100,47,17,13,3,27,47.71
2023-06-12,2,General Ward,100,71,14,13,4,26,71.96
2023-06-13,2,General Ward,100,68,21,15,4,32,68.12
2023-06-14,2,General Ward,100,66,15,16,2,26,66.08
2023-06-15,2,General Ward,100,60,18,8,4,26,60.32
2023-06-16,2,General Ward,100,65,13,15,1,26,65.66
2023-06-17,2,General Ward,100,43,21,16,3,27,43.41
2023-06-18,2,General Ward,100,52,17,13,4,26,52.43
2023-06-19,2,General Ward,100,58,13,17,4,25,58.6
2023-06-20,2,General Ward,100,74,16,15,4,26,74.84
2023-06-21,2,General Ward,100,70,25,9,3,27,70.65
2023-06-22,2,General Ward,100,64,22,13,3,26,64.07
2023-06-23,2,General Ward,100,74,17,15,4,30,74.98
2023-06-24,2,General Ward,100,38,18,18,2,25,38.3
2023-06-25,2,General Ward,100,49,15,17,4,24,49.65
2023-06-26,2,General Ward,100,66,19,12,3,27,66.9
2023-06-27,2,General Ward,100,61,15,9,5,27,61.35
2023-06-28,2,General Ward,100,57,14,16,3,25,57.7
2023-06-29,2,General Ward,100,73,10,17,2,30,73.62
2023-06-30,2,General Ward,100,60,20,14,4,26,60.31
2023-07-01,2,General Ward,100,38,13,12,4,26,38.24
2023-07-02,2,General Ward,100,41,13,16,3,24,41.39
2023-07-03,2,General Ward,100,55,17,15,4,24,55.56
2023-07-04,2,General Ward,100,46,13,13,4,24,46.79
2023-07-05,2,General Ward,100,58,12,14,5,27,58.02
2023-07-06,2,General Ward,100,54,14,15,4,24,54.14
2023-07-07,2,General Ward,100,57,12,14,3,31,57.91
2023-07-08,2,General Ward,100,53,11,18,3,25,53.43
2023-07-09,2,General Ward,100,44,18,11,3,22,44.11
2023-07-10,2,General Ward,100,57,17,7,3,25,57.19
2023-07-11,2,General Ward,100,52,12,11,3,26,52.93
2023-07-12,2,General Ward,100,63,18,13,2,29,63.96
2023-07-13,2,General Ward,100,56,17,13,3,29,56.79
2023-07-14,2,General Ward,100,55,12,19,4,25,55.79
2023-07-15,2,General Ward,100,46,14,11,5,23,46.18
2023-07-16,2,General Ward,100,52,7,14,4,28,52.15
2023-07-17,2,General Ward,100,61,13,17,2,26,61.37
2023-07-18,2,General Ward,100,54,10,17,6,25,54.08
2023-07-19,2,General Ward,100,47,12,9,5,25,47.08
2023-07-20,2,General Ward,100,57,18,16,4,25,57.15
2023-07-21,2,General Ward,100,54,15,9,3,22,54.11
2023-07-22,2,General Ward,100,40,18,10,3,22,40.17
2023-07-23,2,General Ward,100,45,15,8,1,23,45.51
2023-07-24,2,General Ward,100,56,13,16,3,23,56.8
2023-07-25,2,General Ward,100,57,17,8,3,26,57.68
2023-07-26,2,General Ward,100,44,14,12,3,24,44.35
2023-07-27,2,General Ward,100,55,9,14,4,21,55.38
2023-07-28,2,General Ward,100,61,9,16,5,22,61.1
2023-07-29,2,General Ward,100,44,14,17,2,23,44.39
2023-07-30,2,General Ward,100,34,17,20,2,23,34.8
2023-07-31,2,General Ward,100,51,19,9,3,27,51.64
2023-08-01,2,General Ward,100,45,7,14,3,25,45.49
2023-08-02,2,General Ward,100,53,13,22,3,24,53.6
2023-08-03,2,General Ward,100,60,21,13,3,22,60.98
2023-08-04,2,General Ward,100,48,18,15,2,27,48.18
2023-08-05,2,General Ward,100,30,21,15,3,20,30.0
2023-08-06,2,General Ward,100,41,15,11,3,23,41.35
2023-08-07,2,General Ward,100,52,14,8,2,24,52.81
2023-08-08,2,General Ward,100,52,13,9,5,22,52.46
2023-08-09,2,General Ward,100,55,13,11,3,28,55.1
2023-08-10,2,General Ward,100,45,20,12,1,28,45.89
2023-08-11,2,General Ward,100,49,22,6,4,23,49.93
2023-08-12,2,General Ward,100,30,12,12,3,23,30.0
2023-08-13,2,General Ward,100,44,20,20,3,24,44.33
2023-08-14,2,General Ward,100,54,17,11,3,27,54.71
2023-08-15,2,General Ward,100,54,12,9,4,25,54.57
2023-08-16,2,General Ward,100,48,14,15,4,21,48.55
2023-08-17,2,General Ward,100,48,15,8,3,22,48.88
2023-08-18,2,General Ward,100,56,17,15,3,25,56.39
2023-08-19,2,General Ward,100,46,13,11,2,26,46.69
2023-08-20,2,General Ward,100,30,12,8,3,22,30.0
2023-08-21,2,General Ward,100,45,12,8,2,25,45.38
2023-08-22,2,General Ward,100,52,17,15,3,24,52.78
2023-08-23,2,General Ward,100,59,9,19,4,24,59.78
2023-08-24,2,General Ward,100,49,21,11,4,26,49.76
2023-08-25,2,General Ward,100,49,10,11,3,27,49.9
2023-08-26,2,General Ward,100,46,12,9,4,23,46.66
2023-08-27,2,General Ward,100,34,21,13,5,22,34.52
2023-08-28,2,General Ward,100,49,13,17,3,23,49.61
2023-08-29,2,General Ward,100,43,16,16,4,26,43.06
2023-08-30,2,General Ward,100,50,9,18,4,26,50.11
2023-08-31,2,General Ward,100,54,11,14,2,22,54.56
2023-09-01,2,General Ward,100,53,16,15,4,25,53.15
2023-09-02,2,General Ward,100,42,12,9,5,24,42.86
2023-09-03,2,General Ward,100,35,14,11,4,26,35.66
2023-09-04,2,General Ward,100,46,13,15,3,26,46.35
2023-09-05,2,General Ward,100,50,12,14,3,25,50.31
2023-09-06,2,General Ward,100,55,16,12,3,27,55.6
2023-09-07,2,General Ward,100,54,13,13,3,26,54.1
2023-09-08,2,General Ward,100,45,12,9,3,25,45.37
2023-09-09,2,General Ward,100,31,11,14,3,24,31.56
2023-09-10,2,General Ward,100,30,16,19,3,23,30.0
2023-09-11,2,General Ward,100,45,18,16,3,23,45.32
2023-09-12,2,General Ward,100,54,16,12,3,26,54.74
2023-09-13,2,General Ward,100,54,12,14,3,24,54.51
2023-09-14,2,General Ward,100,45,20,19,4,25,45.38
2023-09-15,2,General Ward,100,43,11,13,5,22,43.63
2023-09-16,2,General Ward,100,30,13,9,3,22,30.59
2023-09-17,2,General Ward,100,36,12,14,4,22,36.21
2023-09-18,2,General Ward,100,46,13,19,2,26,46.55
2023-09-19,2,General Ward,100,46,19,15,4,26,46.03
2023-09-20,2,General Ward,100,51,8,13,3,24,51.99
2023-09-21,2,General Ward,100,52,16,13,6,28,52.63
2023-09-22,2,General Ward,100,39,12,20,5,20,39.82
2023-09-23,2,General Ward,100,38,15,19,4,23,38.31
2023-09-24,2,General Ward,100,31,18,12,4,23,31.14
2023-09-25,2,General Ward,100,53,13,13,4,24,53.25
2023-09-26,2,General Ward,100,41,17,13,5,24,41.84
2023-09-27,2,General Ward,100,56,11,10,5,21,56.31
2023-09-28,2,General Ward,100,54,13,11,4,23,54.69
2023-09-29,2,General Ward,100,55,16,17,2,25,55.55
2023-09-30,2,General Ward,100,37,18,9,4,26,37.25
2023-10-01,2,General Ward,100,30,13,14,2,23,30.0
2023-10-02,2,General Ward,100,59,6,14,4,25,59.97
2023-10-03,2,General Ward,100,53,19,15,5,25,53.79
2023-10-04,2,General Ward,100,59,18,16,5,23,59.27
2023-10-05,2,General Ward,100,48,12,16,2,26,48.8
2023-10-06,2,General Ward,100,51,17,16,3,26,51.36
2023-10-07,2,General Ward,100,30,10,16,3,22,30.0
2023-10-08,2,General Ward,100,32,13,14,6,26,32.75
2023-10-09,2,General Ward,100,47,11,10,4,22,47.73
2023-10-10,2,General Ward,100,52,15,23,3,26,52.53
2023-10-11,2,General Ward,100,47,13,10,3,26,47.53
2023-10-12,2,General Ward,100,48,22,7,4,26,48.58
2023-10-13,2,General Ward,100,58,18,11,2,26,58.37
2023-10-14,2,General Ward,100,36,11,17,3,24,36.92
2023-10-15,2,General Ward,100,30,9,10,5,20,30.0
2023-10-16,2,General Ward,100,52,19,13,4,25,52.45
2023-10-17,2,General Ward,100,55,16,16,4,21,55.74
2023-10-18,2,General Ward,100,51,16,16,4,24,51.56
2023-10-19,2,General Ward,100,57,20,20,3,21,57.42
2023-10-20,2,General Ward,100,49,18,13,4,23,49.74
2023-10-21,2,General Ward,100,38,17,7,3,25,38.15
2023-10-22,2,General Ward,100,37,25,8,3,23,37.05
2023-10-23,2,General Ward,100,54,17,11,3,23,54.5
2023-10-24,2,General Ward,100,49,15,14,3,23,49.32
2023-10-25,2,General Ward,100,47,14,13,4,27,47.62
2023-10-26,2,General Ward,100,56,12,11,3,25,56.21
2023-10-27,2,General Ward,100,49,14,18,4,21,49.74
2023-10-28,2,General Ward,100,33,20,12,4,27,33.55
2023-10-29,2,General Ward,100,39,16,17,3,21,39.5
2023-10-30,2,General Ward,100,47,16,8,4,26,47.35
2023-10-31,2,General Ward,100,47,18,18,1,25,47.59
2023-11-01,2,General Ward,100,55,17,12,4,24,55.49
2023-11-02,2,General Ward,100,48,17,17,4,24,48.37
2023-11-03,2,General Ward,100,63,18,13,1,28,63.44
2023-11-04,2,General Ward,100,41,20,12,2,24,41.2
2023-11-05,2,General Ward,100,33,16,17,4,21,33.4
2023-11-06,2,General Ward,100,57,13,18,4,22,57.44
2023-11-07,2,General Ward,100,55,11,16,4,25,55.56
2023-11-08,2,General Ward,100,64,19,10,4,25,64.79
2023-11-09,2,General Ward,100,55,14,18,5,23,55.99
2023-11-10,2,General Ward,100,57,13,13,3,28,57.18
2023-11-11,2,General Ward,100,45,19,13,3,23,45.44
2023-11-12,2,General Ward,100,42,14,8,2,25,42.08
2023-11-13,2,General Ward,100,52,15,10,4,24,52.37
2023-11-14,2,General Ward,100,61,11,20,4,29,61.12
2023-11-15,2,General Ward,100,52,16,14,3,25,52.22
2023-11-16,2,General Ward,100,53,15,13,6,27,53.22
2023-11-17,2,General Ward,100,52,13,11,5,22,52.77
2023-11-18,2,General Ward,100,36,15,15,3,23,36.19
2023-11-19,2,General Ward,100,41,19,15,2,24,41.36
2023-11-20,2,General Ward,100,60,14,17,2,23,60.86
2023-11-21,2,General Ward,100,62,9,15,4,27,62.53
2023-11-22,2,General Ward,100,61,14,12,4,27,61.3
2023-11-23,2,General Ward,100,66,19,12,5,26,66.3
2023-11-24,2,General Ward,100,62,11,16,3,27,62.45
2023-11-25,2,General Ward,100,47,15,12,5,23,47.35
2023-11-26,2,General Ward,100,42,16,17,6,22,42.5
2023-11-27,2,General Ward,100,66,15,19,4,28,66.1
2023-11-28,2,General Ward,100,48,12,15,2,24,48.16
2023-11-29,2,General Ward,100,56,18,24,3,26,56.63
2023-11-30,2,General Ward,100,56,13,12,4,24,56.72
2023-12-01,2,General Ward,100,59,13,16,3,27,59.43
2023-12-02,2,General Ward,100,50,18,11,4,25,50.5
2023-12-03,2,General Ward,100,52,12,11,4,24,52.53
2023-12-04,2,General Ward,100,60,12,13,5,27,60.75
2023-12-05,2,General Ward,100,65,15,12,3,23,65.14
2023-12-06,2,General Ward,100,60,17,13,3,27,60.58
2023-12-07,2,General Ward,100,61,13,12,4,26,61.19
2023-12-08,2,General Ward,100,62,10,15,5,28,62.09
2023-12-09,2,General Ward,100,50,14,15,3,24,50.39
2023-12-10,2,General Ward,100,44,11,15,4,21,44.98
2023-12-11,2,General Ward,100,64,11,15,4,24,64.58
2023-12-12,2,General Ward,100,64,16,11,5,27,64.9
2023-12-13,2,General Ward,100,64,15,11,3,23,64.12
2023-12-14,2,General Ward,100,66,11,16,4,26,66.59
2023-12-15,2,General Ward,100,61,24,13,4,26,61.3
2023-12-16,2,General Ward,100,60,18,15,4,28,60.03
2023-12-17,2,General Ward,100,47,14,9,6,27,47.15
2023-12-18,2,General Ward,100,63,18,16,5,27,63.18
2023-12-19,2,General Ward,100,63,16,17,4,24,63.1
2023-12-20,2,General Ward,100,60,10,11,4,27,60.89
2023-12-21,2,General Ward,100,78,20,18,3,25,78.44
2023-12-22,2,General Ward,100,68,17,13,4,24,68.5
2023-12-23,2,General Ward,100,50,18,14,2,25,50.23
2023-12-24,2,General Ward,100,59,12,13,2,22,59.54
2023-12-25,2,General Ward,100,65,16,15,3,29,65.65
2023-12-26,2,General Ward,100,68,16,15,4,27,68.58
2023-12-27,2,General Ward,100,66,17,17,4,27,66.39
2023-12-28,2,General Ward,100,70,19,14,2,29,70.7
2023-12-29,2,General Ward,100,61,19,10,4,23,61.51
2023-12-30,2,General Ward,100,46,10,15,4,23,46.52
2023-12-31,2,General Ward,100,44,14,12,4,26,44.46
2019-01-01,2,ICU,30,27,3,4,4,19,91.37
2019-01-02,2,ICU,30,24,8,2,4,14,83.05
2019-01-03,2,ICU,30,26,6,3,5,13,87.98
2019-01-04,2,ICU,30,25,4,1,3,15,84.93
2019-01-05,2,ICU,30,22,4,2,7,17,75.66
2019-01-06,2,ICU,30,19,4,1,5,12,65.76
2019-01-07,2,ICU,30,27,3,4,6,16,91.48
2019-01-08,2,ICU,30,25,1,5,4,19,86.26
2019-01-09,2,ICU,30,25,5,9,5,19,83.64
2019-01-10,2,ICU,30,28,4,6,3,16,94.07
2019-01-11,2,ICU,30,28,3,3,4,19,93.5
2019-01-12,2,ICU,30,18,7,2,5,15,63.02
2019-01-13,2,ICU,30,23,5,3,4,15,79.09
2019-01-14,2,ICU,30,26,5,2,5,17,88.84
2019-01-15,2,ICU,30,27,4,5,5,22,90.11
2019-01-16,2,ICU,30,23,1,5,3,17,79.87
2019-01-17,2,ICU,30,23,8,5,6,18,79.8
2019-01-18,2,ICU,30,26,2,5,4,15,89.22
2019-01-19,2,ICU,30,19,7,5,3,16,65.74
2019-01-20,2,ICU,30,21,3,7,3,16,70.65
2019-01-21,2,ICU,30,25,3,2,5,13,85.22
2019-01-22,2,ICU,30,25,1,9,5,15,83.91
2019-01-23,2,ICU,30,26,3,4,5,14,89.52
2019-01-24,2,ICU,30,27,5,8,5,15,92.76
2019-01-25,2,ICU,30,25,3,3,5,17,85.69
2019-01-26,2,ICU,30,20,5,2,4,19,69.81
2019-01-27,2,ICU,30,24,1,3,3,19,82.1
2019-01-28,2,ICU,30,27,4,3,3,16,91.98
2019-01-29,2,ICU,30,24,5,3,6,14,82.57
2019-01-30,2,ICU,30,27,1,5,4,17,90.48
2019-01-31,2,ICU,30,28,2,3,4,17,95.0
2019-02-01,2,ICU,30,28,7,5,4,17,95.0
2019-02-02,2,ICU,30,25,3,5,4,16,83.4
2019-02-03,2,ICU,30,23,3,5,4,19,78.65
2019-02-04,2,ICU,30,25,3,1,4,19,85.77
2019-02-05,2,ICU,30,26,3,3,6,18,88.29
2019-02-06,2,ICU,30,28,4,5,6,14,95.0
2019-02-07,2,ICU,30,28,6,4,7,17,95.0
2019-02-08,2,ICU,30,27,6,4,5,21,90.12
2019-02-09,2,ICU,30,23,6,2,4,16,76.81
2019-02-10,2,ICU,30,22,2,6,7,16,76.1
2019-02-11,2,ICU,30,27,6,6,3,20,92.74
2019-02-12,2,ICU,30,25,3,6,5,18,83.47
2019-02-13,2,ICU,30,28,5,3,4,18,95.0
2019-02-14,2,ICU,30,25,3,6,5,16,85.86
2019-02-15,2,ICU,30,28,7,2,5,14,93.71
2019-02-16,2,ICU,30,22,3,5,4,14,76.26
2019-02-17,2,ICU,30,24,1,0,4,16,81.91
2019-02-18,2,ICU,30,28,9,5,6,21,95.0
2019-02-19,2,ICU,30,27,3,4,5,19,93.07
2019-02-20,2,ICU,30,28,4,2,5,15,95.0
2019-02-21,2,ICU,30,26,6,3,3,19,87.9
2019-02-22,2,ICU,30,28,5,3,5,15,95.0
2019-02-23,2,ICU,30,23,3,3,4,18,79.67
2019-02-24,2,ICU,30,22,6,6,5,16,76.41
2019-02-25,2,ICU,30,25,3,3,2,15,85.56
2019-02-26,2,ICU,30,25,7,6,4,18,84.16
2019-02-27,2,ICU,30,27,7,1,5,17,90.75
2019-02-28,2,ICU,30,27,10,2,4,17,90.24
2019-03-01,2,ICU,30,28,8,4,3,19,95.0
2019-03-02,2,ICU,30,24,5,7,4,16,81.15
2019-03-03,2,ICU,30,23,8,5,4,16,79.08
2019-03-04,2,ICU,30,27,3,3,6,19,91.83
2019-03-05,2,ICU,30,28,3,4,4,16,95.0
2019-03-06,2,ICU,30,28,3,5,4,15,95.0
2019-03-07,2,ICU,30,28,3,4,5,17,95.0
2019-03-08,2,ICU,30,28,5,1,5,19,95.0
2019-03-09,2,ICU,30,25,8,2,4,15,83.86
2019-03-10,2,ICU,30,23,7,4,5,15,77.14
2019-03-11,2,ICU,30,28,7,5,3,17,95.0
2019-03-12,2,ICU,30,26,8,2,4,17,88.86
2019-03-13,2,ICU,30,28,4,5,5,19,95.0
2019-03-14,2,ICU,30,28,4,2,4,13,95.0
2019-03-15,2,ICU,30,28,5,3,5,18,95.0
2019-03-16,2,ICU,30,22,7,3,3,15,73.61
2019-03-17,2,ICU,30,25,8,5,7,15,85.66
2019-03-18,2,ICU,30,26,5,3,6,16,89.12
2019-03-19,2,ICU,30,28,4,6,5,17,95.0
2019-03-20,2,ICU,30,25,2,4,3,20,83.54
2019-03-21,2,ICU,30,28,10,3,3,16,95.0
2019-03-22,2,ICU,30,27,3,9,4,20,92.56
2019-03-23,2,ICU,30,22,5,1,6,13,73.37
2019-03-24,2,ICU,30,25,5,4,5,18,84.67
2019-03-25,2,ICU,30,28,4,6,4,17,95.0
2019-03-26,2,ICU,30,26,4,1,6,16,89.08
2019-03-27,2,ICU,30,28,7,7,5,18,95.0
2019-03-28,2,ICU,30,28,5,3,4,16,95.0
2019-03-29,2,ICU,30,27,5,3,6,18,90.83
2019-03-30,2,ICU,30,25,2,8,2,16,86.18
2019-03-31,2,ICU,30,24,4,4,4,17,81.44
2019-04-01,2,ICU,30,28,3,5,4,16,95.0
2019-04-02,2,ICU,30,27,2,4,6,16,92.3
2019-04-03,2,ICU,30,28,7,4,5,15,95.0
2019-04-04,2,ICU,30,28,5,3,6,20,95.0
2019-04-05,2,ICU,30,27,5,5,2,19,90.39
2019-04-06,2,ICU,30,24,6,6,5,20,82.63
2019-04-07,2,ICU,30,28,9,4,5,21,93.47
2019-04-08,2,ICU,30,27,5,2,4,18,90.19
2019-04-09,2,ICU,30,28,4,6,5,18,95.0
2019-04-10,2,ICU,30,28,4,5,4,16,95.0
2019-04-11,2,ICU,30,26,5,1,7,13,87.07
2019-04-12,2,ICU,30,24,2,7,4,16,80.18
2019-04-13,2,ICU,30,22,2,2,5,13,76.58
2019-04-14,2,ICU,30,22,4,6,6,15,74.06
2019-04-15,2,ICU,30,26,6,2,6,19,88.32
2019-04-16,2,ICU,30,27,7,5,4,16,90.74
2019-04-17,2,ICU,30,25,6,6,3,16,83.59
2019-04-18,2,ICU,30,26,9,8,5,15,87.72
2019-04-19,2,ICU,30,28,5,6,4,17,95.0
2019-04-20,2,ICU,30,23,1,1,5,14,77.38
2019-04-21,2,ICU,30,22,7,1,3,19,75.24
2019-04-22,2,ICU,30,28,2,4,4,16,95.0
2019-04-23,2,ICU,30,26,2,6,5,21,89.78
2019-04-24,2,ICU,30,28,3,6,4,18,94.16
2019-04-25,2,ICU,30,28,5,6,4,17,93.77
2019-04-26,2,ICU,30,28,6,3,3,16,95.0
2019-04-27,2,ICU,30,21,3,6,4,15,72.25
2019-04-28,2,ICU,30,22,5,4,5,16,75.54
2019-04-29,2,ICU,30,28,2,2,4,16,95.0
2019-04-30,2,ICU,30,28,4,6,5,17,94.76
2019-05-01,2,ICU,30,25,5,7,4,14,83.43
2019-05-02,2,ICU,30,25,5,5,5,17,85.97
2019-05-03,2,ICU,30,27,3,3,6,18,91.04
2019-05-04,2,ICU,30,21,5,3,4,18,70.68
2019-05-05,2,ICU,30,23,4,1,2,19,77.89
2019-05-06,2,ICU,30,27,0,4,5,18,90.55
2019-05-07,2,ICU,30,22,4,2,5,17,74.9
2019-05-08,2,ICU,30,25,6,5,5,16,85.13
2019-05-09,2,ICU,30,25,5,10,3,18,85.62
2019-05-10,2,ICU,30,25,6,6,3,18,85.1
2019-05-11,2,ICU,30,21,5,5,5,16,70.9
2019-05-12,2,ICU,30,23,2,2,4,16,79.22
2019-05-13,2,ICU,30,24,4,2,5,15,83.21
2019-05-14,2,ICU,30,27,6,4,4,17,91.33
2019-05-15,2,ICU,30,26,3,1,2,17,89.49
2019-05-16,2,ICU,30,27,4,5,5,21,91.57
2019-05-17,2,ICU,30,27,7,5,5,17,90.33
2019-05-18,2,ICU,30,21,4,6,3,14,71.35
2019-05-19,2,ICU,30,22,5,9,3,13,75.85
2019-05-20,2,ICU,30,28,4,8,4,17,95.0
2019-05-21,2,ICU,30,26,2,3,4,17,88.76
2019-05-22,2,ICU,30,27,5,3,4,16,92.01
2019-05-23,2,ICU,30,20,6,6,6,15,68.22
2019-05-24,2,ICU,30,27,7,5,5,15,91.32
2019-05-25,2,ICU,30,24,1,2,5,15,81.24
2019-05-26,2,ICU,30,24,4,4,5,17,80.31
2019-05-27,2,ICU,30,27,2,4,5,15,90.37
2019-05-28,2,ICU,30,26,7,7,4,21,89.94
2019-05-29,2,ICU,30,24,3,3,5,18,83.08
2019-05-30,2,ICU,30,23,8,5,5,20,79.88
2019-05-31,2,ICU,30,26,3,5,6,19,88.76
2019-06-01,2,ICU,30,20,2,6,4,16,69.71
2019-06-02,2,ICU,30,21,5,7,6,19,72.91
2019-06-03,2,ICU,30,23,8,5,3,18,77.89
2019-06-04,2,ICU,30,26,6,2,4,18,88.97
2019-06-05,2,ICU,30,26,2,3,4,17,87.11
2019-06-06,2,ICU,30,25,6,1,4,15,84.09
2019-06-07,2,ICU,30,20,2,6,6,16,67.05
2019-06-08,2,ICU,30,17,2,4,5,14,59.69
2019-06-09,2,ICU,30,19,5,2,3,19,66.04
2019-06-10,2,ICU,30,22,4,3,6,21,75.34
2019-06-11,2,ICU,30,21,4,4,5,14,72.54
2019-06-12,2,ICU,30,24,8,3,5,16,80.61
2019-06-13,2,ICU,30,24,4,4,5,18,83.18
2019-06-14,2,ICU,30,23,4,5,4,17,78.13
2019-06-15,2,ICU,30,18,2,8,2,15,61.27
2019-06-16,2,ICU,30,18,5,7,2,15,62.92
2019-06-17,2,ICU,30,22,4,1,5,15,75.33
2019-06-18,2,ICU,30,23,4,1,5,15,79.1
2019-06-19,2,ICU,30,22,3,2,4,20,75.64
2019-06-20,2,ICU,30,25,6,2,6,18,85.98
2019-06-21,2,ICU,30,23,7,3,5,14,79.44
2019-06-22,2,ICU,30,20,2,2,4,15,67.88
2019-06-23,2,ICU,30,21,5,7,4,18,71.49
2019-06-24,2,ICU,30,21,6,4,4,17,71.14
2019-06-25,2,ICU,30,22,3,5,6,17,75.83
2019-06-26,2,ICU,30,22,4,4,6,16,74.47
2019-06-27,2,ICU,30,25,4,1,3,12,84.51
2019-06-28,2,ICU,30,25,8,8,5,19,83.67
2019-06-29,2,ICU,30,17,3,7,4,13,57.01
2019-06-30,2,ICU,30,20,5,4,6,19,69.97
2019-07-01,2,ICU,30,21,4,6,5,14,71.45
2019-07-02,2,ICU,30,22,3,4,5,14,75.38
2019-07-03,2,ICU,30,22,6,6,5,20,74.42
2019-07-04,2,ICU,30,19,2,7,4,17,65.86
2019-07-05,2,ICU,30,23,2,3,4,18,77.34
2019-07-06,2,ICU,30,18,3,2,4,15,61.29
2019-07-07,2,ICU,30,20,3,4,5,13,67.26
2019-07-08,2,ICU,30,21,5,5,3,12,72.28
2019-07-09,2,ICU,30,22,3,7,4,14,75.1
2019-07-10,2,ICU,30,21,5,4,5,17,71.3
2019-07-11,2,ICU,30,20,3,4,4,13,68.82
2019-07-12,2,ICU,30,20,6,6,5,18,67.88
2019-07-13,2,ICU,30,20,4,4,5,14,67.17
2019-07-14,2,ICU,30,18,5,2,3,14,63.2
2019-07-15,2,ICU,30,20,5,1,5,14,69.14
2019-07-16,2,ICU,30,20,5,7,4,16,69.13
2019-07-17,2,ICU,30,24,4,3,6,13,81.3
2019-07-18,2,ICU,30,21,3,6,4,16,70.29
2019-07-19,2,ICU,30,23,2,5,5,17,76.96
2019-07-20,2,ICU,30,18,5,7,5,16,60.57
2019-07-21,2,ICU,30,18,4,5,3,15,61.87
2019-07-22,2,ICU,30,21,5,5,4,14,70.12
2019-07-23,2,ICU,30,19,3,4,4,17,65.71
2019-07-24,2,ICU,30,23,3,5,5,18,78.76
2019-07-25,2,ICU,30,21,5,3,5,14,71.37
2019-07-26,2,ICU,30,22,3,2,5,18,74.43
2019-07-27,2,ICU,30,16,5,3,5,15,55.06
2019-07-28,2,ICU,30,19,4,3,5,16,63.85
2019-07-29,2,ICU,30,20,5,5,4,14,67.67
2019-07-30,2,ICU,30,22,3,5,3,16,73.37
2019-07-31,2,ICU,30,21,6,7,4,16,71.77
2019-08-01,2,ICU,30,16,4,7,5,18,55.26
2019-08-02,2,ICU,30,18,4,1,3,14,60.24
2019-08-03,2,ICU,30,16,7,2,4,14,53.51
2019-08-04,2,ICU,30,14,3,4,5,12,49.44
2019-08-05,2,ICU,30,20,4,4,5,13,68.55
2019-08-06,2,ICU,30,20,5,1,4,17,66.74
2019-08-07,2,ICU,30,22,3,1,4,16,75.71
2019-08-08,2,ICU,30,20,7,2,6,12,68.67
2019-08-09,2,ICU,30,20,3,6,4,17,67.48
2019-08-10,2,ICU,30,16,5,3,7,15,54.01
2019-08-11,2,ICU,30,16,5,5,5,9,54.39
2019-08-12,2,ICU,30,19,7,5,4,16,64.67
2019-08-13,2,ICU,30,18,3,4,4,15,61.37
2019-08-14,2,ICU,30,18,5,3,5,14,62.51
2019-08-15,2,ICU,30,20,9,4,5,13,67.11
2019-08-16,2,ICU,30,21,4,1,4,17,70.48
2019-08-17,2,ICU,30,14,3,4,5,11,47.42
2019-08-18,2,ICU,30,17,3,7,4,17,57.43
2019-08-19,2,ICU,30,20,2,8,5,16,67.5
2019-08-20,2,ICU,30,21,7,4,5,18,70.29
2019-08-21,2,ICU,30,18,9,5,2,13,62.48
2019-08-22,2,ICU,30,19,5,6,3,14,64.49
2019-08-23,2,ICU,30,19,6,4,4,17,63.48
2019-08-24,2,ICU,30,17,8,2,5,16,59.43
2019-08-25,2,ICU,30,16,6,2,3,18,55.46
2019-08-26,2,ICU,30,17,3,4,5,21,59.13
2019-08-27,2,ICU,30,21,4,3,5,17,70.02
2019-08-28,2,ICU,30,23,5,3,3,13,79.56
2019-08-29,2,ICU,30,17,8,2,6,14,58.42
2019-08-30,2,ICU,30,19,4,3,4,17,65.39
2019-08-31,2,ICU,30,12,4,6,6,13,43.03
2019-09-01,2,ICU,30,14,6,4,6,15,47.96
2019-09-02,2,ICU,30,18,5,6,4,15,62.98
2019-09-03,2,ICU,30,21,4,7,4,19,70.12
2019-09-04,2,ICU,30,17,6,3,5,15,59.11
2019-09-05,2,ICU,30,20,5,6,4,16,68.24
2019-09-06,2,ICU,30,19,0,3,4,24,63.61
2019-09-07,2,ICU,30,15,4,5,5,15,52.33
2019-09-08,2,ICU,30,13,3,3,4,15,45.59
2019-09-09,2,ICU,30,19,6,3,3,16,63.41
2019-09-10,2,ICU,30,18,4,4,4,15,62.29
2019-09-11,2,ICU,30,19,5,4,5,15,66.02
2019-09-12,2,ICU,30,18,6,6,3,16,62.72
2019-09-13,2,ICU,30,18,4,6,3,13,63.17
2019-09-14,2,ICU,30,15,5,3,3,14,52.23
2019-09-15,2,ICU,30,15,4,7,5,19,50.34
2019-09-16,2,ICU,30,17,1,2,4,17,59.68
2019-09-17,2,ICU,30,17,5,4,3,13,59.56
2019-09-18,2,ICU,30,22,5,9,5,17,74.06
2019-09-19,2,ICU,30,19,11,7,4,15,64.69
2019-09-20,2,ICU,30,21,1,6,3,18,71.03
2019-09-21,2,ICU,30,16,1,3,4,13,55.98
2019-09-22,2,ICU,30,11,9,8,4,14,38.03
2019-09-23,2,ICU,30,18,5,9,5,16,61.52
2019-09-24,2,ICU,30,19,4,4,6,16,66.23
2019-09-25,2,ICU,30,20,0,0,5,16,67.91
2019-09-26,2,ICU,30,19,6,4,4,18,63.82
2019-09-27,2,ICU,30,17,6,3,7,13,57.73
2019-09-28,2,ICU,30,11,4,1,4,11,36.86
2019-09-29,2,ICU,30,15,3,10,3,14,50.8
2019-09-30,2,ICU,30,18,2,8,4,14,61.2
2019-10-01,2,ICU,30,20,9,3,5,9,68.13
2019-10-02,2,ICU,30,22,3,4,5,14,75.35
2019-10-03,2,ICU,30,21,2,2,5,14,70.58
2019-10-04,2,ICU,30,20,4,4,4,13,67.09
2019-10-05,2,ICU,30,15,5,5,4,16,50.93
2019-10-06,2,ICU,30,17,2,5,4,15,58.13
2019-10-07,2,ICU,30,21,4,4,4,16,71.31
2019-10-08,2,ICU,30,21,4,3,4,16,71.34
2019-10-09,2,ICU,30,21,4,7,3,14,70.73
2019-10-10,2,ICU,30,19,2,3,5,20,65.46
2019-10-11,2,ICU,30,19,4,2,3,14,66.08
2019-10-12,2,ICU,30,16,4,4,6,13,54.27
2019-10-13,2,ICU,30,15,3,1,5,13,50.94
2019-10-14,2,ICU,30,22,3,5,4,14,76.51
2019-10-15,2,ICU,30,19,3,4,5,17,66.3
2019-10-16,2,ICU,30,19,5,5,5,17,65.29
2019-10-17,2,ICU,30,18,6,4,4,19,62.76
2019-10-18,2,ICU,30,17,4,5,5,14,57.29
2019-10-19,2,ICU,30,13,7,1,4,13,44.35
2019-10-20,2,ICU,30,14,6,6,5,15,47.89
2019-10-21,2,ICU,30,20,4,3,5,15,69.66
2019-10-22,2,ICU,30,22,9,5,5,16,74.22
2019-10-23,2,ICU,30,21,3,2,6,15,70.46
2019-10-24,2,ICU,30,20,5,6,4,13,67.85
2019-10-25,2,ICU,30,19,2,2,4,16,65.82
2019-10-26,2,ICU,30,17,3,3,4,17,58.33
2019-10-27,2,ICU,30,17,2,6,5,15,59.46
2019-10-28,2,ICU,30,19,5,6,5,15,64.6
2019-10-29,2,ICU,30,19,6,6,2,15,64.21
2019-10-30,2,ICU,30,19,5,4,6,14,66.57
2019-10-31,2,ICU,30,19,2,4,3,17,63.53
2019-11-01,2,ICU,30,20,5,4,5,17,68.59
2019-11-02,2,ICU,30,19,3,4,4,17,63.51
2019-11-03,2,ICU,30,16,2,2,6,14,55.64
2019-11-04,2,ICU,30,19,4,4,5,17,65.53
2019-11-05,2,ICU,30,19,3,3,5,18,66.18
2019-11-06,2,ICU,30,22,3,2,5,19,73.75
2019-11-07,2,ICU,30,21,8,9,4,14,70.8
2019-11-08,2,ICU,30,20,0,9,5,16,67.56
2019-11-09,2,ICU,30,14,5,3,3,12,49.95
2019-11-10,2,ICU,30,15,6,6,5,10,51.12
2019-11-11,2,ICU,30,20,9,3,5,19,68.81
2019-11-12,2,ICU,30,19,7,5,4,17,65.89
2019-11-13,2,ICU,30,21,2,3,5,18,71.97
2019-11-14,2,ICU,30,20,4,7,5,15,69.67
2019-11-15,2,ICU,30,18,3,3,3,18,62.98
2019-11-16,2,ICU,30,15,5,2,5,13,53.18
2019-11-17,2,ICU,30,19,7,7,4,15,64.98
2019-11-18,2,ICU,30,23,4,2,5,17,78.29
2019-11-19,2,ICU,30,22,6,3,4,15,75.91
2019-11-20,2,ICU,30,20,3,5,4,15,69.62
2019-11-21,2,ICU,30,20,7,4,5,13,66.82
2019-11-22,2,ICU,30,24,5,4,5,15,80.35
2019-11-23,2,ICU,30,16,5,7,4,14,56.39
2019-11-24,2,ICU,30,18,6,2,3,15,62.98
2019-11-25,2,ICU,30,18,3,7,4,15,63.02
2019-11-26,2,ICU,30,19,7,6,6,16,65.51
2019-11-27,2,ICU,30,17,6,6,5,14,59.88
2019-11-28,2,ICU,30,21,9,3,6,17,71.52
2019-11-29,2,ICU,30,22,5,4,4,15,73.81
2019-11-30,2,ICU,30,14,6,3,4,16,49.77
2019-12-01,2,ICU,30,19,4,4,4,15,64.78
2019-12-02,2,ICU,30,24,5,5,6,17,80.6
2019-12-03,2,ICU,30,26,7,2,3,14,87.37
2019-12-04,2,ICU,30,24,4,2,4,16,82.47
2019-12-05,2,ICU,30,23,3,4,4,19,77.16
2019-12-06,2,ICU,30,23,5,3,5,15,78.78
2019-12-07,2,ICU,30,20,2,5,6,15,68.16
2019-12-08,2,ICU,30,20,4,8,6,13,69.52
2019-12-09,2,ICU,30,23,6,3,4,14,77.4
2019-12-10,2,ICU,30,22,2,2,4,18,75.23
2019-12-11,2,ICU,30,24,6,6,4,15,82.04
2019-12-12,2,ICU,30,24,5,3,4,17,82.51
2019-12-13,2,ICU,30,22,7,3,6,14,75.12
2019-12-14,2,ICU,30,19,6,6,4,18,66.57
2019-12-15,2,ICU,30,17,3,2,4,15,59.81
2019-12-16,2,ICU,30,22,7,4,6,16,75.1
2019-12-17,2,ICU,30,24,2,3,5,17,81.89
2019-12-18,2,ICU,30,23,5,6,4,14,78.65
2019-12-19,2,ICU,30,25,3,5,7,23,83.88
2019-12-20,2,ICU,30,25,5,5,6,18,86.59
2019-12-21,2,ICU,30,20,6,3,5,17,67.37
2019-12-22,2,ICU,30,18,5,6,5,18,62.53
2019-12-23,2,ICU,30,27,9,6,4,17,92.07
2019-12-24,2,ICU,30,24,9,6,6,18,80.14
2019-12-25,2,ICU,30,22,2,3,3,16,75.5
2019-12-26,2,ICU,30,20,1,3,6,16,69.92
2019-12-27,2,ICU,30,25,7,6,5,17,83.66
2019-12-28,2,ICU,30,19,3,7,5,21,63.53
2019-12-29,2,ICU,30,22,5,4,7,13,75.4
2019-12-30,2,ICU,30,23,2,3,5,17,77.58
2019-12-31,2,ICU,30,25,5,5,4,20,85.46
2020-01-01,2,ICU,30,28,9,6,4,18,95.0
2020-01-02,2,ICU,30,28,3,5,5,20,95.0
2020-01-03,2,ICU,30,28,5,5,5,14,95.0
2020-01-04,2,ICU,30,27,4,6,6,15,93.17
2020-01-05,2,ICU,30,28,1,2,4,17,94.09
2020-01-06,2,ICU,30,28,0,7,6,21,95.0
2020-01-07,2,ICU,30,28,9,4,5,15,95.0
2020-01-08,2,ICU,30,28,2,7,4,18,95.0
2020-01-09,2,ICU,30,28,5,5,6,21,95.0
2020-01-10,2,ICU,30,28,4,3,5,15,95.0
2020-01-11,2,ICU,30,28,6,4,4,17,94.46
2020-01-12,2,ICU,30,27,4,4,4,19,91.03
2020-01-13,2,ICU,30,28,4,1,4,17,95.0
2020-01-14,2,ICU,30,28,6,6,6,16,95.0
2020-01-15,2,ICU,30,28,7,4,5,18,95.0
2020-01-16,2,ICU,30,28,7,5,4,18,95.0
2020-01-17,2,ICU,30,28,1,2,4,16,95.0
2020-01-18,2,ICU,30,27,3,3,3,19,90.61
2020-01-19,2,ICU,30,28,8,4,4,17,95.0
2020-01-20,2,ICU,30,28,5,4,5,17,95.0
2020-01-21,2,ICU,30,28,5,6,5,16,95.0
2020-01-22,2,ICU,30,28,10,6,4,20,95.0
2020-01-23,2,ICU,30,28,3,2,4,18,95.0
2020-01-24,2,ICU,30,28,7,4,2,19,95.0
2020-01-25,2,ICU,30,27,6,2,6,18,93.15
2020-01-26,2,ICU,30,26,5,2,1,19,87.9
2020-01-27,2,ICU,30,28,3,1,5,13,95.0
2020-01-28,2,ICU,30,28,8,3,5,18,95.0
2020-01-29,2,ICU,30,28,5,6,6,14,95.0
2020-01-30,2,ICU,30,28,6,7,4,20,95.0
2020-01-31,2,ICU,30,28,3,6,5,14,95.0
2020-02-01,2,ICU,30,28,7,4,5,18,95.0
2020-02-02,2,ICU,30,28,4,5,6,20,95.0
2020-02-03,2,ICU,30,28,7,7,5,16,95.0
2020-02-04,2,ICU,30,28,4,2,5,15,95.0
2020-02-05,2,ICU,30,28,3,2,5,16,95.0
2020-02-06,2,ICU,30,28,7,2,5,18,95.0
2020-02-07,2,ICU,30,28,4,3,5,19,95.0
2020-02-08,2,ICU,30,28,5,6,5,21,95.0
2020-02-09,2,ICU,30,28,0,10,4,15,95.0
2020-02-10,2,ICU,30,28,1,3,4,17,95.0
2020-02-11,2,ICU,30,28,9,5,5,16,95.0
2020-02-12,2,ICU,30,28,4,3,4,18,95.0
2020-02-13,2,ICU,30,28,3,4,5,17,95.0
2020-02-14,2,ICU,30,28,3,3,3,15,95.0
2020-02-15,2,ICU,30,27,6,4,3,20,92.54
2020-02-16,2,ICU,30,28,4,4,5,16,95.0
2020-02-17,2,ICU,30,28,5,6,1,18,95.0
2020-02-18,2,ICU,30,28,6,3,4,17,95.0
2020-02-19,2,ICU,30,28,4,3,5,20,95.0
2020-02-20,2,ICU,30,28,6,4,5,17,95.0
2020-02-21,2,ICU,30,28,1,4,6,19,95.0
2020-02-22,2,ICU,30,28,11,5,5,17,95.0
2020-02-23,2,ICU,30,28,10,7,4,18,95.0
2020-02-24,2,ICU,30,28,5,7,5,17,95.0
2020-02-25,2,ICU,30,28,4,4,3,18,95.0
2020-02-26,2,ICU,30,28,4,5,4,15,95.0
2020-02-27,2,ICU,30,28,7,6,4,19,95.0
2020-02-28,2,ICU,30,28,11,2,5,19,95.0
2020-02-29,2,ICU,30,28,4,6,4,17,95.0
2020-03-01,2,ICU,30,28,7,2,4,15,95.0
2020-03-02,2,ICU,30,28,3,7,4,15,95.0
2020-03-03,2,ICU,30,28,4,4,5,18,95.0
2020-03-04,2,ICU,30,28,5,7,5,16,95.0
2020-03-05,2,ICU,30,28,5,2,4,15,95.0
2020-03-06,2,ICU,30,28,3,3,4,15,95.0
2020-03-07,2,ICU,30,28,4,1,4,18,95.0
2020-03-08,2,ICU,30,28,1,3,6,18,93.7
2020-03-09,2,ICU,30,28,4,3,4,19,95.0
2020-03-10,2,ICU,30,28,3,12,5,17,95.0
2020-03-11,2,ICU,30,28,2,3,3,14,95.0
2020-03-12,2,ICU,30,28,7,4,4,20,95.0
2020-03-13,2,ICU,30,28,4,8,5,20,95.0
2020-03-14,2,ICU,30,28,3,6,5,16,93.89
2020-03-15,2,ICU,30,28,1,8,5,13,95.0
2020-03-16,2,ICU,30,28,2,3,5,15,95.0
2020-03-17,2,ICU,30,28,5,10,4,18,95.0
2020-03-18,2,ICU,30,28,2,5,4,16,95.0
2020-03-19,2,ICU,30,28,5,5,4,15,95.0
2020-03-20,2,ICU,30,28,3,6,3,21,95.0
2020-03-21,2,ICU,30,28,3,7,5,14,95.0
2020-03-22,2,ICU,30,27,8,1,5,15,93.23
2020-03-23,2,ICU,30,28,3,5,4,15,95.0
2020-03-24,2,ICU,30,28,4,7,5,18,95.0
2020-03-25,2,ICU,30,28,8,6,5,20,95.0
2020-03-26,2,ICU,30,28,7,8,4,18,95.0
2020-03-27,2,ICU,30,28,7,6,6,19,95.0
2020-03-28,2,ICU,30,28,3,3,6,15,94.87
2020-03-29,2,ICU,30,28,7,6,6,14,95.0
2020-03-30,2,ICU,30,28,4,3,3,20,95.0
2020-03-31,2,ICU,30,28,6,3,6,17,95.0
2020-04-01,2,ICU,30,28,5,4,4,19,95.0
2020-04-02,2,ICU,30,28,6,2,5,20,95.0
2020-04-03,2,ICU,30,28,5,3,4,19,95.0
2020-04-04,2,ICU,30,28,4,3,7,16,95.0
2020-04-05,2,ICU,30,26,4,3,5,15,89.98
2020-04-06,2,ICU,30,28,8,5,4,17,95.0
2020-04-07,2,ICU,30,28,1,10,4,19,95.0
2020-04-08,2,ICU,30,28,7,6,5,19,95.0
2020-04-09,2,ICU,30,28,5,5,5,18,95.0
2020-04-10,2,ICU,30,28,2,7,4,16,95.0
2020-04-11,2,ICU,30,28,2,3,4,17,95.0
2020-04-12,2,ICU,30,28,8,5,4,16,95.0
2020-04-13,2,ICU,30,28,2,2,5,21,95.0
2020-04-14,2,ICU,30,28,2,4,5,16,95.0
2020-04-15,2,ICU,30,28,3,2,4,12,95.0
2020-04-16,2,ICU,30,28,6,3,4,19,95.0
2020-04-17,2,ICU,30,28,6,3,4,17,95.0
2020-04-18,2,ICU,30,28,5,6,5,20,95.0
2020-04-19,2,ICU,30,28,4,7,5,18,95.0
2020-04-20,2,ICU,30,28,4,5,6,13,95.0
2020-04-21,2,ICU,30,28,3,3,5,15,95.0
2020-04-22,2,ICU,30,28,6,4,5,14,95.0
2020-04-23,2,ICU,30,28,4,6,4,19,95.0
2020-04-24,2,ICU,30,28,3,4,5,19,95.0
2020-04-25,2,ICU,30,28,5,3,6,20,95.0
2020-04-26,2,ICU,30,27,2,3,3,17,92.69
2020-04-27,2,ICU,30,28,5,4,3,18,95.0
2020-04-28,2,ICU,30,28,4,4,4,17,95.0
2020-04-29,2,ICU,30,28,5,3,5,16,95.0
2020-04-30,2,ICU,30,28,4,2,6,21,95.0
2020-05-01,2,ICU,30,28,6,3,5,18,95.0
2020-05-02,2,ICU,30,27,3,4,6,14,92.14
2020-05-03,2,ICU,30,26,6,4,4,18,89.49
2020-05-04,2,ICU,30,28,4,8,4,19,95.0
2020-05-05,2,ICU,30,28,2,1,3,19,95.0
2020-05-06,2,ICU,30,28,3,1,4,22,95.0
2020-05-07,2,ICU,30,28,3,2,4,18,95.0
2020-05-08,2,ICU,30,28,3,2,5,18,95.0
2020-05-09,2,ICU,30,28,2,4,4,18,94.27
2020-05-10,2,ICU,30,28,4,7,6,19,93.56
2020-05-11,2,ICU,30,28,2,2,5,14,95.0
2020-05-12,2,ICU,30,28,5,4,4,16,95.0
2020-05-13,2,ICU,30,28,1,4,5,19,95.0
2020-05-14,2,ICU,30,28,7,5,3,16,95.0
2020-05-15,2,ICU,30,28,5,5,2,12,95.0
2020-05-16,2,ICU,30,27,3,3,5,18,90.37
2020-05-17,2,ICU,30,25,3,1,4,15,86.07
2020-05-18,2,ICU,30,28,5,1,2,15,95.0
2020-05-19,2,ICU,30,28,2,4,4,19,95.0
2020-05-20,2,ICU,30,28,6,9,5,17,95.0
2020-05-21,2,ICU,30,28,3,4,4,17,95.0
2020-05-22,2,ICU,30,28,5,3,5,15,95.0
2020-05-23,2,ICU,30,26,2,4,5,19,89.74
2020-05-24,2,ICU,30,26,6,3,3,16,89.41
2020-05-25,2,ICU,30,28,6,7,5,20,95.0
2020-05-26,2,ICU,30,28,3,5,6,22,95.0
2020-05-27,2,ICU,30,28,2,4,5,19,95.0
2020-05-28,2,ICU,30,28,4,5,5,13,95.0
2020-05-29,2,ICU,30,28,3,4,4,16,95.0
2020-05-30,2,ICU,30,27,2,8,4,16,90.97
2020-05-31,2,ICU,30,28,7,4,4,15,95.0
2020-06-01,2,ICU,30,28,8,3,5,19,95.0
2020-06-02,2,ICU,30,28,6,5,5,18,93.82
2020-06-03,2,ICU,30,28,3,4,4,15,95.0
2020-06-04,2,ICU,30,28,3,4,3,13,95.0
2020-06-05,2,ICU,30,28,3,5,6,17,95.0
2020-06-06,2,ICU,30,28,2,2,7,18,94.22
2020-06-07,2,ICU,30,22,10,5,4,17,73.89
2020-06-08,2,ICU,30,28,3,4,4,18,95.0
2020-06-09,2,ICU,30,28,3,3,5,18,95.0
2020-06-10,2,ICU,30,28,5,4,5,16,95.0
2020-06-11,2,ICU,30,28,4,6,5,18,95.0
2020-06-12,2,ICU,30,28,7,3,5,18,95.0
2020-06-13,2,ICU,30,22,3,5,3,14,76.37
2020-06-14,2,ICU,30,25,4,1,3,14,84.05
2020-06-15,2,ICU,30,28,3,4,4,19,95.0
2020-06-16,2,ICU,30,28,2,1,4,17,95.0
2020-06-17,2,ICU,30,28,4,5,3,16,95.0
2020-06-18,2,ICU,30,27,4,3,5,15,91.94
2020-06-19,2,ICU,30,28,5,3,4,16,95.0
2020-06-20,2,ICU,30,26,3,3,4,15,88.09
2020-06-21,2,ICU,30,24,6,1,5,16,81.42
2020-06-22,2,ICU,30,28,1,3,4,19,95.0
2020-06-23,2,ICU,30,28,6,5,4,15,95.0
2020-06-24,2,ICU,30,28,4,5,5,19,95.0
2020-06-25,2,ICU,30,28,3,5,3,19,95.0
2020-06-26,2,ICU,30,28,4,4,4,13,95.0
2020-06-27,2,ICU,30,24,5,5,5,18,81.89
2020-06-28,2,ICU,30,23,4,3,5,19,79.49
2020-06-29,2,ICU,30,28,7,3,5,18,95.0
2020-06-30,2,ICU,30,28,7,5,4,20,95.0
2020-07-01,2,ICU,30,26,6,4,3,14,89.67
2020-07-02,2,ICU,30,28,5,7,4,21,95.0
2020-07-03,2,ICU,30,27,3,4,4,16,92.02
2020-07-04,2,ICU,30,23,4,4,4,18,78.75
2020-07-05,2,ICU,30,24,3,6,5,13,81.91
2020-07-06,2,ICU,30,27,10,5,4,17,93.21
2020-07-07,2,ICU,30,26,4,5,5,18,88.48
2020-07-08,2,ICU,30,28,8,8,4,19,93.51
2020-07-09,2,ICU,30,27,4,2,5,16,91.01
2020-07-10,2,ICU,30,26,3,3,5,17,88.53
2020-07-11,2,ICU,30,22,5,4,4,14,74.53
2020-07-12,2,ICU,30,22,4,6,6,17,74.73
2020-07-13,2,ICU,30,26,4,4,4,21,87.59
2020-07-14,2,ICU,30,28,4,5,6,17,95.0
2020-07-15,2,ICU,30,28,1,3,4,18,93.79
2020-07-16,2,ICU,30,28,4,2,4,18,95.0
2020-07-17,2,ICU,30,27,3,3,3,17,91.56
2020-07-18,2,ICU,30,20,5,2,3,15,69.41
2020-07-19,2,ICU,30,23,2,2,5,17,78.86
2020-07-20,2,ICU,30,26,4,1,4,17,87.97
2020-07-21,2,ICU,30,27,10,4,5,15,92.39
2020-07-22,2,ICU,30,25,3,5,4,16,84.1
2020-07-23,2,ICU,30,28,3,2,4,15,95.0
2020-07-24,2,ICU,30,26,3,2,7,17,87.25
2020-07-25,2,ICU,30,22,2,6,4,19,75.11
2020-07-26,2,ICU,30,20,4,1,4,14,66.76
2020-07-27,2,ICU,30,28,6,5,4,16,95.0
2020-07-28,2,ICU,30,26,4,6,6,15,88.49
2020-07-29,2,ICU,30,23,3,8,3,16,78.01
2020-07-30,2,ICU,30,28,3,4,5,21,95.0
2020-07-31,2,ICU,30,26,4,5,3,18,88.05
2020-08-01,2,ICU,30,20,3,1,4,16,67.56
2020-08-02,2,ICU,30,19,7,1,6,17,66.17
2020-08-03,2,ICU,30,24,3,8,4,18,81.89
2020-08-04,2,ICU,30,24,4,2,6,20,80.63
2020-08-05,2,ICU,30,26,6,5,4,18,87.54
2020-08-06,2,ICU,30,25,4,2,4,17,84.57
2020-08-07,2,ICU,30,28,2,2,4,21,94.83
2020-08-08,2,ICU,30,21,7,1,4,16,70.55
2020-08-09,2,ICU,30,19,2,1,3,17,64.28
2020-08-10,2,ICU,30,24,4,3,5,13,83.06
2020-08-11,2,ICU,30,27,5,8,4,16,90.41
2020-08-12,2,ICU,30,24,3,5,6,17,82.64
2020-08-13,2,ICU,30,23,2,5,6,17,79.61
2020-08-14,2,ICU,30,25,9,6,5,18,84.61
2020-08-15,2,ICU,30,21,3,3,4,16,72.43
2020-08-16,2,ICU,30,22,9,4,5,16,74.45
2020-08-17,2,ICU,30,26,5,2,3,21,86.72
2020-08-18,2,ICU,30,28,4,6,3,14,95.0
2020-08-19,2,ICU,30,26,2,2,6,19,87.44
2020-08-20,2,ICU,30,25,3,4,4,19,85.34
2020-08-21,2,ICU,30,26,6,4,6,20,89.68
2020-08-22,2,ICU,30,23,3,5,4,17,78.57
2020-08-23,2,ICU,30,20,11,7,4,18,67.65
2020-08-24,2,ICU,30,28,5,7,4,17,95.0
2020-08-25,2,ICU,30,24,8,5,3,19,80.96
2020-08-26,2,ICU,30,25,4,2,5,17,84.4
2020-08-27,2,ICU,30,24,4,2,5,14,81.5
2020-08-28,2,ICU,30,25,5,9,5,15,84.61
2020-08-29,2,ICU,30,19,7,5,6,14,66.46
2020-08-30,2,ICU,30,21,0,5,3,15,71.23
2020-08-31,2,ICU,30,26,5,8,6,20,87.97
2020-09-01,2,ICU,30,25,3,5,3,20,84.23
2020-09-02,2,ICU,30,27,4,2,2,18,90.19
2020-09-03,2,ICU,30,24,6,6,6,19,82.36
2020-09-04,2,ICU,30,23,6,6,3,16,79.35
2020-09-05,2,ICU,30,20,5,3,3,12,67.07
2020-09-06,2,ICU,30,21,8,9,3,18,71.04
2020-09-07,2,ICU,30,24,3,5,5,16,83.17
2020-09-08,2,ICU,30,21,4,6,4,18,72.22
2020-09-09,2,ICU,30,28,1,9,6,19,93.87
2020-09-10,2,ICU,30,25,7,6,5,14,83.66
2020-09-11,2,ICU,30,26,4,2,4,20,86.99
2020-09-12,2,ICU,30,19,3,6,4,15,65.81
2020-09-13,2,ICU,30,22,4,4,3,14,75.71
2020-09-14,2,ICU,30,24,3,3,5,17,82.94
2020-09-15,2,ICU,30,27,3,4,4,15,91.38
2020-09-16,2,ICU,30,26,4,2,4,15,87.47
2020-09-17,2,ICU,30,25,6,4,6,16,84.67
2020-09-18,2,ICU,30,24,1,6,5,18,80.17
2020-09-19,2,ICU,30,20,2,5,4,16,67.78
2020-09-20,2,ICU,30,22,3,7,4,15,75.28
2020-09-21,2,ICU,30,25,5,1,7,16,83.35
2020-09-22,2,ICU,30,26,8,6,6,16,87.55
2020-09-23,2,ICU,30,26,5,2,7,19,87.63
2020-09-24,2,ICU,30,26,3,3,5,21,88.02
2020-09-25,2,ICU,30,27,7,4,3,19,93.06
2020-09-26,2,ICU,30,18,1,3,5,13,63.31
2020-09-27,2,ICU,30,19,4,4,5,13,65.5
2020-09-28,2,ICU,30,24,5,5,5,18,81.44
2020-09-29,2,ICU,30,26,6,0,4,15,87.68
2020-09-30,2,ICU,30,24,3,1,5,19,81.69
2020-10-01,2,ICU,30,24,3,5,4,15,83.14
2020-10-02,2,ICU,30,23,7,4,4,18,79.06
2020-10-03,2,ICU,30,21,6,4,4,15,72.38
2020-10-04,2,ICU,30,24,4,2,5,16,81.33
2020-10-05,2,ICU,30,26,3,3,4,16,88.07
2020-10-06,2,ICU,30,24,4,6,5,18,80.16
2020-10-07,2,ICU,30,27,4,7,4,17,90.74
2020-10-08,2,ICU,30,23,12,4,5,11,77.75
2020-10-09,2,ICU,30,24,4,5,5,15,80.63
2020-10-10,2,ICU,30,23,4,2,4,15,79.87
2020-10-11,2,ICU,30,21,2,4,5,15,71.87
2020-10-12,2,ICU,30,25,2,4,5,16,84.33
2020-10-13,2,ICU,30,26,6,3,5,15,86.81
2020-10-14,2,ICU,30,26,2,2,4,19,89.44
2020-10-15,2,ICU,30,26,1,4,5,18,88.63
2020-10-16,2,ICU,30,23,7,5,2,15,79.33
2020-10-17,2,ICU,30,21,1,4,2,20,72.14
2020-10-18,2,ICU,30,22,5,4,4,15,73.66
2020-10-19,2,ICU,30,24,5,1,5,17,81.81
2020-10-20,2,ICU,30,27,3,5,5,19,91.05
2020-10-21,2,ICU,30,24,3,8,5,15,80.3
2020-10-22,2,ICU,30,25,6,7,4,16,84.74
2020-10-23,2,ICU,30,27,1,7,4,14,90.1
2020-10-24,2,ICU,30,22,6,6,5,17,73.88
2020-10-25,2,ICU,30,18,5,6,4,16,62.32
2020-10-26,2,ICU,30,24,4,3,6,15,80.85
2020-10-27,2,ICU,30,28,1,5,4,17,95.0
2020-10-28,2,ICU,30,26,9,3,2,18,88.68
2020-10-29,2,ICU,30,28,5,3,3,18,93.74
2020-10-30,2,ICU,30,26,4,5,5,17,88.75
2020-10-31,2,ICU,30,20,7,7,6,14,69.48
2020-11-01,2,ICU,30,21,2,3,4,20,73.33
2020-11-02,2,ICU,30,25,8,5,3,18,86.18
2020-11-03,2,ICU,30,28,6,3,5,18,93.79
2020-11-04,2,ICU,30,26,5,4,6,21,89.43
2020-11-05,2,ICU,30,27,2,4,4,19,90.72
2020-11-06,2,ICU,30,26,4,3,4,16,87.83
2020-11-07,2,ICU,30,22,6,6,4,16,75.16
2020-11-08,2,ICU,30,22,7,3,3,14,74.28
2020-11-09,2,ICU,30,26,6,0,3,17,88.81
2020-11-10,2,ICU,30,28,6,5,4,15,95.0
2020-11-11,2,ICU,30,27,7,4,4,15,91.36
2020-11-12,2,ICU,30,28,4,7,5,13,95.0
2020-11-13,2,ICU,30,28,4,2,6,15,93.43
2020-11-14,2,ICU,30,27,2,6,5,16,91.63
2020-11-15,2,ICU,30,23,4,7,6,21,78.05
2020-11-16,2,ICU,30,27,2,4,4,18,90.36
2020-11-17,2,ICU,30,27,8,5,3,17,92.02
2020-11-18,2,ICU,30,26,4,4,4,19,88.93
2020-11-19,2,ICU,30,28,1,7,4,16,93.63
2020-11-20,2,ICU,30,25,4,8,3,17,83.75
2020-11-21,2,ICU,30,22,8,5,5,17,74.11
2020-11-22,2,ICU,30,25,5,5,4,13,84.31
2020-11-23,2,ICU,30,27,5,4,3,19,92.34
2020-11-24,2,ICU,30,28,7,5,4,16,95.0
2020-11-25,2,ICU,30,28,5,4,6,14,95.0
2020-11-26,2,ICU,30,27,3,4,7,18,92.54
2020-11-27,2,ICU,30,28,4,4,4,20,95.0
2020-11-28,2,ICU,30,24,3,4,3,15,80.37
2020-11-29,2,ICU,30,22,2,7,4,15,75.99
2020-11-30,2,ICU,30,25,7,3,5,17,84.22
2020-12-01,2,ICU,30,28,3,2,4,17,95.0
2020-12-02,2,ICU,30,28,7,4,5,19,95.0
2020-12-03,2,ICU,30,28,2,5,3,20,95.0
2020-12-04,2,ICU,30,28,5,3,4,20,95.0
2020-12-05,2,ICU,30,26,6,4,4,12,88.56
2020-12-06,2,ICU,30,26,4,6,4,15,89.45
2020-12-07,2,ICU,30,28,6,6,7,22,95.0
2020-12-08,2,ICU,30,28,3,7,2,14,95.0
2020-12-09,2,ICU,30,28,1,5,4,20,95.0
2020-12-10,2,ICU,30,28,3,6,4,18,95.0
2020-12-11,2,ICU,30,26,7,3,6,16,89.29
2020-12-12,2,ICU,30,25,6,7,3,17,85.33
2020-12-13,2,ICU,30,26,7,6,3,14,86.75
2020-12-14,2,ICU,30,28,5,4,4,18,95.0
2020-12-15,2,ICU,30,28,0,3,6,17,95.0
2020-12-16,2,ICU,30,28,7,4,3,15,95.0
2020-12-17,2,ICU,30,28,3,4,4,15,95.0
2020-12-18,2,ICU,30,28,4,4,6,19,94.59
2020-12-19,2,ICU,30,26,4,4,5,15,88.44
2020-12-20,2,ICU,30,23,4,7,4,14,78.98
2020-12-21,2,ICU,30,28,7,3,5,14,95.0
2020-12-22,2,ICU,30,26,5,6,4,17,89.95
2020-12-23,2,ICU,30,26,6,3,5,18,87.07
2020-12-24,2,ICU,30,28,9,8,5,17,95.0
2020-12-25,2,ICU,30,28,4,5,4,17,95.0
2020-12-26,2,ICU,30,24,6,3,4,16,82.86
2020-12-27,2,ICU,30,26,5,4,5,17,88.62
2020-12-28,2,ICU,30,28,0,4,4,19,95.0
2020-12-29,2,ICU,30,28,3,3,4,17,95.0
2020-12-30,2,ICU,30,27,7,3,4,15,91.14
2020-12-31,2,ICU,30,26,5,1,4,17,89.96
2021-01-01,2,ICU,30,28,1,1,4,16,95.0
2021-01-02,2,ICU,30,27,4,1,6,15,91.76
2021-01-03,2,ICU,30,28,3,3,5,19,95.0
2021-01-04,2,ICU,30,28,3,5,6,18,95.0
2021-01-05,2,ICU,30,28,6,5,4,19,95.0
2021-01-06,2,ICU,30,28,3,5,5,16,95.0
2021-01-07,2,ICU,30,28,3,1,5,17,95.0
2021-01-08,2,ICU,30,28,3,10,6,13,95.0
2021-01-09,2,ICU,30,25,4,2,3,13,86.38
2021-01-10,2,ICU,30,28,3,4,4,16,95.0
2021-01-11,2,ICU,30,28,8,5,3,19,95.0
2021-01-12,2,ICU,30,28,0,2,4,19,95.0
2021-01-13,2,ICU,30,28,4,6,6,15,95.0
2021-01-14,2,ICU,30,28,5,5,7,17,95.0
2021-01-15,2,ICU,30,28,7,8,6,16,95.0
2021-01-16,2,ICU,30,26,4,3,5,20,89.91
2021-01-17,2,ICU,30,28,3,5,4,19,95.0
2021-01-18,2,ICU,30,28,7,5,3,18,95.0
2021-01-19,2,ICU,30,28,4,4,5,19,95.0
2021-01-20,2,ICU,30,28,2,5,5,21,95.0
2021-01-21,2,ICU,30,28,1,5,4,16,95.0
2021-01-22,2,ICU,30,28,3,7,4,16,95.0
2021-01-23,2,ICU,30,28,9,3,4,16,93.6
2021-01-24,2,ICU,30,28,5,3,4,17,95.0
2021-01-25,2,ICU,30,28,6,3,5,19,95.0
2021-01-26,2,ICU,30,28,1,1,5,19,95.0
2021-01-27,2,ICU,30,28,1,5,5,16,95.0
2021-01-28,2,ICU,30,28,2,2,5,16,95.0
2021-01-29,2,ICU,30,28,5,3,5,15,95.0
2021-01-30,2,ICU,30,26,3,5,3,16,87.05
2021-01-31,2,ICU,30,28,2,3,6,16,93.68
2021-02-01,2,ICU,30,28,3,4,4,19,95.0
2021-02-02,2,ICU,30,28,4,5,6,21,95.0
2021-02-03,2,ICU,30,28,3,5,3,19,95.0
2021-02-04,2,ICU,30,28,2,3,4,17,95.0
2021-02-05,2,ICU,30,28,4,1,5,19,95.0
2021-02-06,2,ICU,30,28,5,6,6,15,95.0
2021-02-07,2,ICU,30,28,5,6,5,15,95.0
2021-02-08,2,ICU,30,28,6,3,4,20,95.0
2021-02-09,2,ICU,30,28,8,4,5,17,95.0
2021-02-10,2,ICU,30,28,3,4,7,18,95.0
2021-02-11,2,ICU,30,28,4,7,4,17,95.0
2021-02-12,2,ICU,30,28,5,6,5,14,95.0
2021-02-13,2,ICU,30,28,3,2,2,15,95.0
2021-02-14,2,ICU,30,28,4,5,4,15,95.0
2021-02-15,2,ICU,30,28,3,2,5,21,95.0
2021-02-16,2,ICU,30,28,5,4,4,21,95.0
2021-02-17,2,ICU,30,28,3,6,7,19,95.0
2021-02-18,2,ICU,30,28,2,1,6,19,95.0
2021-02-19,2,ICU,30,28,2,4,4,17,95.0
2021-02-20,2,ICU,30,28,6,5,4,20,95.0
2021-02-21,2,ICU,30,27,4,5,5,16,91.63
2021-02-22,2,ICU,30,28,5,4,4,15,95.0
2021-02-23,2,ICU,30,28,4,1,5,19,95.0
2021-02-24,2,ICU,30,28,7,2,4,16,95.0
2021-02-25,2,ICU,30,28,4,5,4,19,95.0
2021-02-26,2,ICU,30,28,6,5,4,19,95.0
2021-02-27,2,ICU,30,28,3,4,5,18,95.0
2021-02-28,2,ICU,30,28,3,7,3,15,95.0
2021-03-01,2,ICU,30,28,3,1,4,15,95.0
2021-03-02,2,ICU,30,28,2,1,5,18,95.0
2021-03-03,2,ICU,30,28,7,10,4,20,95.0
2021-03-04,2,ICU,30,28,5,1,5,17,95.0
2021-03-05,2,ICU,30,28,5,7,5,19,95.0
2021-03-06,2,ICU,30,28,5,3,5,12,95.0
2021-03-07,2,ICU,30,28,4,5,5,17,95.0
2021-03-08,2,ICU,30,28,6,3,7,19,95.0
2021-03-09,2,ICU,30,28,3,6,6,15,95.0
2021-03-10,2,ICU,30,28,2,6,4,17,95.0
2021-03-11,2,ICU,30,28,4,3,4,19,95.0
2021-03-12,2,ICU,30,28,8,1,3,16,95.0
2021-03-13,2,ICU,30,28,6,8,5,14,95.0
2021-03-14,2,ICU,30,27,3,4,4,14,90.92
2021-03-15,2,ICU,30,28,4,6,4,17,95.0
2021-03-16,2,ICU,30,28,5,13,6,16,95.0
2021-03-17,2,ICU,30,28,9,5,4,16,95.0
2021-03-18,2,ICU,30,28,2,5,6,19,95.0
2021-03-19,2,ICU,30,28,8,4,6,19,95.0
2021-03-20,2,ICU,30,28,4,6,5,18,95.0
2021-03-21,2,ICU,30,26,3,5,5,17,89.37
2021-03-22,2,ICU,30,28,6,8,5,20,95.0
2021-03-23,2,ICU,30,28,11,1,1,19,95.0
2021-03-24,2,ICU,30,28,8,8,6,16,95.0
2021-03-25,2,ICU,30,28,4,4,3,16,95.0
2021-03-26,2,ICU,30,28,5,5,5,16,95.0
2021-03-27,2,ICU,30,28,5,3,4,18,95.0
2021-03-28,2,ICU,30,28,6,1,5,19,95.0
2021-03-29,2,ICU,30,28,3,3,5,17,95.0
2021-03-30,2,ICU,30,28,3,4,6,16,95.0
2021-03-31,2,ICU,30,28,3,5,4,17,95.0
2021-04-01,2,ICU,30,28,10,5,4,18,95.0
2021-04-02,2,ICU,30,28,6,4,6,16,95.0
2021-04-03,2,ICU,30,28,7,7,7,15,95.0
2021-04-04,2,ICU,30,28,2,1,4,16,95.0
2021-04-05,2,ICU,30,28,5,3,3,17,95.0
2021-04-06,2,ICU,30,28,5,2,3,17,95.0
2021-04-07,2,ICU,30,28,3,2,4,15,95.0
2021-04-08,2,ICU,30,28,4,4,6,14,95.0
2021-04-09,2,ICU,30,28,5,4,5,16,95.0
2021-04-10,2,ICU,30,28,4,4,5,17,95.0
2021-04-11,2,ICU,30,28,5,7,5,19,95.0
2021-04-12,2,ICU,30,28,4,4,5,19,95.0
2021-04-13,2,ICU,30,28,4,3,6,19,95.0
2021-04-14,2,ICU,30,28,3,4,5,17,95.0
2021-04-15,2,ICU,30,28,5,8,5,18,95.0
2021-04-16,2,ICU,30,28,3,7,5,21,95.0
2021-04-17,2,ICU,30,27,1,1,3,18,91.53
2021-04-18,2,ICU,30,28,4,6,3,19,95.0
2021-04-19,2,ICU,30,28,3,1,4,21,95.0
2021-04-20,2,ICU,30,28,3,5,5,18,95.0
2021-04-21,2,ICU,30,28,5,2,4,17,95.0
2021-04-22,2,ICU,30,28,4,4,5,17,95.0
2021-04-23,2,ICU,30,28,3,5,5,22,95.0
2021-04-24,2,ICU,30,28,2,6,4,15,95.0
2021-04-25,2,ICU,30,28,5,4,2,20,95.0
2021-04-26,2,ICU,30,28,7,3,6,14,95.0
2021-04-27,2,ICU,30,28,2,3,3,17,95.0
2021-04-28,2,ICU,30,28,4,5,5,15,95.0
2021-04-29,2,ICU,30,28,8,4,4,17,95.0
2021-04-30,2,ICU,30,28,8,6,5,19,95.0
2021-05-01,2,ICU,30,27,8,3,4,15,91.62
2021-05-02,2,ICU,30,28,2,5,5,18,94.92
2021-05-03,2,ICU,30,28,2,6,4,15,95.0
2021-05-04,2,ICU,30,28,8,4,4,16,95.0
2021-05-05,2,ICU,30,28,7,1,4,16,95.0
2021-05-06,2,ICU,30,28,3,7,6,16,95.0
2021-05-07,2,ICU,30,28,3,2,4,15,95.0
2021-05-08,2,ICU,30,28,3,2,6,18,95.0
2021-05-09,2,ICU,30,28,2,1,5,19,93.42
2021-05-10,2,ICU,30,28,6,4,4,20,95.0
2021-05-11,2,ICU,30,28,8,2,4,15,95.0
2021-05-12,2,ICU,30,28,5,4,4,16,95.0
2021-05-13,2,ICU,30,28,4,8,3,14,95.0
2021-05-14,2,ICU,30,28,6,4,5,14,95.0
2021-05-15,2,ICU,30,28,5,4,3,17,95.0
2021-05-16,2,ICU,30,26,9,3,4,22,89.02
2021-05-17,2,ICU,30,28,3,4,4,20,95.0
2021-05-18,2,ICU,30,28,5,3,7,16,95.0
2021-05-19,2,ICU,30,28,5,9,4,17,95.0
2021-05-20,2,ICU,30,28,9,3,5,21,95.0
2021-05-21,2,ICU,30,28,1,5,3,16,95.0
2021-05-22,2,ICU,30,28,5,3,4,19,93.51
2021-05-23,2,ICU,30,28,6,6,5,19,95.0
2021-05-24,2,ICU,30,28,6,6,6,19,95.0
2021-05-25,2,ICU,30,28,7,5,4,19,95.0
2021-05-26,2,ICU,30,28,1,3,4,17,95.0
2021-05-27,2,ICU,30,28,4,3,4,16,95.0
2021-05-28,2,ICU,30,28,3,3,3,18,95.0
2021-05-29,2,ICU,30,26,3,4,5,14,88.4
2021-05-30,2,ICU,30,27,7,8,4,17,93.27
2021-05-31,2,ICU,30,28,3,1,4,18,95.0
2021-06-01,2,ICU,30,27,3,2,5,18,92.87
2021-06-02,2,ICU,30,28,1,3,5,13,95.0
2021-06-03,2,ICU,30,28,4,5,2,16,95.0
2021-06-04,2,ICU,30,28,5,2,8,17,95.0
2021-06-05,2,ICU,30,24,1,9,4,14,83.28
2021-06-06,2,ICU,30,24,4,3,4,17,83.14
2021-06-07,2,ICU,30,28,5,3,3,17,95.0
2021-06-08,2,ICU,30,26,8,4,4,15,89.91
2021-06-09,2,ICU,30,28,6,7,6,18,95.0
2021-06-10,2,ICU,30,28,7,3,4,17,95.0
2021-06-11,2,ICU,30,28,2,9,5,16,95.0
2021-06-12,2,ICU,30,25,3,3,3,14,84.52
2021-06-13,2,ICU,30,24,2,2,2,16,81.56
2021-06-14,2,ICU,30,28,5,7,5,15,95.0
2021-06-15,2,ICU,30,28,4,3,5,20,93.45
2021-06-16,2,ICU,30,28,4,5,4,17,95.0
2021-06-17,2,ICU,30,28,4,5,5,16,95.0
2021-06-18,2,ICU,30,28,4,5,5,17,95.0
2021-06-19,2,ICU,30,24,2,5,4,16,81.54
2021-06-20,2,ICU,30,26,3,4,4,20,87.25
2021-06-21,2,ICU,30,28,2,5,6,17,95.0
2021-06-22,2,ICU,30,28,4,3,6,17,95.0
2021-06-23,2,ICU,30,28,7,4,6,12,95.0
2021-06-24,2,ICU,30,27,5,6,3,15,93.32
2021-06-25,2,ICU,30,28,7,1,3,21,95.0
2021-06-26,2,ICU,30,23,5,5,6,11,77.79
2021-06-27,2,ICU,30,26,6,5,5,14,89.73
2021-06-28,2,ICU,30,27,9,1,4,18,92.38
2021-06-29,2,ICU,30,28,3,2,6,17,94.49
2021-06-30,2,ICU,30,28,3,9,5,18,95.0
2021-07-01,2,ICU,30,28,3,4,4,19,95.0
2021-07-02,2,ICU,30,28,3,6,4,21,95.0
2021-07-03,2,ICU,30,22,5,3,4,17,76.12
2021-07-04,2,ICU,30,20,5,5,6,16,68.89
2021-07-05,2,ICU,30,24,8,5,6,16,80.06
2021-07-06,2,ICU,30,25,5,3,3,15,83.88
2021-07-07,2,ICU,30,26,4,3,4,17,89.11
2021-07-08,2,ICU,30,28,5,5,4,20,95.0
2021-07-09,2,ICU,30,26,3,4,5,17,88.47
2021-07-10,2,ICU,30,25,4,4,5,19,86.26
2021-07-11,2,ICU,30,21,5,7,4,17,72.92
2021-07-12,2,ICU,30,26,7,3,4,21,89.05
2021-07-13,2,ICU,30,28,1,4,4,20,95.0
2021-07-14,2,ICU,30,28,5,6,5,16,95.0
2021-07-15,2,ICU,30,28,5,4,5,16,95.0
2021-07-16,2,ICU,30,26,6,3,6,16,89.39
2021-07-17,2,ICU,30,25,12,3,5,17,83.71
2021-07-18,2,ICU,30,23,3,2,5,16,78.17
2021-07-19,2,ICU,30,25,4,2,4,18,86.06
2021-07-20,2,ICU,30,28,1,2,4,14,93.37
2021-07-21,2,ICU,30,28,7,4,6,12,95.0
2021-07-22,2,ICU,30,28,9,12,5,19,95.0
2021-07-23,2,ICU,30,28,5,3,4,18,95.0
2021-07-24,2,ICU,30,22,2,6,4,15,75.37
2021-07-25,2,ICU,30,22,6,0,4,17,75.41
2021-07-26,2,ICU,30,27,6,2,6,17,92.77
2021-07-27,2,ICU,30,26,5,5,5,18,88.49
2021-07-28,2,ICU,30,28,6,2,3,17,95.0
2021-07-29,2,ICU,30,24,4,1,2,19,83.05
2021-07-30,2,ICU,30,24,9,5,4,18,81.65
2021-07-31,2,ICU,30,23,2,3,6,17,76.93
2021-08-01,2,ICU,30,20,8,3,5,13,69.47
2021-08-02,2,ICU,30,26,5,6,5,17,89.8
2021-08-03,2,ICU,30,23,8,10,4,15,79.71
2021-08-04,2,ICU,30,28,5,6,4,16,95.0
2021-08-05,2,ICU,30,28,5,5,3,21,93.48
2021-08-06,2,ICU,30,26,7,4,4,17,87.88
2021-08-07,2,ICU,30,20,3,2,5,16,67.22
2021-08-08,2,ICU,30,21,5,3,4,13,71.88
2021-08-09,2,ICU,30,26,7,4,4,18,87.08
2021-08-10,2,ICU,30,24,6,6,3,14,82.17
2021-08-11,2,ICU,30,28,2,2,7,18,94.31
2021-08-12,2,ICU,30,25,5,4,4,14,84.66
2021-08-13,2,ICU,30,25,2,5,6,19,86.58
2021-08-14,2,ICU,30,21,6,5,4,12,73.16
2021-08-15,2,ICU,30,20,5,6,4,16,69.87
2021-08-16,2,ICU,30,24,6,3,5,16,81.02
2021-08-17,2,ICU,30,25,5,7,4,19,83.77
2021-08-18,2,ICU,30,23,3,2,4,18,78.78
2021-08-19,2,ICU,30,26,6,8,3,16,89.57
2021-08-20,2,ICU,30,24,3,7,3,13,80.68
2021-08-21,2,ICU,30,18,3,6,4,12,62.0
2021-08-22,2,ICU,30,23,8,4,4,16,77.07
2021-08-23,2,ICU,30,23,4,4,6,17,79.96
2021-08-24,2,ICU,30,25,4,2,5,12,85.18
2021-08-25,2,ICU,30,27,9,5,2,19,91.75
2021-08-26,2,ICU,30,27,0,5,7,16,92.24
2021-08-27,2,ICU,30,27,5,3,4,14,91.63
2021-08-28,2,ICU,30,21,8,8,4,19,70.96
2021-08-29,2,ICU,30,21,4,3,5,16,70.26
2021-08-30,2,ICU,30,26,1,3,3,17,89.06
2021-08-31,2,ICU,30,23,8,4,4,15,79.45
2021-09-01,2,ICU,30,27,7,4,3,19,91.02
2021-09-02,2,ICU,30,26,4,5,5,17,89.21
2021-09-03,2,ICU,30,28,5,1,6,18,95.0
2021-09-04,2,ICU,30,20,3,6,5,16,69.27
2021-09-05,2,ICU,30,18,6,5,5,13,62.81
2021-09-06,2,ICU,30,25,2,3,6,15,86.01
2021-09-07,2,ICU,30,24,1,2,4,18,80.43
2021-09-08,2,ICU,30,26,5,4,5,15,89.43
2021-09-09,2,ICU,30,25,6,1,6,15,83.54
2021-09-10,2,ICU,30,26,7,4,4,19,89.88
2021-09-11,2,ICU,30,22,5,6,6,17,75.23
2021-09-12,2,ICU,30,21,6,2,4,14,70.56
2021-09-13,2,ICU,30,27,4,3,5,15,91.5
2021-09-14,2,ICU,30,27,3,8,7,16,93.28
2021-09-15,2,ICU,30,23,7,3,5,17,77.27
2021-09-16,2,ICU,30,27,2,5,5,18,91.02
2021-09-17,2,ICU,30,26,4,2,5,18,89.93
2021-09-18,2,ICU,30,21,4,5,6,15,72.54
2021-09-19,2,ICU,30,20,7,5,5,14,68.11
2021-09-20,2,ICU,30,24,4,5,5,16,80.41
2021-09-21,2,ICU,30,25,5,5,3,14,86.6
2021-09-22,2,ICU,30,26,3,4,4,17,87.54
2021-09-23,2,ICU,30,24,4,6,5,18,80.92
2021-09-24,2,ICU,30,27,9,5,4,17,91.05
2021-09-25,2,ICU,30,21,9,2,5,15,72.77
2021-09-26,2,ICU,30,20,3,6,7,14,67.09
2021-09-27,2,ICU,30,25,4,5,3,15,84.56
2021-09-28,2,ICU,30,26,3,5,7,16,87.0
2021-09-29,2,ICU,30,23,3,3,3,16,78.02
2021-09-30,2,ICU,30,26,5,5,6,19,89.94
2021-10-01,2,ICU,30,27,6,10,6,16,91.79
2021-10-02,2,ICU,30,21,4,1,5,14,70.65
2021-10-03,2,ICU,30,21,6,4,3,19,71.86
2021-10-04,2,ICU,30,26,5,1,4,17,87.29
2021-10-05,2,ICU,30,27,5,6,5,15,92.61
2021-10-06,2,ICU,30,27,4,4,5,18,93.32
2021-10-07,2,ICU,30,27,1,6,3,17,90.62
2021-10-08,2,ICU,30,28,1,7,3,20,94.03
2021-10-09,2,ICU,30,21,3,2,3,17,72.54
2021-10-10,2,ICU,30,21,5,6,5,14,70.8
2021-10-11,2,ICU,30,24,3,2,6,18,82.04
2021-10-12,2,ICU,30,27,9,8,5,17,90.93
2021-10-13,2,ICU,30,27,4,7,3,17,90.9
2021-10-14,2,ICU,30,24,7,7,6,17,80.38
2021-10-15,2,ICU,30,26,5,5,4,18,89.42
2021-10-16,2,ICU,30,19,2,3,6,18,65.76
2021-10-17,2,ICU,30,20,6,8,3,15,68.08
2021-10-18,2,ICU,30,26,8,3,3,16,87.0
2021-10-19,2,ICU,30,26,4,6,5,18,87.44
2021-10-20,2,ICU,30,27,4,6,4,15,90.6
2021-10-21,2,ICU,30,23,2,3,4,15,78.09
2021-10-22,2,ICU,30,28,4,4,5,18,94.96
2021-10-23,2,ICU,30,20,6,5,6,16,69.13
2021-10-24,2,ICU,30,21,4,4,6,16,72.6
2021-10-25,2,ICU,30,26,3,8,5,14,87.91
2021-10-26,2,ICU,30,27,3,5,4,16,91.82
2021-10-27,2,ICU,30,28,5,4,4,17,93.38
2021-10-28,2,ICU,30,24,4,1,3,20,82.37
2021-10-29,2,ICU,30,24,4,4,4,18,80.61
2021-10-30,2,ICU,30,20,5,8,5,16,67.52
2021-10-31,2,ICU,30,21,7,7,4,16,70.04
2021-11-01,2,ICU,30,28,3,3,4,19,95.0
2021-11-02,2,ICU,30,27,7,4,4,14,90.75
2021-11-03,2,ICU,30,26,5,9,4,19,87.31
2021-11-04,2,ICU,30,28,4,3,3,17,94.43
2021-11-05,2,ICU,30,28,5,8,5,17,95.0
2021-11-06,2,ICU,30,23,4,4,5,19,78.36
2021-11-07,2,ICU,30,22,2,6,3,21,76.4
2021-11-08,2,ICU,30,26,4,6,4,16,89.27
2021-11-09,2,ICU,30,25,8,10,5,18,85.84
2021-11-10,2,ICU,30,26,4,2,6,17,87.27
2021-11-11,2,ICU,30,26,7,6,3,16,89.12
2021-11-12,2,ICU,30,27,3,3,5,17,93.18
2021-11-13,2,ICU,30,23,5,4,4,21,79.29
2021-11-14,2,ICU,30,23,4,8,6,17,79.91
2021-11-15,2,ICU,30,25,3,3,2,16,85.05
2021-11-16,2,ICU,30,26,4,3,5,15,88.29
2021-11-17,2,ICU,30,28,6,6,3,17,95.0
2021-11-18,2,ICU,30,25,1,5,5,10,85.15
2021-11-19,2,ICU,30,26,7,4,5,17,87.85
2021-11-20,2,ICU,30,21,5,6,4,13,72.59
2021-11-21,2,ICU,30,24,2,8,5,17,82.23
2021-11-22,2,ICU,30,28,7,5,3,19,94.98
2021-11-23,2,ICU,30,28,2,1,4,17,95.0
2021-11-24,2,ICU,30,27,4,2,6,16,93.14
2021-11-25,2,ICU,30,24,2,7,4,13,82.14
2021-11-26,2,ICU,30,27,2,4,7,20,92.4
2021-11-27,2,ICU,30,24,6,5,4,17,82.45
2021-11-28,2,ICU,30,22,8,8,5,17,73.37
2021-11-29,2,ICU,30,28,9,1,5,18,95.0
2021-11-30,2,ICU,30,28,3,1,4,15,95.0
2021-12-01,2,ICU,30,28,3,4,4,17,95.0
2021-12-02,2,ICU,30,28,5,3,4,15,95.0
2021-12-03,2,ICU,30,28,2,2,4,14,95.0
2021-12-04,2,ICU,30,26,3,3,5,14,88.42
2021-12-05,2,ICU,30,25,0,2,4,19,85.04
2021-12-06,2,ICU,30,28,2,8,5,18,95.0
2021-12-07,2,ICU,30,28,5,4,5,18,95.0
2021-12-08,2,ICU,30,28,4,6,5,17,94.79
2021-12-09,2,ICU,30,28,2,1,5,17,95.0
2021-12-10,2,ICU,30,28,3,1,4,15,95.0
2021-12-11,2,ICU,30,27,6,5,5,12,91.91
2021-12-12,2,ICU,30,25,4,10,4,19,83.73
2021-12-13,2,ICU,30,28,3,6,4,16,95.0
2021-12-14,2,ICU,30,28,7,5,5,17,93.62
2021-12-15,2,ICU,30,28,6,3,4,18,95.0
2021-12-16,2,ICU,30,27,3,3,3,19,90.48
2021-12-17,2,ICU,30,28,2,5,5,18,95.0
2021-12-18,2,ICU,30,22,6,3,3,14,75.73
2021-12-19,2,ICU,30,27,5,5,3,18,91.74
2021-12-20,2,ICU,30,28,1,5,4,13,95.0
2021-12-21,2,ICU,30,28,1,7,5,19,95.0
2021-12-22,2,ICU,30,28,6,6,5,17,95.0
2021-12-23,2,ICU,30,28,4,1,4,19,95.0
2021-12-24,2,ICU,30,28,5,3,6,13,94.32
2021-12-25,2,ICU,30,26,8,2,5,19,89.93
2021-12-26,2,ICU,30,21,7,6,3,15,70.37
2021-12-27,2,ICU,30,28,2,5,6,17,95.0
2021-12-28,2,ICU,30,28,5,8,4,17,95.0
2021-12-29,2,ICU,30,28,4,4,4,16,95.0
2021-12-30,2,ICU,30,27,6,3,6,18,92.94
2021-12-31,2,ICU,30,28,5,2,4,13,95.0
2022-01-01,2,ICU,30,22,4,2,4,16,73.37
2022-01-02,2,ICU,30,24,5,4,4,17,80.35
2022-01-03,2,ICU,30,27,6,5,4,16,90.85
2022-01-04,2,ICU,30,25,8,4,5,16,85.31
2022-01-05,2,ICU,30,24,7,1,5,17,83.15
2022-01-06,2,ICU,30,25,8,2,4,14,84.13
2022-01-07,2,ICU,30,26,4,9,5,15,89.47
2022-01-08,2,ICU,30,20,2,4,4,16,68.63
2022-01-09,2,ICU,30,22,6,2,4,16,74.93
2022-01-10,2,ICU,30,26,5,4,5,18,87.91
2022-01-11,2,ICU,30,24,7,7,4,17,80.34
2022-01-12,2,ICU,30,26,6,6,5,19,88.67
2022-01-13,2,ICU,30,22,4,6,5,18,75.57
2022-01-14,2,ICU,30,25,8,3,5,13,86.25
2022-01-15,2,ICU,30,20,3,8,4,15,69.37
2022-01-16,2,ICU,30,21,3,4,6,17,71.03
2022-01-17,2,ICU,30,25,4,2,4,14,86.07
2022-01-18,2,ICU,30,24,5,3,3,17,80.74
2022-01-19,2,ICU,30,25,5,6,4,14,84.78
2022-01-20,2,ICU,30,24,4,7,4,15,80.41
2022-01-21,2,ICU,30,22,3,3,3,16,75.64
2022-01-22,2,ICU,30,22,4,7,4,14,75.29
2022-01-23,2,ICU,30,22,1,3,5,15,74.95
2022-01-24,2,ICU,30,26,3,8,5,15,87.9
2022-01-25,2,ICU,30,26,3,5,4,19,88.34
2022-01-26,2,ICU,30,25,3,6,4,17,84.87
2022-01-27,2,ICU,30,26,1,3,3,17,88.43
2022-01-28,2,ICU,30,25,7,3,3,19,86.6
2022-01-29,2,ICU,30,23,8,3,6,16,78.35
2022-01-30,2,ICU,30,22,9,4,5,17,75.6
2022-01-31,2,ICU,30,27,6,4,4,21,90.07
2022-02-01,2,ICU,30,28,3,4,3,14,95.0
2022-02-02,2,ICU,30,25,4,2,4,16,84.06
2022-02-03,2,ICU,30,27,5,3,6,17,90.36
2022-02-04,2,ICU,30,28,4,1,7,16,95.0
2022-02-05,2,ICU,30,22,3,2,4,16,73.87
2022-02-06,2,ICU,30,22,6,4,6,17,74.49
2022-02-07,2,ICU,30,28,5,8,3,16,93.89
2022-02-08,2,ICU,30,28,5,2,4,17,93.44
2022-02-09,2,ICU,30,28,5,5,4,18,95.0
2022-02-10,2,ICU,30,28,3,3,4,15,95.0
2022-02-11,2,ICU,30,27,3,2,6,17,92.68
2022-02-12,2,ICU,30,24,7,3,4,19,80.43
2022-02-13,2,ICU,30,22,3,4,4,20,73.46
2022-02-14,2,ICU,30,28,3,5,5,18,93.81
2022-02-15,2,ICU,30,25,2,5,4,16,84.73
2022-02-16,2,ICU,30,28,3,2,4,19,94.91
2022-02-17,2,ICU,30,25,1,1,3,17,85.7
2022-02-18,2,ICU,30,27,7,5,5,16,90.39
2022-02-19,2,ICU,30,23,3,6,5,17,78.48
2022-02-20,2,ICU,30,23,6,2,4,17,79.13
2022-02-21,2,ICU,30,26,3,3,3,18,87.52
2022-02-22,2,ICU,30,26,4,2,6,15,88.02
2022-02-23,2,ICU,30,26,3,5,6,18,86.99
2022-02-24,2,ICU,30,26,3,1,4,16,88.51
2022-02-25,2,ICU,30,27,6,5,4,20,92.53
2022-02-26,2,ICU,30,24,7,4,5,17,80.32
2022-02-27,2,ICU,30,24,5,6,7,15,80.51
2022-02-28,2,ICU,30,26,3,6,5,17,87.03
2022-03-01,2,ICU,30,28,4,5,5,16,95.0
2022-03-02,2,ICU,30,28,3,3,5,16,93.71
2022-03-03,2,ICU,30,28,2,4,5,15,95.0
2022-03-04,2,ICU,30,28,7,7,6,17,95.0
2022-03-05,2,ICU,30,23,6,4,3,15,77.17
2022-03-06,2,ICU,30,23,1,8,3,18,78.99
2022-03-07,2,ICU,30,28,3,4,5,15,94.25
2022-03-08,2,ICU,30,26,5,4,5,14,88.66
2022-03-09,2,ICU,30,28,7,2,6,16,95.0
2022-03-10,2,ICU,30,27,6,0,5,18,92.37
2022-03-11,2,ICU,30,28,2,2,4,19,95.0
2022-03-12,2,ICU,30,25,3,2,4,16,84.28
2022-03-13,2,ICU,30,25,3,5,5,19,84.2
2022-03-14,2,ICU,30,26,5,5,4,17,88.88
2022-03-15,2,ICU,30,28,2,9,3,20,95.0
2022-03-16,2,ICU,30,28,2,3,4,19,95.0
2022-03-17,2,ICU,30,28,8,5,7,22,94.51
2022-03-18,2,ICU,30,27,3,4,6,17,91.3
2022-03-19,2,ICU,30,23,5,3,5,21,79.19
2022-03-20,2,ICU,30,24,4,4,4,18,82.08
2022-03-21,2,ICU,30,25,6,2,3,21,86.46
2022-03-22,2,ICU,30,26,8,1,5,18,86.77
2022-03-23,2,ICU,30,28,4,4,5,20,95.0
2022-03-24,2,ICU,30,25,4,3,6,16,84.89
2022-03-25,2,ICU,30,28,2,2,5,20,93.83
2022-03-26,2,ICU,30,25,7,6,5,15,85.02
2022-03-27,2,ICU,30,23,4,1,4,19,77.23
2022-03-28,2,ICU,30,27,0,3,4,17,92.02
2022-03-29,2,ICU,30,28,8,0,5,19,95.0
2022-03-30,2,ICU,30,28,5,7,4,19,95.0
2022-03-31,2,ICU,30,28,6,2,4,19,95.0
2022-04-01,2,ICU,30,26,3,6,5,20,89.66
2022-04-02,2,ICU,30,23,5,2,4,17,77.28
2022-04-03,2,ICU,30,25,1,5,5,16,83.54
2022-04-04,2,ICU,30,28,6,10,6,18,93.83
2022-04-05,2,ICU,30,27,3,5,5,22,91.58
2022-04-06,2,ICU,30,28,7,3,6,15,93.99
2022-04-07,2,ICU,30,28,5,8,3,14,95.0
2022-04-08,2,ICU,30,27,1,6,5,18,92.64
2022-04-09,2,ICU,30,23,4,7,5,19,77.7
2022-04-10,2,ICU,30,24,8,2,4,15,82.15
2022-04-11,2,ICU,30,27,1,3,6,17,91.75
2022-04-12,2,ICU,30,28,6,2,5,17,95.0
2022-04-13,2,ICU,30,27,7,4,4,18,92.03
2022-04-14,2,ICU,30,28,5,4,3,20,95.0
2022-04-15,2,ICU,30,27,4,2,4,17,91.14
2022-04-16,2,ICU,30,23,2,2,3,16,77.31
2022-04-17,2,ICU,30,22,6,2,5,15,76.19
2022-04-18,2,ICU,30,28,4,4,3,18,95.0
2022-04-19,2,ICU,30,27,8,4,5,18,90.98
2022-04-20,2,ICU,30,27,2,7,6,20,91.53
2022-04-21,2,ICU,30,28,7,2,7,18,95.0
2022-04-22,2,ICU,30,27,5,6,4,18,92.42
2022-04-23,2,ICU,30,21,7,5,3,16,72.18
2022-04-24,2,ICU,30,20,5,5,4,19,68.21
2022-04-25,2,ICU,30,27,4,3,4,18,91.41
2022-04-26,2,ICU,30,28,3,3,4,21,93.74
2022-04-27,2,ICU,30,28,6,4,3,16,94.91
2022-04-28,2,ICU,30,28,4,5,4,19,94.27
2022-04-29,2,ICU,30,28,4,6,6,17,95.0
2022-04-30,2,ICU,30,23,8,2,5,15,78.18
2022-05-01,2,ICU,30,19,5,5,5,14,66.06
2022-05-02,2,ICU,30,26,6,5,5,18,89.64
2022-05-03,2,ICU,30,25,6,7,5,15,85.4
2022-05-04,2,ICU,30,25,6,6,4,19,84.74
2022-05-05,2,ICU,30,28,6,3,6,20,95.0
2022-05-06,2,ICU,30,27,1,4,4,20,90.72
2022-05-07,2,ICU,30,24,6,5,6,14,80.98
2022-05-08,2,ICU,30,23,2,3,3,16,77.42
2022-05-09,2,ICU,30,25,2,7,3,18,86.02
2022-05-10,2,ICU,30,25,4,5,6,20,85.49
2022-05-11,2,ICU,30,27,4,4,5,13,90.32
2022-05-12,2,ICU,30,28,4,4,3,16,94.42
2022-05-13,2,ICU,30,27,5,5,3,16,93.18
2022-05-14,2,ICU,30,24,6,0,4,17,80.12
2022-05-15,2,ICU,30,21,3,5,4,18,70.12
2022-05-16,2,ICU,30,25,1,4,5,14,83.93
2022-05-17,2,ICU,30,23,3,6,5,14,78.03
2022-05-18,2,ICU,30,26,3,8,5,16,87.87
2022-05-19,2,ICU,30,25,5,5,5,17,85.89
2022-05-20,2,ICU,30,26,6,1,4,14,88.79
2022-05-21,2,ICU,30,23,1,1,4,20,78.8
2022-05-22,2,ICU,30,27,4,7,3,15,90.2
2022-05-23,2,ICU,30,27,6,6,5,14,92.08
2022-05-24,2,ICU,30,25,8,5,4,17,85.23
2022-05-25,2,ICU,30,25,7,1,6,20,86.46
2022-05-26,2,ICU,30,26,1,4,4,14,87.06
2022-05-27,2,ICU,30,27,4,4,3,18,90.59
2022-05-28,2,ICU,30,23,5,9,5,18,78.06
2022-05-29,2,ICU,30,20,5,11,3,15,68.41
2022-05-30,2,ICU,30,26,8,3,4,18,87.54
2022-05-31,2,ICU,30,23,4,9,4,16,79.12
2022-06-01,2,ICU,30,22,6,1,4,18,76.14
2022-06-02,2,ICU,30,23,4,1,4,15,79.16
2022-06-03,2,ICU,30,24,4,8,3,15,82.62
2022-06-04,2,ICU,30,21,4,6,6,15,70.08
2022-06-05,2,ICU,30,17,8,2,5,14,59.75
2022-06-06,2,ICU,30,23,4,3,3,16,79.81
2022-06-07,2,ICU,30,23,4,2,4,19,78.92
2022-06-08,2,ICU,30,24,1,2,5,18,80.59
2022-06-09,2,ICU,30,22,6,1,4,19,73.73
2022-06-10,2,ICU,30,23,1,7,5,16,79.39
2022-06-11,2,ICU,30,20,4,5,5,16,68.5
2022-06-12,2,ICU,30,22,1,5,5,16,75.81
2022-06-13,2,ICU,30,24,5,5,5,20,82.62
2022-06-14,2,ICU,30,25,4,0,5,17,83.99
2022-06-15,2,ICU,30,23,3,5,7,18,78.75
2022-06-16,2,ICU,30,25,2,5,3,18,86.5
2022-06-17,2,ICU,30,21,4,8,3,15,72.12
2022-06-18,2,ICU,30,20,4,3,5,13,68.14
2022-06-19,2,ICU,30,20,4,4,5,15,67.81
2022-06-20,2,ICU,30,23,4,5,5,17,78.26
2022-06-21,2,ICU,30,22,2,4,6,16,75.05
2022-06-22,2,ICU,30,23,4,6,5,13,77.62
2022-06-23,2,ICU,30,25,2,5,5,17,84.42
2022-06-24,2,ICU,30,24,3,3,4,17,80.92
2022-06-25,2,ICU,30,17,3,7,4,17,59.69
2022-06-26,2,ICU,30,20,7,6,5,17,66.68
2022-06-27,2,ICU,30,24,4,6,4,17,81.95
2022-06-28,2,ICU,30,24,3,2,5,16,82.71
2022-06-29,2,ICU,30,22,4,3,4,17,76.5
2022-06-30,2,ICU,30,23,3,2,4,17,79.3
2022-07-01,2,ICU,30,21,4,3,4,15,71.84
2022-07-02,2,ICU,30,18,6,4,5,16,62.21
2022-07-03,2,ICU,30,15,7,4,4,13,51.56
2022-07-04,2,ICU,30,20,5,3,4,13,66.75
2022-07-05,2,ICU,30,20,6,6,3,17,69.99
2022-07-06,2,ICU,30,21,3,5,4,15,70.46
2022-07-07,2,ICU,30,21,3,5,5,15,70.51
2022-07-08,2,ICU,30,21,11,3,4,15,72.16
2022-07-09,2,ICU,30,16,7,4,4,13,53.49
2022-07-10,2,ICU,30,16,7,9,4,15,53.96
2022-07-11,2,ICU,30,23,7,3,5,20,77.53
2022-07-12,2,ICU,30,20,3,3,4,14,67.4
2022-07-13,2,ICU,30,22,6,2,6,19,75.33
2022-07-14,2,ICU,30,22,5,9,4,13,75.67
2022-07-15,2,ICU,30,23,2,6,5,17,77.61
2022-07-16,2,ICU,30,14,3,3,5,17,49.16
2022-07-17,2,ICU,30,15,3,4,4,12,52.79
2022-07-18,2,ICU,30,23,3,1,4,13,78.51
2022-07-19,2,ICU,30,22,7,8,6,13,74.56
2022-07-20,2,ICU,30,22,10,4,4,14,75.06
2022-07-21,2,ICU,30,22,7,4,3,14,73.58
2022-07-22,2,ICU,30,23,5,5,5,16,78.58
2022-07-23,2,ICU,30,16,3,5,5,13,56.28
2022-07-24,2,ICU,30,18,3,1,4,15,61.28
2022-07-25,2,ICU,30,22,3,5,5,16,74.31
2022-07-26,2,ICU,30,21,4,7,6,16,70.29
2022-07-27,2,ICU,30,20,6,4,4,16,67.42
2022-07-28,2,ICU,30,20,2,4,3,18,69.96
2022-07-29,2,ICU,30,20,4,1,5,12,69.66
2022-07-30,2,ICU,30,19,3,4,4,16,64.62
2022-07-31,2,ICU,30,17,6,5,5,14,57.56
2022-08-01,2,ICU,30,17,5,2,5,17,59.51
2022-08-02,2,ICU,30,18,7,7,6,15,60.27
2022-08-03,2,ICU,30,19,1,2,5,17,65.94
2022-08-04,2,ICU,30,19,2,6,6,12,65.74
2022-08-05,2,ICU,30,22,6,4,4,19,75.94
2022-08-06,2,ICU,30,18,3,9,4,19,60.29
2022-08-07,2,ICU,30,11,3,6,3,14,39.53
2022-08-08,2,ICU,30,20,6,9,4,17,67.37
2022-08-09,2,ICU,30,20,7,7,4,12,69.52
2022-08-10,2,ICU,30,22,10,3,3,19,74.05
2022-08-11,2,ICU,30,19,4,3,4,15,64.78
2022-08-12,2,ICU,30,23,5,4,6,17,79.08
2022-08-13,2,ICU,30,16,2,2,5,16,54.0
2022-08-14,2,ICU,30,16,5,8,6,14,54.37
2022-08-15,2,ICU,30,18,3,3,4,16,60.91
2022-08-16,2,ICU,30,20,3,4,3,16,69.22
2022-08-17,2,ICU,30,18,5,7,4,14,62.67
2022-08-18,2,ICU,30,18,5,8,5,14,63.0
2022-08-19,2,ICU,30,22,4,1,3,14,74.18
2022-08-20,2,ICU,30,15,4,3,4,12,53.11
2022-08-21,2,ICU,30,15,3,3,5,15,51.91
2022-08-22,2,ICU,30,18,4,4,3,15,62.91
2022-08-23,2,ICU,30,18,7,3,4,16,61.58
2022-08-24,2,ICU,30,19,3,4,3,20,66.1
2022-08-25,2,ICU,30,20,3,1,3,15,68.13
2022-08-26,2,ICU,30,20,4,0,5,17,67.51
2022-08-27,2,ICU,30,13,6,1,5,13,46.09
2022-08-28,2,ICU,30,15,4,5,5,15,51.37
2022-08-29,2,ICU,30,20,6,3,5,13,68.05
2022-08-30,2,ICU,30,16,6,4,6,17,55.59
2022-08-31,2,ICU,30,21,5,1,4,13,72.07
2022-09-01,2,ICU,30,20,6,5,5,18,67.65
2022-09-02,2,ICU,30,19,5,7,5,18,65.37
2022-09-03,2,ICU,30,14,5,1,7,15,47.64
2022-09-04,2,ICU,30,16,6,1,3,14,56.33
2022-09-05,2,ICU,30,20,1,2,6,14,68.89
2022-09-06,2,ICU,30,17,3,4,5,14,58.6
2022-09-07,2,ICU,30,18,7,2,5,17,62.9
2022-09-08,2,ICU,30,21,5,4,5,19,72.32
2022-09-09,2,ICU,30,19,8,3,4,17,66.1
2022-09-10,2,ICU,30,15,6,5,4,15,51.78
2022-09-11,2,ICU,30,15,4,4,3,14,53.23
2022-09-12,2,ICU,30,19,2,5,3,14,65.37
2022-09-13,2,ICU,30,18,1,5,6,14,62.87
2022-09-14,2,ICU,30,19,2,3,5,16,64.11
2022-09-15,2,ICU,30,20,7,5,5,17,67.81
2022-09-16,2,ICU,30,22,4,7,5,15,74.29
2022-09-17,2,ICU,30,15,8,3,4,15,51.25
2022-09-18,2,ICU,30,14,4,3,3,14,49.74
2022-09-19,2,ICU,30,16,4,1,6,15,53.5
2022-09-20,2,ICU,30,19,3,2,6,13,63.66
2022-09-21,2,ICU,30,20,2,6,4,12,69.6
2022-09-22,2,ICU,30,18,4,9,6,12,61.81
2022-09-23,2,ICU,30,20,4,2,3,15,66.93
2022-09-24,2,ICU,30,15,1,5,6,15,50.02
2022-09-25,2,ICU,30,15,6,6,6,11,50.75
2022-09-26,2,ICU,30,18,2,4,4,15,62.51
2022-09-27,2,ICU,30,19,5,3,4,14,66.44
2022-09-28,2,ICU,30,19,4,5,4,16,65.57
2022-09-29,2,ICU,30,18,4,2,3,13,60.21
2022-09-30,2,ICU,30,20,2,1,4,18,69.4
2022-10-01,2,ICU,30,15,3,4,5,15,51.49
2022-10-02,2,ICU,30,16,3,6,5,10,55.25
2022-10-03,2,ICU,30,19,6,6,4,15,63.53
2022-10-04,2,ICU,30,21,2,5,4,12,72.45
2022-10-05,2,ICU,30,20,7,3,5,15,68.5
2022-10-06,2,ICU,30,20,2,4,3,17,69.29
2022-10-07,2,ICU,30,22,4,5,4,18,73.6
2022-10-08,2,ICU,30,14,4,4,4,14,47.77
2022-10-09,2,ICU,30,14,5,4,5,17,47.68
2022-10-10,2,ICU,30,20,6,5,5,18,68.07
2022-10-11,2,ICU,30,16,2,4,4,16,56.43
2022-10-12,2,ICU,30,20,5,2,5,15,67.7
2022-10-13,2,ICU,30,20,5,3,5,17,67.27
2022-10-14,2,ICU,30,22,8,2,5,15,75.96
2022-10-15,2,ICU,30,13,3,9,2,16,44.15
2022-10-16,2,ICU,30,14,2,3,3,14,47.8
2022-10-17,2,ICU,30,18,3,1,3,20,61.81
2022-10-18,2,ICU,30,18,5,1,5,17,61.64
2022-10-19,2,ICU,30,21,3,8,5,15,70.82
2022-10-20,2,ICU,30,20,4,4,5,16,68.72
2022-10-21,2,ICU,30,17,4,4,5,12,57.97
2022-10-22,2,ICU,30,15,2,4,3,16,52.52
2022-10-23,2,ICU,30,13,4,3,6,17,46.01
2022-10-24,2,ICU,30,20,2,0,5,19,68.54
2022-10-25,2,ICU,30,20,9,2,6,17,68.32
2022-10-26,2,ICU,30,17,0,7,3,17,57.61
2022-10-27,2,ICU,30,18,3,3,5,15,60.48
2022-10-28,2,ICU,30,20,3,2,4,14,67.24
2022-10-29,2,ICU,30,15,8,3,5,18,50.73
2022-10-30,2,ICU,30,14,4,4,6,15,49.74
2022-10-31,2,ICU,30,20,4,5,3,17,69.62
2022-11-01,2,ICU,30,20,6,3,3,16,69.41
2022-11-02,2,ICU,30,21,4,3,4,16,72.4
2022-11-03,2,ICU,30,21,3,3,5,16,70.84
2022-11-04,2,ICU,30,21,1,2,7,15,72.23
2022-11-05,2,ICU,30,16,3,6,6,16,56.15
2022-11-06,2,ICU,30,17,3,2,6,17,58.75
2022-11-07,2,ICU,30,21,4,2,5,17,71.21
2022-11-08,2,ICU,30,20,3,3,6,18,66.8
2022-11-09,2,ICU,30,20,5,6,5,17,67.55
2022-11-10,2,ICU,30,23,6,2,6,19,77.97
2022-11-11,2,ICU,30,22,3,2,4,16,73.4
2022-11-12,2,ICU,30,15,5,5,5,14,51.98
2022-11-13,2,ICU,30,17,9,4,4,18,59.78
2022-11-14,2,ICU,30,20,3,6,6,12,69.52
2022-11-15,2,ICU,30,25,5,5,6,15,85.85
2022-11-16,2,ICU,30,21,10,5,6,17,71.82
2022-11-17,2,ICU,30,22,5,7,6,14,74.2
2022-11-18,2,ICU,30,20,1,6,2,15,69.64
2022-11-19,2,ICU,30,17,4,4,5,15,59.82
2022-11-20,2,ICU,30,18,8,6,5,16,61.18
2022-11-21,2,ICU,30,20,7,4,5,17,67.55
2022-11-22,2,ICU,30,20,6,7,5,18,68.96
2022-11-23,2,ICU,30,23,6,3,6,15,78.76
2022-11-24,2,ICU,30,22,7,4,4,15,75.03
2022-11-25,2,ICU,30,22,1,4,4,14,73.71
2022-11-26,2,ICU,30,15,3,1,5,15,52.03
2022-11-27,2,ICU,30,20,4,6,5,16,66.8
2022-11-28,2,ICU,30,20,2,3,6,15,67.64
2022-11-29,2,ICU,30,20,3,5,4,16,69.29
2022-11-30,2,ICU,30,21,7,5,6,17,73.1
2022-12-01,2,ICU,30,24,8,4,5,16,80.76
2022-12-02,2,ICU,30,24,4,6,4,15,81.09
2022-12-03,2,ICU,30,21,5,2,3,17,70.97
2022-12-04,2,ICU,30,21,4,4,5,16,70.23
2022-12-05,2,ICU,30,25,6,2,3,16,83.5
2022-12-06,2,ICU,30,23,8,2,4,16,78.72
2022-12-07,2,ICU,30,25,2,3,5,17,86.39
2022-12-08,2,ICU,30,27,4,1,5,19,92.07
2022-12-09,2,ICU,30,25,4,2,4,19,84.21
2022-12-10,2,ICU,30,19,6,3,3,14,63.41
2022-12-11,2,ICU,30,23,3,7,5,16,77.97
2022-12-12,2,ICU,30,23,2,2,3,19,78.63
2022-12-13,2,ICU,30,24,4,6,4,19,80.09
2022-12-14,2,ICU,30,23,3,3,5,19,79.23
2022-12-15,2,ICU,30,23,4,3,4,12,76.71
2022-12-16,2,ICU,30,24,8,4,5,14,81.19
2022-12-17,2,ICU,30,20,4,2,6,18,68.53
2022-12-18,2,ICU,30,20,6,5,3,17,69.54
2022-12-19,2,ICU,30,25,9,1,4,17,86.11
2022-12-20,2,ICU,30,24,3,3,3,16,82.41
2022-12-21,2,ICU,30,23,2,4,3,17,77.21
2022-12-22,2,ICU,30,24,5,3,6,17,83.12
2022-12-23,2,ICU,30,25,7,4,3,19,86.06
2022-12-24,2,ICU,30,18,5,1,4,15,61.8
2022-12-25,2,ICU,30,18,5,3,5,16,62.38
2022-12-26,2,ICU,30,22,7,4,3,19,74.74
2022-12-27,2,ICU,30,25,5,3,5,21,86.32
2022-12-28,2,ICU,30,22,6,2,3,15,74.98
2022-12-29,2,ICU,30,25,8,3,4,15,83.89
2022-12-30,2,ICU,30,22,5,2,3,14,73.39
2022-12-31,2,ICU,30,17,3,5,4,14,57.84
2023-01-01,2,ICU,30,20,2,4,3,15,68.72
2023-01-02,2,ICU,30,28,6,7,5,15,95.0
2023-01-03,2,ICU,30,23,6,0,5,16,79.05
2023-01-04,2,ICU,30,27,5,5,4,19,90.9
2023-01-05,2,ICU,30,24,1,6,5,22,81.47
2023-01-06,2,ICU,30,23,2,3,4,14,78.18
2023-01-07,2,ICU,30,20,4,6,3,13,67.89
2023-01-08,2,ICU,30,20,3,3,5,18,67.74
2023-01-09,2,ICU,30,28,1,3,5,16,94.03
2023-01-10,2,ICU,30,27,4,3,3,19,90.93
2023-01-11,2,ICU,30,25,4,3,5,16,85.97
2023-01-12,2,ICU,30,25,4,7,5,19,84.82
2023-01-13,2,ICU,30,28,2,0,7,15,93.78
2023-01-14,2,ICU,30,22,5,4,4,15,75.23
2023-01-15,2,ICU,30,22,4,4,1,13,73.58
2023-01-16,2,ICU,30,24,4,3,5,14,82.2
2023-01-17,2,ICU,30,25,7,5,7,16,84.41
2023-01-18,2,ICU,30,26,3,3,3,17,89.02
2023-01-19,2,ICU,30,25,3,0,6,15,83.96
2023-01-20,2,ICU,30,27,5,3,5,17,91.78
2023-01-21,2,ICU,30,23,4,3,6,20,76.89
2023-01-22,2,ICU,30,21,3,9,4,16,71.38
2023-01-23,2,ICU,30,26,7,4,4,17,88.78
2023-01-24,2,ICU,30,27,2,3,3,19,90.22
2023-01-25,2,ICU,30,27,0,6,5,17,90.72
2023-01-26,2,ICU,30,25,5,3,6,18,85.65
2023-01-27,2,ICU,30,26,8,4,4,16,88.94
2023-01-28,2,ICU,30,22,4,5,4,17,74.19
2023-01-29,2,ICU,30,21,4,5,3,18,73.24
2023-01-30,2,ICU,30,25,3,3,7,17,85.56
2023-01-31,2,ICU,30,25,4,2,5,19,83.64
2023-02-01,2,ICU,30,28,6,9,4,15,94.65
2023-02-02,2,ICU,30,25,3,5,5,14,84.47
2023-02-03,2,ICU,30,28,7,6,5,19,95.0
2023-02-04,2,ICU,30,24,8,4,4,13,80.84
2023-02-05,2,ICU,30,22,4,2,3,12,75.09
2023-02-06,2,ICU,30,27,4,3,4,14,90.06
2023-02-07,2,ICU,30,26,1,6,5,16,86.71
2023-02-08,2,ICU,30,25,5,2,3,16,86.17
2023-02-09,2,ICU,30,26,7,3,5,14,86.77
2023-02-10,2,ICU,30,27,3,9,6,16,91.94
2023-02-11,2,ICU,30,23,3,4,6,12,79.64
2023-02-12,2,ICU,30,25,3,5,5,17,86.62
2023-02-13,2,ICU,30,27,3,2,5,18,91.33
2023-02-14,2,ICU,30,28,3,2,6,18,94.82
2023-02-15,2,ICU,30,28,2,2,3,17,95.0
2023-02-16,2,ICU,30,26,3,2,5,19,89.87
2023-02-17,2,ICU,30,28,6,4,5,16,95.0
2023-02-18,2,ICU,30,23,5,1,5,16,77.94
2023-02-19,2,ICU,30,24,6,5,3,15,80.72
2023-02-20,2,ICU,30,28,5,8,4,17,95.0
2023-02-21,2,ICU,30,27,6,3,6,16,91.83
2023-02-22,2,ICU,30,26,4,7,5,17,87.03
2023-02-23,2,ICU,30,27,1,6,4,21,90.37
2023-02-24,2,ICU,30,26,3,2,7,17,87.12
2023-02-25,2,ICU,30,22,7,2,4,19,76.5
2023-02-26,2,ICU,30,22,5,4,3,15,74.73
2023-02-27,2,ICU,30,26,0,5,6,16,88.73
2023-02-28,2,ICU,30,25,8,2,6,18,85.2
2023-03-01,2,ICU,30,28,2,4,4,17,95.0
2023-03-02,2,ICU,30,28,0,4,6,16,95.0
2023-03-03,2,ICU,30,28,1,6,5,15,95.0
2023-03-04,2,ICU,30,24,4,5,3,17,80.08
2023-03-05,2,ICU,30,23,4,7,5,15,78.23
2023-03-06,2,ICU,30,27,5,7,2,18,92.73
2023-03-07,2,ICU,30,28,5,1,3,19,94.63
2023-03-08,2,ICU,30,28,2,8,4,20,95.0
2023-03-09,2,ICU,30,28,2,3,5,18,95.0
2023-03-10,2,ICU,30,26,2,5,3,16,86.98
2023-03-11,2,ICU,30,21,6,4,3,16,71.16
2023-03-12,2,ICU,30,25,2,6,5,19,83.39
2023-03-13,2,ICU,30,26,3,2,6,16,89.57
2023-03-14,2,ICU,30,28,5,7,6,20,95.0
2023-03-15,2,ICU,30,28,5,3,4,20,95.0
2023-03-16,2,ICU,30,28,0,8,6,18,95.0
2023-03-17,2,ICU,30,28,6,4,5,17,95.0
2023-03-18,2,ICU,30,22,7,4,5,16,75.19
2023-03-19,2,ICU,30,24,8,2,6,15,81.78
2023-03-20,2,ICU,30,27,4,5,4,18,91.31
2023-03-21,2,ICU,30,28,7,6,5,21,95.0
2023-03-22,2,ICU,30,28,3,2,5,16,93.88
2023-03-23,2,ICU,30,27,7,11,4,15,90.73
2023-03-24,2,ICU,30,27,4,1,4,16,90.51
2023-03-25,2,ICU,30,22,3,1,4,18,73.34
2023-03-26,2,ICU,30,23,6,3,5,19,78.46
2023-03-27,2,ICU,30,28,3,7,4,17,95.0
2023-03-28,2,ICU,30,28,4,1,6,18,95.0
2023-03-29,2,ICU,30,28,5,8,4,15,94.99
2023-03-30,2,ICU,30,27,2,5,3,14,90.9
2023-03-31,2,ICU,30,28,4,7,6,17,95.0
2023-04-01,2,ICU,30,24,4,2,4,16,81.84
2023-04-02,2,ICU,30,23,4,4,5,13,78.69
2023-04-03,2,ICU,30,28,10,5,6,17,94.71
2023-04-04,2,ICU,30,28,3,2,6,16,95.0
2023-04-05,2,ICU,30,24,5,4,5,13,81.52
2023-04-06,2,ICU,30,28,4,2,4,15,95.0
2023-04-07,2,ICU,30,26,6,3,3,14,88.33
2023-04-08,2,ICU,30,22,7,2,5,14,74.16
2023-04-09,2,ICU,30,22,7,3,4,13,75.67
2023-04-10,2,ICU,30,28,4,5,4,16,95.0
2023-04-11,2,ICU,30,26,4,9,4,19,87.19
2023-04-12,2,ICU,30,28,3,3,7,20,95.0
2023-04-13,2,ICU,30,28,8,8,5,18,95.0
2023-04-14,2,ICU,30,28,2,6,4,16,95.0
2023-04-15,2,ICU,30,25,4,0,3,20,85.83
2023-04-16,2,ICU,30,23,4,3,5,18,79.29
2023-04-17,2,ICU,30,27,5,3,4,19,93.24
2023-04-18,2,ICU,30,26,9,1,4,10,89.51
2023-04-19,2,ICU,30,27,1,5,5,17,92.36
2023-04-20,2,ICU,30,27,6,4,6,17,90.37
2023-04-21,2,ICU,30,28,9,5,7,16,95.0
2023-04-22,2,ICU,30,23,6,5,5,15,78.81
2023-04-23,2,ICU,30,23,3,3,4,16,79.26
2023-04-24,2,ICU,30,26,4,4,5,18,88.03
2023-04-25,2,ICU,30,28,3,3,3,18,95.0
2023-04-26,2,ICU,30,27,2,3,5,17,90.89
2023-04-27,2,ICU,30,27,7,4,4,19,92.81
2023-04-28,2,ICU,30,27,3,5,4,14,91.06
2023-04-29,2,ICU,30,22,5,5,5,16,73.73
2023-04-30,2,ICU,30,25,4,4,4,18,85.16
2023-05-01,2,ICU,30,25,6,2,4,19,85.34
2023-05-02,2,ICU,30,28,4,6,5,18,95.0
2023-05-03,2,ICU,30,27,2,4,3,18,90.63
2023-05-04,2,ICU,30,27,4,5,7,17,93.1
2023-05-05,2,ICU,30,24,4,4,4,20,83.03
2023-05-06,2,ICU,30,22,3,4,4,14,74.97
2023-05-07,2,ICU,30,22,11,5,5,15,74.12
2023-05-08,2,ICU,30,26,6,4,3,20,88.62
2023-05-09,2,ICU,30,27,3,3,6,17,92.12
2023-05-10,2,ICU,30,28,2,5,4,16,95.0
2023-05-11,2,ICU,30,27,4,6,4,18,90.17
2023-05-12,2,ICU,30,25,7,1,5,17,84.06
2023-05-13,2,ICU,30,21,6,4,5,14,71.08
2023-05-14,2,ICU,30,24,9,4,4,17,80.45
2023-05-15,2,ICU,30,25,8,4,3,14,84.53
2023-05-16,2,ICU,30,24,4,10,5,17,82.62
2023-05-17,2,ICU,30,28,3,5,5,18,94.65
2023-05-18,2,ICU,30,26,2,5,6,18,89.21
2023-05-19,2,ICU,30,26,2,2,4,17,86.7
2023-05-20,2,ICU,30,21,6,1,5,16,70.43
2023-05-21,2,ICU,30,22,3,5,5,14,73.65
2023-05-22,2,ICU,30,27,6,1,6,18,92.85
2023-05-23,2,ICU,30,28,3,3,6,19,95.0
2023-05-24,2,ICU,30,24,7,5,4,16,82.26
2023-05-25,2,ICU,30,25,2,4,4,15,84.47
2023-05-26,2,ICU,30,28,3,7,3,21,93.71
2023-05-27,2,ICU,30,22,5,3,6,15,74.54
2023-05-28,2,ICU,30,21,1,3,5,16,70.63
2023-05-29,2,ICU,30,26,3,1,3,13,86.74
2023-05-30,2,ICU,30,24,4,6,4,17,81.68
2023-05-31,2,ICU,30,25,3,1,4,16,85.95
2023-06-01,2,ICU,30,25,8,5,6,17,84.58
2023-06-02,2,ICU,30,23,4,2,6,14,79.59
2023-06-03,2,ICU,30,18,7,5,4,16,61.62
2023-06-04,2,ICU,30,16,4,5,4,15,56.15
2023-06-05,2,ICU,30,23,7,3,4,13,78.12
2023-06-06,2,ICU,30,23,3,5,6,18,78.64
2023-06-07,2,ICU,30,22,8,5,5,17,74.51
2023-06-08,2,ICU,30,24,2,7,4,14,81.81
2023-06-09,2,ICU,30,22,4,4,2,14,74.68
2023-06-10,2,ICU,30,18,4,3,5,14,60.96
2023-06-11,2,ICU,30,19,3,4,5,16,64.11
2023-06-12,2,ICU,30,24,4,10,4,13,82.26
2023-06-13,2,ICU,30,23,5,2,4,17,78.51
2023-06-14,2,ICU,30,22,4,3,4,13,74.18
2023-06-15,2,ICU,30,24,4,2,5,17,80.67
2023-06-16,2,ICU,30,21,4,4,6,15,71.43
2023-06-17,2,ICU,30,18,3,6,5,15,62.64
2023-06-18,2,ICU,30,18,4,6,3,15,61.79
2023-06-19,2,ICU,30,25,1,4,6,16,85.73
2023-06-20,2,ICU,30,22,8,3,5,17,73.72
2023-06-21,2,ICU,30,22,3,6,3,13,73.6
2023-06-22,2,ICU,30,27,6,4,5,16,90.26
2023-06-23,2,ICU,30,23,4,4,6,17,79.09
2023-06-24,2,ICU,30,17,2,4,6,16,59.85
2023-06-25,2,ICU,30,20,4,5,6,16,68.31
2023-06-26,2,ICU,30,24,6,8,6,16,82.49
2023-06-27,2,ICU,30,24,3,6,5,19,82.19
2023-06-28,2,ICU,30,23,6,9,3,21,78.57
2023-06-29,2,ICU,30,24,8,7,5,16,81.33
2023-06-30,2,ICU,30,23,5,3,5,15,79.48
2023-07-01,2,ICU,30,16,5,4,5,15,55.97
2023-07-02,2,ICU,30,17,6,5,4,13,59.32
2023-07-03,2,ICU,30,19,6,3,4,20,64.2
2023-07-04,2,ICU,30,18,8,4,6,18,63.15
2023-07-05,2,ICU,30,21,2,5,4,18,70.02
2023-07-06,2,ICU,30,21,2,1,3,14,70.63
2023-07-07,2,ICU,30,18,5,7,4,13,62.53
2023-07-08,2,ICU,30,15,4,4,4,13,51.49
2023-07-09,2,ICU,30,16,3,5,3,16,55.6
2023-07-10,2,ICU,30,22,6,4,4,16,75.79
2023-07-11,2,ICU,30,22,2,1,5,16,74.16
2023-07-12,2,ICU,30,22,6,1,4,19,76.14
2023-07-13,2,ICU,30,21,5,4,3,15,71.66
2023-07-14,2,ICU,30,22,2,5,6,16,76.48
2023-07-15,2,ICU,30,19,4,5,7,18,66.23
2023-07-16,2,ICU,30,17,3,8,5,15,57.25
2023-07-17,2,ICU,30,21,6,3,5,19,71.67
2023-07-18,2,ICU,30,20,5,1,5,15,68.94
2023-07-19,2,ICU,30,22,4,4,6,17,74.9
2023-07-20,2,ICU,30,21,7,3,4,17,71.44
2023-07-21,2,ICU,30,20,6,4,6,16,69.57
2023-07-22,2,ICU,30,19,6,2,6,16,64.78
2023-07-23,2,ICU,30,16,7,6,5,15,54.87
2023-07-24,2,ICU,30,21,3,3,4,16,70.87
2023-07-25,2,ICU,30,21,9,7,5,16,71.33
2023-07-26,2,ICU,30,24,3,5,4,16,82.61
2023-07-27,2,ICU,30,21,3,4,3,15,72.01
2023-07-28,2,ICU,30,21,3,7,3,18,73.33
2023-07-29,2,ICU,30,14,3,6,4,16,47.6
2023-07-30,2,ICU,30,15,5,7,3,17,52.73
2023-07-31,2,ICU,30,20,3,5,4,17,67.66
2023-08-01,2,ICU,30,20,5,2,6,16,68.24
2023-08-02,2,ICU,30,19,4,4,3,17,64.12
2023-08-03,2,ICU,30,20,3,3,3,17,67.97
2023-08-04,2,ICU,30,20,4,2,3,13,67.31
2023-08-05,2,ICU,30,14,4,5,4,16,48.33
2023-08-06,2,ICU,30,16,3,8,5,14,53.41
2023-08-07,2,ICU,30,22,3,6,4,15,73.39
2023-08-08,2,ICU,30,19,5,6,4,15,64.55
2023-08-09,2,ICU,30,18,7,10,4,17,61.21
2023-08-10,2,ICU,30,20,1,6,3,13,68.08
2023-08-11,2,ICU,30,20,4,8,4,14,67.74
2023-08-12,2,ICU,30,15,3,5,5,12,50.54
2023-08-13,2,ICU,30,16,3,5,3,19,55.12
2023-08-14,2,ICU,30,18,3,8,5,13,63.17
2023-08-15,2,ICU,30,18,5,5,3,13,63.21
2023-08-16,2,ICU,30,17,5,3,4,11,59.43
2023-08-17,2,ICU,30,15,2,2,5,15,52.65
2023-08-18,2,ICU,30,20,6,2,5,15,68.65
2023-08-19,2,ICU,30,16,2,6,3,20,53.47
2023-08-20,2,ICU,30,16,3,3,5,16,54.84
2023-08-21,2,ICU,30,20,3,5,5,17,66.91
2023-08-22,2,ICU,30,18,6,3,4,18,62.45
2023-08-23,2,ICU,30,21,3,2,5,16,71.28
2023-08-24,2,ICU,30,18,2,7,6,17,60.05
2023-08-25,2,ICU,30,20,6,4,5,14,67.06
2023-08-26,2,ICU,30,15,3,2,3,16,53.14
2023-08-27,2,ICU,30,17,9,4,5,10,58.22
2023-08-28,2,ICU,30,20,5,5,5,16,67.35
2023-08-29,2,ICU,30,21,3,4,5,14,70.76
2023-08-30,2,ICU,30,19,2,6,4,15,64.02
2023-08-31,2,ICU,30,22,1,3,5,17,73.4
2023-09-01,2,ICU,30,20,4,6,5,19,67.26
2023-09-02,2,ICU,30,15,4,4,4,17,52.31
2023-09-03,2,ICU,30,13,2,4,6,18,45.71
2023-09-04,2,ICU,30,20,6,5,3,19,66.71
2023-09-05,2,ICU,30,18,5,3,5,15,61.48
2023-09-06,2,ICU,30,18,2,4,5,17,61.81
2023-09-07,2,ICU,30,17,6,5,5,12,59.21
2023-09-08,2,ICU,30,18,5,1,5,15,61.77
2023-09-09,2,ICU,30,14,1,2,5,12,47.13
2023-09-10,2,ICU,30,15,7,5,7,16,52.81
2023-09-11,2,ICU,30,18,6,5,4,16,62.54
2023-09-12,2,ICU,30,18,2,7,5,18,63.26
2023-09-13,2,ICU,30,19,5,2,6,16,63.39
2023-09-14,2,ICU,30,20,4,4,4,20,67.57
2023-09-15,2,ICU,30,19,1,7,6,15,64.23
2023-09-16,2,ICU,30,13,5,4,5,14,45.74
2023-09-17,2,ICU,30,16,6,2,6,17,56.0
2023-09-18,2,ICU,30,20,4,3,4,16,69.92
2023-09-19,2,ICU,30,21,3,2,3,12,71.32
2023-09-20,2,ICU,30,19,4,7,6,12,64.8
2023-09-21,2,ICU,30,15,5,7,5,13,53.33
2023-09-22,2,ICU,30,19,5,3,5,12,66.1
2023-09-23,2,ICU,30,13,4,5,4,12,45.28
2023-09-24,2,ICU,30,14,2,9,3,14,49.66
2023-09-25,2,ICU,30,19,5,4,5,16,65.7
2023-09-26,2,ICU,30,18,4,5,3,16,61.75
2023-09-27,2,ICU,30,19,9,1,5,18,64.3
2023-09-28,2,ICU,30,19,6,3,4,16,63.78
2023-09-29,2,ICU,30,18,3,4,4,11,61.15
2023-09-30,2,ICU,30,17,2,4,4,17,56.97
2023-10-01,2,ICU,30,15,3,7,3,13,52.07
2023-10-02,2,ICU,30,21,3,4,6,16,70.74
2023-10-03,2,ICU,30,18,5,9,5,15,61.33
2023-10-04,2,ICU,30,20,4,2,2,14,69.86
2023-10-05,2,ICU,30,21,4,7,2,15,70.66
2023-10-06,2,ICU,30,22,5,2,5,15,76.2
2023-10-07,2,ICU,30,15,2,4,4,12,51.67
2023-10-08,2,ICU,30,15,1,4,3,12,52.26
2023-10-09,2,ICU,30,19,7,6,2,16,63.45
2023-10-10,2,ICU,30,23,4,5,5,15,77.56
2023-10-11,2,ICU,30,20,5,5,6,15,67.73
2023-10-12,2,ICU,30,19,2,5,5,16,65.76
2023-10-13,2,ICU,30,19,4,6,4,13,64.48
2023-10-14,2,ICU,30,14,5,10,6,14,48.74
2023-10-15,2,ICU,30,14,5,5,5,12,47.41
2023-10-16,2,ICU,30,19,4,1,4,15,66.12
2023-10-17,2,ICU,30,21,5,2,4,17,72.6
2023-10-18,2,ICU,30,21,9,8,5,16,72.52
2023-10-19,2,ICU,30,21,2,9,4,16,70.19
2023-10-20,2,ICU,30,19,3,3,5,17,66.39
2023-10-21,2,ICU,30,16,6,6,6,13,54.5
2023-10-22,2,ICU,30,13,5,1,4,15,44.87
2023-10-23,2,ICU,30,18,4,1,4,15,62.37
2023-10-24,2,ICU,30,19,4,7,5,17,65.15
2023-10-25,2,ICU,30,20,2,1,5,13,67.01
2023-10-26,2,ICU,30,18,4,5,5,13,61.04
2023-10-27,2,ICU,30,20,1,3,4,14,68.1
2023-10-28,2,ICU,30,15,5,5,4,15,53.07
2023-10-29,2,ICU,30,16,8,7,4,11,56.57
2023-10-30,2,ICU,30,18,5,2,4,14,63.17
2023-10-31,2,ICU,30,14,9,5,5,11,48.92
2023-11-01,2,ICU,30,20,6,2,6,11,69.2
2023-11-02,2,ICU,30,21,5,2,5,13,70.3
2023-11-03,2,ICU,30,19,4,4,4,17,63.68
2023-11-04,2,ICU,30,18,5,4,5,17,62.23
2023-11-05,2,ICU,30,16,2,3,4,15,55.8
2023-11-06,2,ICU,30,20,4,4,5,12,69.4
2023-11-07,2,ICU,30,21,4,4,5,17,73.22
2023-11-08,2,ICU,30,20,8,5,5,13,68.09
2023-11-09,2,ICU,30,21,4,6,5,16,72.75
2023-11-10,2,ICU,30,20,5,5,3,15,68.64
2023-11-11,2,ICU,30,19,7,1,5,10,66.11
2023-11-12,2,ICU,30,16,6,3,3,15,55.01
2023-11-13,2,ICU,30,20,3,5,5,16,68.67
2023-11-14,2,ICU,30,22,4,2,4,16,75.88
2023-11-15,2,ICU,30,21,6,3,4,14,72.32
2023-11-16,2,ICU,30,22,3,4,5,14,74.45
2023-11-17,2,ICU,30,22,3,2,4,17,76.05
2023-11-18,2,ICU,30,17,5,7,5,14,59.46
2023-11-19,2,ICU,30,17,6,5,3,18,57.79
2023-11-20,2,ICU,30,20,6,4,4,15,68.47
2023-11-21,2,ICU,30,21,9,7,5,14,71.16
2023-11-22,2,ICU,30,22,3,6,5,13,74.69
2023-11-23,2,ICU,30,22,3,4,5,12,73.86
2023-11-24,2,ICU,30,22,6,6,4,14,73.35
2023-11-25,2,ICU,30,19,2,2,4,14,65.06
2023-11-26,2,ICU,30,16,2,2,3,14,54.65
2023-11-27,2,ICU,30,22,6,4,5,11,74.71
2023-11-28,2,ICU,30,21,2,6,3,16,71.59
2023-11-29,2,ICU,30,20,5,0,5,15,68.06
2023-11-30,2,ICU,30,22,4,5,5,16,74.06
2023-12-01,2,ICU,30,24,9,6,5,17,83.33
2023-12-02,2,ICU,30,16,4,9,4,14,56.03
2023-12-03,2,ICU,30,18,4,4,4,15,60.53
2023-12-04,2,ICU,30,25,4,4,5,15,84.68
2023-12-05,2,ICU,30,22,3,4,4,18,76.04
2023-12-06,2,ICU,30,23,5,2,3,17,78.68
2023-12-07,2,ICU,30,24,4,5,5,16,82.54
2023-12-08,2,ICU,30,25,7,3,7,13,85.13
2023-12-09,2,ICU,30,18,3,4,5,12,61.1
2023-12-10,2,ICU,30,17,4,7,4,15,59.55
2023-12-11,2,ICU,30,21,4,5,4,14,72.1
2023-12-12,2,ICU,30,24,4,6,5,18,80.69
2023-12-13,2,ICU,30,23,5,4,4,17,77.45
2023-12-14,2,ICU,30,25,7,5,7,20,84.18
2023-12-15,2,ICU,30,25,1,3,6,15,84.96
2023-12-16,2,ICU,30,18,3,4,4,15,60.1
2023-12-17,2,ICU,30,19,6,1,5,14,64.38
2023-12-18,2,ICU,30,25,3,6,3,16,83.77
2023-12-19,2,ICU,30,23,3,2,3,14,77.24
2023-12-20,2,ICU,30,23,1,3,3,16,79.05
2023-12-21,2,ICU,30,23,6,5,2,19,77.93
2023-12-22,2,ICU,30,24,6,6,5,18,80.99
2023-12-23,2,ICU,30,21,3,5,6,14,70.06
2023-12-24,2,ICU,30,16,4,3,3,13,53.46
2023-12-25,2,ICU,30,22,3,5,6,15,73.89
2023-12-26,2,ICU,30,22,5,0,4,19,76.17
2023-12-27,2,ICU,30,23,5,4,3,14,78.5
2023-12-28,2,ICU,30,23,8,9,6,13,78.48
2023-12-29,2,ICU,30,22,5,7,6,13,75.01
2023-12-30,2,ICU,30,19,1,5,5,14,64.82
2023-12-31,2,ICU,30,16,6,2,2,17,55.16
2019-01-01,3,ER,50,37,11,3,2,22,75.1
2019-01-02,3,ER,50,39,11,14,1,22,78.57
2019-01-03,3,ER,50,37,6,10,3,21,75.33
2019-01-04,3,ER,50,38,7,7,3,23,76.99
2019-01-05,3,ER,50,33,10,5,2,24,66.28
2019-01-06,3,ER,50,28,6,5,3,18,57.48
2019-01-07,3,ER,50,38,5,15,4,24,77.33
2019-01-08,3,ER,50,42,5,6,3,23,84.09
2019-01-09,3,ER,50,34,7,5,2,24,69.74
2019-01-10,3,ER,50,38,11,9,3,20,77.94
2019-01-11,3,ER,50,39,10,8,5,21,79.78
2019-01-12,3,ER,50,33,4,7,4,20,66.33
2019-01-13,3,ER,50,32,6,8,2,22,64.52
2019-01-14,3,ER,50,42,6,7,2,20,85.11
2019-01-15,3,ER,50,37,5,8,2,23,75.45
2019-01-16,3,ER,50,38,4,2,3,24,76.31
2019-01-17,3,ER,50,41,7,2,1,24,83.68
2019-01-18,3,ER,50,38,4,6,3,24,77.94
2019-01-19,3,ER,50,32,3,5,2,19,65.28
2019-01-20,3,ER,50,33,8,5,1,18,66.74
2019-01-21,3,ER,50,35,5,13,3,25,70.37
2019-01-22,3,ER,50,41,5,6,2,26,82.48
2019-01-23,3,ER,50,39,12,9,3,25,78.63
2019-01-24,3,ER,50,41,9,4,1,24,83.42
2019-01-25,3,ER,50,42,8,6,3,22,85.45
2019-01-26,3,ER,50,30,5,7,3,22,60.44
2019-01-27,3,ER,50,34,8,8,4,18,68.8
2019-01-28,3,ER,50,42,5,4,1,26,84.64
2019-01-29,3,ER,50,36,10,10,2,21,72.19
2019-01-30,3,ER,50,39,2,5,2,21,78.09
2019-01-31,3,ER,50,34,7,8,1,23,69.91
2019-02-01,3,ER,50,41,9,7,3,25,82.65
2019-02-02,3,ER,50,32,7,9,2,20,64.18
2019-02-03,3,ER,50,32,10,7,2,20,64.56
2019-02-04,3,ER,50,39,13,6,1,25,78.03
2019-02-05,3,ER,50,41,6,2,4,23,83.24
2019-02-06,3,ER,50,44,11,8,2,22,88.11
2019-02-07,3,ER,50,44,9,3,3,22,88.13
2019-02-08,3,ER,50,41,10,5,4,19,82.86
2019-02-09,3,ER,50,32,8,6,3,20,65.37
2019-02-10,3,ER,50,33,7,5,2,19,66.85
2019-02-11,3,ER,50,45,8,8,3,20,90.99
2019-02-12,3,ER,50,42,11,11,5,18,85.28
2019-02-13,3,ER,50,37,8,6,2,24,74.23
2019-02-14,3,ER,50,43,10,8,3,22,86.74
2019-02-15,3,ER,50,41,7,4,4,17,83.96
2019-02-16,3,ER,50,36,11,7,3,23,73.5
2019-02-17,3,ER,50,32,5,6,1,19,65.39
2019-02-18,3,ER,50,42,4,7,1,18,84.26
2019-02-19,3,ER,50,41,6,8,3,20,82.59
2019-02-20,3,ER,50,37,5,4,4,22,74.85
2019-02-21,3,ER,50,41,4,7,3,21,82.7
2019-02-22,3,ER,50,36,9,5,2,23,73.64
2019-02-23,3,ER,50,34,4,7,4,22,69.92
2019-02-24,3,ER,50,36,9,3,3,19,73.25
2019-02-25,3,ER,50,41,10,4,2,19,83.05
2019-02-26,3,ER,50,39,8,6,2,23,78.8
2019-02-27,3,ER,50,42,4,7,2,22,84.08
2019-02-28,3,ER,50,45,7,8,2,23,90.45
2019-03-01,3,ER,50,42,8,9,2,21,84.82
2019-03-02,3,ER,50,36,10,5,3,23,72.28
2019-03-03,3,ER,50,36,10,4,3,23,72.22
2019-03-04,3,ER,50,44,7,6,4,22,88.19
2019-03-05,3,ER,50,40,5,9,2,19,80.09
2019-03-06,3,ER,50,42,10,11,1,23,84.64
2019-03-07,3,ER,50,42,12,9,3,26,85.68
2019-03-08,3,ER,50,43,2,9,3,25,87.19
2019-03-09,3,ER,50,33,12,4,2,22,66.52
2019-03-10,3,ER,50,37,9,6,1,17,75.55
2019-03-11,3,ER,50,45,12,8,3,24,91.89
2019-03-12,3,ER,50,43,8,4,3,25,86.32
2019-03-13,3,ER,50,42,9,7,3,23,84.74
2019-03-14,3,ER,50,44,4,9,3,24,88.14
2019-03-15,3,ER,50,43,3,6,2,21,86.08
2019-03-16,3,ER,50,36,7,10,3,22,72.45
2019-03-17,3,ER,50,31,9,8,2,20,62.86
2019-03-18,3,ER,50,42,10,9,3,20,84.11
2019-03-19,3,ER,50,45,8,8,1,25,91.41
2019-03-20,3,ER,50,42,2,6,2,22,84.09
2019-03-21,3,ER,50,42,7,5,3,20,85.41
2019-03-22,3,ER,50,46,5,6,3,23,92.76
2019-03-23,3,ER,50,38,7,9,2,21,76.63
2019-03-24,3,ER,50,40,4,6,2,24,80.68
2019-03-25,3,ER,50,40,8,9,4,22,81.15
2019-03-26,3,ER,50,43,5,7,2,19,87.61
2019-03-27,3,ER,50,41,7,7,1,21,83.2
2019-03-28,3,ER,50,41,5,9,4,22,82.71
2019-03-29,3,ER,50,40,9,7,1,27,81.68
2019-03-30,3,ER,50,36,5,8,3,17,72.46
2019-03-31,3,ER,50,37,5,10,4,20,75.78
2019-04-01,3,ER,50,44,5,10,2,21,89.67
2019-04-02,3,ER,50,41,8,7,2,22,83.01
2019-04-03,3,ER,50,41,5,14,3,21,82.42
2019-04-04,3,ER,50,40,6,11,3,19,81.05
2019-04-05,3,ER,50,41,9,10,3,19,83.46
2019-04-06,3,ER,50,30,8,10,1,17,61.31
2019-04-07,3,ER,50,37,12,5,3,27,74.99
2019-04-08,3,ER,50,41,5,6,2,21,82.09
2019-04-09,3,ER,50,42,8,6,3,21,85.65
2019-04-10,3,ER,50,44,10,8,2,24,89.41
2019-04-11,3,ER,50,39,4,5,2,21,79.79
2019-04-12,3,ER,50,41,5,8,4,20,82.88
2019-04-13,3,ER,50,31,5,8,3,21,62.82
2019-04-14,3,ER,50,33,8,6,4,23,67.09
2019-04-15,3,ER,50,39,8,4,2,21,79.74
2019-04-16,3,ER,50,44,10,12,3,21,88.39
2019-04-17,3,ER,50,38,9,8,4,21,77.8
2019-04-18,3,ER,50,35,8,11,2,21,71.31
2019-04-19,3,ER,50,42,12,3,3,25,85.63
2019-04-20,3,ER,50,37,8,7,3,23,75.92
2019-04-21,3,ER,50,33,6,7,2,21,66.72
2019-04-22,3,ER,50,36,3,7,1,21,72.65
2019-04-23,3,ER,50,39,10,9,3,21,79.41
2019-04-24,3,ER,50,42,7,8,3,22,84.21
2019-04-25,3,ER,50,43,8,8,1,21,86.88
2019-04-26,3,ER,50,40,9,6,3,24,80.53
2019-04-27,3,ER,50,37,8,5,3,22,74.09
2019-04-28,3,ER,50,36,7,10,4,21,72.59
2019-04-29,3,ER,50,36,17,7,3,24,73.07
2019-04-30,3,ER,50,41,8,6,4,22,83.03
2019-05-01,3,ER,50,37,8,3,3,21,75.2
2019-05-02,3,ER,50,42,14,4,1,24,85.42
2019-05-03,3,ER,50,41,2,7,2,23,82.9
2019-05-04,3,ER,50,24,6,4,1,18,49.86
2019-05-05,3,ER,50,32,11,5,1,25,65.39
2019-05-06,3,ER,50,42,11,14,4,22,85.15
2019-05-07,3,ER,50,40,12,6,1,22,81.32
2019-05-08,3,ER,50,38,9,7,5,21,77.74
2019-05-09,3,ER,50,42,11,6,4,25,85.14
2019-05-10,3,ER,50,39,9,8,3,22,79.73
2019-05-11,3,ER,50,32,9,13,4,18,64.63
2019-05-12,3,ER,50,26,9,7,3,18,52.67
2019-05-13,3,ER,50,39,10,9,2,22,78.3
2019-05-14,3,ER,50,40,13,6,2,25,80.87
2019-05-15,3,ER,50,42,4,9,3,25,84.7
2019-05-16,3,ER,50,39,7,9,1,20,78.09
2019-05-17,3,ER,50,41,9,6,1,20,82.29
2019-05-18,3,ER,50,34,8,4,3,24,69.48
2019-05-19,3,ER,50,26,6,6,2,17,53.8
2019-05-20,3,ER,50,42,9,6,4,24,84.58
2019-05-21,3,ER,50,41,5,9,2,24,82.25
2019-05-22,3,ER,50,39,7,3,2,23,79.46
2019-05-23,3,ER,50,37,7,7,2,23,75.82
2019-05-24,3,ER,50,38,10,6,4,19,77.05
2019-05-25,3,ER,50,30,8,7,3,18,61.88
2019-05-26,3,ER,50,35,10,8,3,17,71.21
2019-05-27,3,ER,50,38,7,8,3,21,77.52
2019-05-28,3,ER,50,41,4,3,2,22,82.36
2019-05-29,3,ER,50,38,4,15,2,22,77.22
2019-05-30,3,ER,50,33,4,9,2,20,67.93
2019-05-31,3,ER,50,38,10,6,1,20,77.05
2019-06-01,3,ER,50,31,7,5,2,20,63.41
2019-06-02,3,ER,50,25,7,10,4,23,51.81
2019-06-03,3,ER,50,33,4,7,2,21,67.12
2019-06-04,3,ER,50,34,11,14,2,19,68.21
2019-06-05,3,ER,50,35,6,5,1,20,71.69
2019-06-06,3,ER,50,35,6,6,2,21,71.79
2019-06-07,3,ER,50,33,13,5,3,22,66.96
2019-06-08,3,ER,50,24,9,5,2,19,49.71
2019-06-09,3,ER,50,29,7,12,1,22,59.75
2019-06-10,3,ER,50,33,7,6,2,21,66.94
2019-06-11,3,ER,50,35,7,6,2,20,71.42
2019-06-12,3,ER,50,32,7,7,1,20,64.81
2019-06-13,3,ER,50,34,6,11,5,21,68.52
2019-06-14,3,ER,50,31,9,4,3,19,63.33
2019-06-15,3,ER,50,24,8,9,3,20,48.77
2019-06-16,3,ER,50,26,4,7,2,18,53.04
2019-06-17,3,ER,50,35,7,6,2,24,71.68
2019-06-18,3,ER,50,33,3,8,4,24,66.39
2019-06-19,3,ER,50,31,7,12,1,20,63.44
2019-06-20,3,ER,50,35,9,8,1,19,70.1
2019-06-21,3,ER,50,39,4,8,4,19,79.91
2019-06-22,3,ER,50,28,12,5,2,21,57.64
2019-06-23,3,ER,50,29,5,6,1,21,58.33
2019-06-24,3,ER,50,35,10,7,3,17,70.01
2019-06-25,3,ER,50,39,7,6,2,21,79.03
2019-06-26,3,ER,50,35,7,5,2,24,70.93
2019-06-27,3,ER,50,37,6,6,3,24,74.81
2019-06-28,3,ER,50,39,5,5,3,18,79.63
2019-06-29,3,ER,50,28,4,4,1,21,56.11
2019-06-30,3,ER,50,29,10,11,3,21,58.32
2019-07-01,3,ER,50,34,6,3,4,19,69.24
2019-07-02,3,ER,50,29,8,11,5,24,58.74
2019-07-03,3,ER,50,33,13,2,3,22,67.7
2019-07-04,3,ER,50,37,8,4,1,22,74.0
2019-07-05,3,ER,50,33,14,6,3,24,67.5
2019-07-06,3,ER,50,18,7,9,3,18,37.87
2019-07-07,3,ER,50,22,7,9,3,17,45.72
2019-07-08,3,ER,50,33,5,11,3,20,66.46
2019-07-09,3,ER,50,30,10,5,4,24,61.36
2019-07-10,3,ER,50,31,7,2,3,22,62.54
2019-07-11,3,ER,50,31,6,9,3,19,62.78
2019-07-12,3,ER,50,35,6,5,1,17,70.95
2019-07-13,3,ER,50,20,5,3,2,19,41.36
2019-07-14,3,ER,50,23,4,7,2,20,47.01
2019-07-15,3,ER,50,31,5,12,4,20,62.23
2019-07-16,3,ER,50,32,8,6,2,17,64.3
2019-07-17,3,ER,50,34,6,10,1,19,68.07
2019-07-18,3,ER,50,28,13,9,1,23,56.94
2019-07-19,3,ER,50,31,4,9,1,20,62.59
2019-07-20,3,ER,50,23,15,7,1,23,47.3
2019-07-21,3,ER,50,23,8,4,4,20,47.16
2019-07-22,3,ER,50,28,3,9,3,20,57.33
2019-07-23,3,ER,50,32,9,10,1,20,64.94
2019-07-24,3,ER,50,33,2,9,2,19,66.34
2019-07-25,3,ER,50,29,5,5,3,22,58.2
2019-07-26,3,ER,50,29,12,5,4,22,58.6
2019-07-27,3,ER,50,24,9,5,1,20,48.82
2019-07-28,3,ER,50,20,5,6,2,22,40.49
2019-07-29,3,ER,50,29,7,6,1,22,59.62
2019-07-30,3,ER,50,29,8,5,2,20,58.81
2019-07-31,3,ER,50,29,5,5,5,22,59.4
2019-08-01,3,ER,50,31,9,5,2,21,63.21
2019-08-02,3,ER,50,30,6,11,2,18,60.53
2019-08-03,3,ER,50,21,5,5,1,18,43.41
2019-08-04,3,ER,50,19,14,9,2,18,40.0
2019-08-05,3,ER,50,26,5,5,3,21,53.88
2019-08-06,3,ER,50,28,5,6,3,16,57.63
2019-08-07,3,ER,50,24,6,15,3,20,49.35
2019-08-08,3,ER,50,28,14,9,2,15,56.23
2019-08-09,3,ER,50,29,5,13,2,18,59.49
2019-08-10,3,ER,50,20,4,7,1,15,40.78
2019-08-11,3,ER,50,18,14,9,2,19,36.97
2019-08-12,3,ER,50,27,9,9,1,19,55.08
2019-08-13,3,ER,50,31,9,5,5,23,62.48
2019-08-14,3,ER,50,25,7,8,4,17,51.7
2019-08-15,3,ER,50,25,7,4,4,20,50.93
2019-08-16,3,ER,50,30,5,8,2,18,60.16
2019-08-17,3,ER,50,16,3,9,3,16,32.61
2019-08-18,3,ER,50,24,6,7,3,18,49.76
2019-08-19,3,ER,50,29,11,3,3,24,59.65
2019-08-20,3,ER,50,26,9,10,3,19,53.68
2019-08-21,3,ER,50,23,8,6,4,18,46.08
2019-08-22,3,ER,50,28,8,5,1,23,57.15
2019-08-23,3,ER,50,30,11,3,4,20,60.26
2019-08-24,3,ER,50,24,9,5,2,20,48.19
2019-08-25,3,ER,50,19,13,6,3,18,38.26
2019-08-26,3,ER,50,31,6,13,2,21,63.84
2019-08-27,3,ER,50,26,8,9,2,21,52.53
2019-08-28,3,ER,50,30,5,9,3,20,61.94
2019-08-29,3,ER,50,26,9,10,3,22,52.87
2019-08-30,3,ER,50,30,8,7,4,20,61.29
2019-08-31,3,ER,50,19,6,7,3,21,38.99
2019-09-01,3,ER,50,18,7,10,2,17,36.86
2019-09-02,3,ER,50,26,6,10,2,22,53.1
2019-09-03,3,ER,50,25,6,8,5,22,50.5
2019-09-04,3,ER,50,27,4,8,3,20,54.37
2019-09-05,3,ER,50,24,5,10,1,19,49.6
2019-09-06,3,ER,50,23,9,8,2,22,46.92
2019-09-07,3,ER,50,18,5,1,1,15,37.82
2019-09-08,3,ER,50,18,2,11,2,18,37.18
2019-09-09,3,ER,50,33,6,6,2,21,66.89
2019-09-10,3,ER,50,26,7,9,4,18,53.12
2019-09-11,3,ER,50,26,11,4,1,15,52.64
2019-09-12,3,ER,50,26,4,8,2,20,53.05
2019-09-13,3,ER,50,27,8,7,2,20,54.17
2019-09-14,3,ER,50,15,8,7,3,18,30.0
2019-09-15,3,ER,50,18,4,7,3,18,37.96
2019-09-16,3,ER,50,26,5,7,4,21,52.9
2019-09-17,3,ER,50,23,8,6,4,22,47.74
2019-09-18,3,ER,50,25,9,5,2,19,51.18
2019-09-19,3,ER,50,27,8,9,3,19,55.18
2019-09-20,3,ER,50,30,10,5,3,20,61.46
2019-09-21,3,ER,50,20,11,5,2,16,41.35
2019-09-22,3,ER,50,20,6,2,1,18,41.96
2019-09-23,3,ER,50,28,7,8,2,22,57.4
2019-09-24,3,ER,50,29,5,7,3,17,59.96
2019-09-25,3,ER,50,31,9,3,3,18,62.36
2019-09-26,3,ER,50,27,7,9,2,18,55.19
2019-09-27,3,ER,50,25,7,7,2,21,51.17
2019-09-28,3,ER,50,23,8,2,3,22,46.09
2019-09-29,3,ER,50,19,5,7,3,18,39.44
2019-09-30,3,ER,50,30,4,8,5,21,61.63
2019-10-01,3,ER,50,27,4,6,3,21,54.55
2019-10-02,3,ER,50,28,6,7,3,18,56.03
2019-10-03,3,ER,50,28,4,3,4,21,56.18
2019-10-04,3,ER,50,24,6,7,2,21,48.57
2019-10-05,3,ER,50,19,7,7,2,20,38.24
2019-10-06,3,ER,50,17,10,7,2,19,35.81
2019-10-07,3,ER,50,26,5,7,3,23,53.04
2019-10-08,3,ER,50,31,6,10,4,19,62.68
2019-10-09,3,ER,50,26,8,8,2,22,52.2
2019-10-10,3,ER,50,30,8,7,1,21,60.22
2019-10-11,3,ER,50,26,2,7,2,17,53.71
2019-10-12,3,ER,50,19,9,3,3,18,38.34
2019-10-13,3,ER,50,21,8,4,2,19,42.36
2019-10-14,3,ER,50,24,10,4,1,21,49.31
2019-10-15,3,ER,50,26,9,6,3,22,52.7
2019-10-16,3,ER,50,28,10,8,2,20,56.92
2019-10-17,3,ER,50,27,10,7,1,19,54.18
2019-10-18,3,ER,50,27,11,10,2,24,54.87
2019-10-19,3,ER,50,25,10,4,2,19,51.71
2019-10-20,3,ER,50,21,6,7,3,14,43.18
2019-10-21,3,ER,50,30,5,5,1,17,61.6
2019-10-22,3,ER,50,28,9,9,2,21,57.47
2019-10-23,3,ER,50,26,8,11,3,22,53.7
2019-10-24,3,ER,50,29,5,7,1,20,59.02
2019-10-25,3,ER,50,29,8,8,2,23,59.52
2019-10-26,3,ER,50,22,10,6,4,20,45.46
2019-10-27,3,ER,50,20,8,4,1,18,40.43
2019-10-28,3,ER,50,29,9,7,4,21,59.94
2019-10-29,3,ER,50,20,12,6,2,17,41.92
2019-10-30,3,ER,50,28,7,8,1,22,57.08
2019-10-31,3,ER,50,31,12,9,1,20,63.99
2019-11-01,3,ER,50,30,9,7,2,17,61.36
2019-11-02,3,ER,50,21,6,7,3,17,42.21
2019-11-03,3,ER,50,23,7,9,2,19,46.25
2019-11-04,3,ER,50,36,8,10,5,25,72.87
2019-11-05,3,ER,50,28,9,8,3,21,56.74
2019-11-06,3,ER,50,29,14,10,2,19,58.87
2019-11-07,3,ER,50,30,1,14,2,20,60.63
2019-11-08,3,ER,50,28,9,9,2,21,56.61
2019-11-09,3,ER,50,25,9,5,2,19,51.8
2019-11-10,3,ER,50,26,4,9,1,26,52.65
2019-11-11,3,ER,50,36,5,7,3,22,72.41
2019-11-12,3,ER,50,33,10,9,3,24,66.77
2019-11-13,3,ER,50,27,5,10,2,22,55.04
2019-11-14,3,ER,50,31,4,5,2,20,63.35
2019-11-15,3,ER,50,31,4,4,5,23,62.92
2019-11-16,3,ER,50,22,7,7,3,20,44.57
2019-11-17,3,ER,50,22,10,9,4,21,45.25
2019-11-18,3,ER,50,30,8,3,3,20,60.83
2019-11-19,3,ER,50,30,6,11,1,19,60.21
2019-11-20,3,ER,50,34,8,5,1,20,69.57
2019-11-21,3,ER,50,37,10,9,4,22,75.6
2019-11-22,3,ER,50,28,4,5,3,23,56.18
2019-11-23,3,ER,50,28,11,8,3,19,57.04
2019-11-24,3,ER,50,22,10,7,3,18,44.28
2019-11-25,3,ER,50,33,5,10,3,22,66.71
2019-11-26,3,ER,50,33,6,7,2,20,66.52
2019-11-27,3,ER,50,26,7,9,2,16,53.33
2019-11-28,3,ER,50,29,5,11,2,21,58.65
2019-11-29,3,ER,50,29,6,5,2,21,59.85
2019-11-30,3,ER,50,26,10,12,3,19,52.84
2019-12-01,3,ER,50,28,9,4,4,20,56.56
2019-12-02,3,ER,50,29,8,4,2,21,58.37
2019-12-03,3,ER,50,34,6,8,2,20,68.36
2019-12-04,3,ER,50,35,6,8,2,19,70.95
2019-12-05,3,ER,50,31,8,9,4,20,63.84
2019-12-06,3,ER,50,38,8,6,1,22,76.08
2019-12-07,3,ER,50,28,6,8,2,17,57.06
2019-12-08,3,ER,50,23,6,7,2,18,47.55
2019-12-09,3,ER,50,35,7,8,1,21,70.66
2019-12-10,3,ER,50,35,7,7,1,21,71.81
2019-12-11,3,ER,50,36,3,7,2,18,73.86
2019-12-12,3,ER,50,35,8,5,3,21,71.61
2019-12-13,3,ER,50,34,9,4,2,25,68.75
2019-12-14,3,ER,50,25,6,6,3,19,50.4
2019-12-15,3,ER,50,27,6,4,3,21,54.77
2019-12-16,3,ER,50,32,10,8,3,19,64.83
2019-12-17,3,ER,50,32,11,5,2,21,64.53
2019-12-18,3,ER,50,35,6,3,2,18,71.65
2019-12-19,3,ER,50,34,7,9,3,18,68.57
2019-12-20,3,ER,50,36,8,8,5,26,72.55
2019-12-21,3,ER,50,26,5,5,2,22,52.36
2019-12-22,3,ER,50,30,8,9,3,20,60.24
2019-12-23,3,ER,50,37,9,9,3,20,75.46
2019-12-24,3,ER,50,33,10,6,1,23,67.62
2019-12-25,3,ER,50,37,5,4,1,22,75.07
2019-12-26,3,ER,50,35,10,5,3,23,71.81
2019-12-27,3,ER,50,34,7,11,2,24,69.87
2019-12-28,3,ER,50,26,9,3,3,16,53.93
2019-12-29,3,ER,50,30,8,6,3,23,60.75
2019-12-30,3,ER,50,30,8,4,3,17,60.88
2019-12-31,3,ER,50,34,7,9,2,28,68.34
2020-01-01,3,ER,50,47,10,3,2,25,95.0
2020-01-02,3,ER,50,47,7,12,2,20,95.0
2020-01-03,3,ER,50,47,6,7,4,23,95.0
2020-01-04,3,ER,50,39,10,11,3,22,78.74
2020-01-05,3,ER,50,41,8,10,3,23,82.11
2020-01-06,3,ER,50,46,6,9,1,24,93.96
2020-01-07,3,ER,50,47,9,4,2,19,95.0
2020-01-08,3,ER,50,47,12,9,3,23,95.0
2020-01-09,3,ER,50,47,5,8,3,24,95.0
2020-01-10,3,ER,50,43,6,10,2,23,87.26
2020-01-11,3,ER,50,39,7,8,2,22,79.84
2020-01-12,3,ER,50,37,7,5,2,23,75.35
2020-01-13,3,ER,50,46,11,6,1,25,92.93
2020-01-14,3,ER,50,47,5,4,2,23,94.05
2020-01-15,3,ER,50,44,6,5,2,23,88.31
2020-01-16,3,ER,50,47,15,9,3,25,95.0
2020-01-17,3,ER,50,47,8,11,1,24,95.0
2020-01-18,3,ER,50,39,9,8,4,21,78.71
2020-01-19,3,ER,50,44,4,9,2,21,88.46
2020-01-20,3,ER,50,47,9,5,4,20,95.0
2020-01-21,3,ER,50,47,8,8,1,21,95.0
2020-01-22,3,ER,50,47,4,8,2,25,95.0
2020-01-23,3,ER,50,47,11,8,3,22,95.0
2020-01-24,3,ER,50,46,7,10,3,23,92.74
2020-01-25,3,ER,50,43,8,9,4,22,86.93
2020-01-26,3,ER,50,42,7,10,3,25,85.8
2020-01-27,3,ER,50,47,8,4,2,28,95.0
2020-01-28,3,ER,50,47,7,11,1,27,95.0
2020-01-29,3,ER,50,47,8,9,4,22,95.0
2020-01-30,3,ER,50,47,9,2,2,23,95.0
2020-01-31,3,ER,50,47,7,7,3,24,95.0
2020-02-01,3,ER,50,45,8,7,3,22,91.25
2020-02-02,3,ER,50,46,5,3,1,21,92.73
2020-02-03,3,ER,50,47,5,7,3,22,95.0
2020-02-04,3,ER,50,47,7,4,1,22,95.0
2020-02-05,3,ER,50,47,9,6,2,21,95.0
2020-02-06,3,ER,50,47,3,6,4,27,95.0
2020-02-07,3,ER,50,47,7,3,4,21,95.0
2020-02-08,3,ER,50,43,7,6,2,24,87.39
2020-02-09,3,ER,50,42,4,4,4,19,84.68
2020-02-10,3,ER,50,47,4,7,4,26,95.0
2020-02-11,3,ER,50,47,14,7,1,23,95.0
2020-02-12,3,ER,50,47,9,6,4,25,95.0
2020-02-13,3,ER,50,47,8,4,3,25,95.0
2020-02-14,3,ER,50,47,7,8,3,24,95.0
2020-02-15,3,ER,50,44,7,7,5,22,89.31
2020-02-16,3,ER,50,44,9,10,4,25,88.14
2020-02-17,3,ER,50,47,2,9,3,21,95.0
2020-02-18,3,ER,50,47,9,14,3,26,95.0
2020-02-19,3,ER,50,47,13,6,2,24,95.0
2020-02-20,3,ER,50,47,5,7,1,23,95.0
2020-02-21,3,ER,50,47,7,5,2,24,95.0
2020-02-22,3,ER,50,43,6,8,3,24,86.18
2020-02-23,3,ER,50,43,8,6,4,27,87.51
2020-02-24,3,ER,50,47,10,9,3,23,95.0
2020-02-25,3,ER,50,47,10,8,1,27,95.0
2020-02-26,3,ER,50,47,4,8,1,24,95.0
2020-02-27,3,ER,50,47,4,7,3,24,95.0
2020-02-28,3,ER,50,47,7,2,4,22,95.0
2020-02-29,3,ER,50,43,8,13,1,24,86.98
2020-03-01,3,ER,50,42,5,9,1,21,85.62
2020-03-02,3,ER,50,47,11,8,4,24,95.0
2020-03-03,3,ER,50,47,7,5,3,24,95.0
2020-03-04,3,ER,50,47,9,8,2,20,95.0
2020-03-05,3,ER,50,47,9,7,3,23,95.0
2020-03-06,3,ER,50,47,13,7,3,18,95.0
2020-03-07,3,ER,50,44,9,7,2,24,89.43
2020-03-08,3,ER,50,42,7,7,4,25,84.68
2020-03-09,3,ER,50,47,5,6,1,22,95.0
2020-03-10,3,ER,50,47,1,10,3,23,95.0
2020-03-11,3,ER,50,47,10,7,2,24,95.0
2020-03-12,3,ER,50,47,6,9,2,23,95.0
2020-03-13,3,ER,50,47,1,8,4,24,95.0
2020-03-14,3,ER,50,44,10,6,2,23,88.05
2020-03-15,3,ER,50,45,7,7,2,23,91.91
2020-03-16,3,ER,50,47,8,10,3,25,95.0
2020-03-17,3,ER,50,47,8,10,2,24,95.0
2020-03-18,3,ER,50,47,8,7,3,27,95.0
2020-03-19,3,ER,50,47,5,16,3,23,95.0
2020-03-20,3,ER,50,47,7,6,2,23,95.0
2020-03-21,3,ER,50,41,12,5,2,21,82.3
2020-03-22,3,ER,50,43,11,6,2,20,86.59
2020-03-23,3,ER,50,47,6,8,2,23,95.0
2020-03-24,3,ER,50,47,5,8,5,25,95.0
2020-03-25,3,ER,50,47,4,2,2,21,95.0
2020-03-26,3,ER,50,47,4,3,3,23,95.0
2020-03-27,3,ER,50,47,6,6,4,25,95.0
2020-03-28,3,ER,50,43,12,8,1,21,87.74
2020-03-29,3,ER,50,44,9,8,3,21,88.74
2020-03-30,3,ER,50,47,3,2,3,27,95.0
2020-03-31,3,ER,50,47,6,5,3,22,95.0
2020-04-01,3,ER,50,47,5,8,4,22,95.0
2020-04-02,3,ER,50,47,1,6,3,20,95.0
2020-04-03,3,ER,50,47,11,6,4,21,95.0
2020-04-04,3,ER,50,45,6,12,2,24,91.29
2020-04-05,3,ER,50,47,10,4,3,19,94.73
2020-04-06,3,ER,50,47,4,7,3,23,95.0
2020-04-07,3,ER,50,47,10,9,2,23,95.0
2020-04-08,3,ER,50,47,11,4,2,23,95.0
2020-04-09,3,ER,50,47,14,5,3,21,95.0
2020-04-10,3,ER,50,47,2,6,3,24,95.0
2020-04-11,3,ER,50,40,4,12,2,24,81.67
2020-04-12,3,ER,50,45,4,13,3,22,90.44
2020-04-13,3,ER,50,47,9,8,3,21,95.0
2020-04-14,3,ER,50,47,5,6,3,27,95.0
2020-04-15,3,ER,50,47,6,7,5,24,95.0
2020-04-16,3,ER,50,46,6,7,3,22,92.32
2020-04-17,3,ER,50,47,13,3,4,23,95.0
2020-04-18,3,ER,50,44,7,5,1,23,89.97
2020-04-19,3,ER,50,45,8,8,3,23,91.61
2020-04-20,3,ER,50,47,5,3,3,21,95.0
2020-04-21,3,ER,50,47,2,13,2,22,95.0
2020-04-22,3,ER,50,47,7,9,1,22,95.0
2020-04-23,3,ER,50,47,10,5,3,27,95.0
2020-04-24,3,ER,50,47,6,8,2,25,95.0
2020-04-25,3,ER,50,38,9,6,3,22,76.16
2020-04-26,3,ER,50,47,14,8,3,27,95.0
2020-04-27,3,ER,50,47,9,2,2,24,95.0
2020-04-28,3,ER,50,47,9,9,2,27,95.0
2020-04-29,3,ER,50,47,10,10,2,17,95.0
2020-04-30,3,ER,50,47,9,8,4,23,95.0
2020-05-01,3,ER,50,46,11,4,3,24,92.83
2020-05-02,3,ER,50,35,7,2,1,20,71.2
2020-05-03,3,ER,50,42,9,6,2,21,84.41
2020-05-04,3,ER,50,47,9,4,3,25,95.0
2020-05-05,3,ER,50,47,10,8,2,24,95.0
2020-05-06,3,ER,50,47,8,4,1,23,95.0
2020-05-07,3,ER,50,45,6,5,1,22,91.94
2020-05-08,3,ER,50,47,9,8,2,22,95.0
2020-05-09,3,ER,50,40,10,4,2,22,80.68
2020-05-10,3,ER,50,43,9,4,2,25,87.87
2020-05-11,3,ER,50,47,9,5,2,21,95.0
2020-05-12,3,ER,50,47,10,13,3,22,95.0
2020-05-13,3,ER,50,47,4,7,2,22,94.5
2020-05-14,3,ER,50,47,9,8,3,23,95.0
2020-05-15,3,ER,50,44,8,4,1,22,89.72
2020-05-16,3,ER,50,44,7,12,2,20,88.66
2020-05-17,3,ER,50,42,11,5,2,26,85.04
2020-05-18,3,ER,50,47,9,4,3,23,94.87
2020-05-19,3,ER,50,47,5,8,3,24,95.0
2020-05-20,3,ER,50,47,6,2,5,23,95.0
2020-05-21,3,ER,50,46,8,8,2,24,92.21
2020-05-22,3,ER,50,47,5,8,2,22,95.0
2020-05-23,3,ER,50,38,10,4,2,21,77.46
2020-05-24,3,ER,50,37,8,6,3,25,75.73
2020-05-25,3,ER,50,46,5,8,3,20,93.17
2020-05-26,3,ER,50,47,12,7,3,23,95.0
2020-05-27,3,ER,50,46,7,10,4,26,93.27
2020-05-28,3,ER,50,47,4,5,1,19,95.0
2020-05-29,3,ER,50,47,7,6,3,23,95.0
2020-05-30,3,ER,50,40,8,4,1,23,81.58
2020-05-31,3,ER,50,35,10,7,2,22,71.45
2020-06-01,3,ER,50,45,9,9,1,23,90.81
2020-06-02,3,ER,50,41,6,4,4,22,83.43
2020-06-03,3,ER,50,45,9,9,3,23,90.11
2020-06-04,3,ER,50,39,6,10,2,21,79.8
2020-06-05,3,ER,50,43,11,11,3,24,87.47
2020-06-06,3,ER,50,38,9,7,3,21,76.63
2020-06-07,3,ER,50,38,7,4,3,23,77.72
2020-06-08,3,ER,50,47,4,6,5,23,95.0
2020-06-09,3,ER,50,42,7,7,2,24,85.51
2020-06-10,3,ER,50,47,9,6,2,23,94.09
2020-06-11,3,ER,50,45,8,6,2,21,90.13
2020-06-12,3,ER,50,46,8,9,1,24,93.08
2020-06-13,3,ER,50,34,7,9,4,24,68.3
2020-06-14,3,ER,50,39,4,8,2,24,78.84
2020-06-15,3,ER,50,43,7,8,1,25,86.94
2020-06-16,3,ER,50,47,10,6,3,23,95.0
2020-06-17,3,ER,50,44,7,8,1,23,88.04
2020-06-18,3,ER,50,40,8,7,3,20,80.88
2020-06-19,3,ER,50,44,8,8,3,23,89.53
2020-06-20,3,ER,50,35,8,7,3,26,70.67
2020-06-21,3,ER,50,39,6,6,3,19,79.02
2020-06-22,3,ER,50,44,6,9,1,25,88.23
2020-06-23,3,ER,50,43,3,8,5,25,86.85
2020-06-24,3,ER,50,43,6,5,2,23,86.64
2020-06-25,3,ER,50,43,5,6,1,20,87.73
2020-06-26,3,ER,50,42,4,9,2,21,85.06
2020-06-27,3,ER,50,35,6,6,2,19,70.82
2020-06-28,3,ER,50,35,2,4,1,16,71.97
2020-06-29,3,ER,50,45,6,6,2,22,91.2
2020-06-30,3,ER,50,47,6,5,3,21,94.25
2020-07-01,3,ER,50,40,5,7,3,21,81.53
2020-07-02,3,ER,50,37,8,6,2,23,74.8
2020-07-03,3,ER,50,30,3,6,2,20,60.19
2020-07-04,3,ER,50,32,10,3,2,22,65.8
2020-07-05,3,ER,50,34,14,5,3,23,69.45
2020-07-06,3,ER,50,38,12,10,3,18,77.76
2020-07-07,3,ER,50,43,19,10,4,24,86.69
2020-07-08,3,ER,50,42,12,12,2,21,84.18
2020-07-09,3,ER,50,41,8,5,1,27,83.55
2020-07-10,3,ER,50,37,10,4,3,22,75.1
2020-07-11,3,ER,50,31,6,5,2,19,63.53
2020-07-12,3,ER,50,37,11,3,4,24,74.86
2020-07-13,3,ER,50,41,8,9,3,19,83.19
2020-07-14,3,ER,50,45,5,4,2,22,91.21
2020-07-15,3,ER,50,38,9,4,4,21,76.41
2020-07-16,3,ER,50,43,7,3,3,24,86.23
2020-07-17,3,ER,50,39,15,8,2,23,78.06
2020-07-18,3,ER,50,32,9,8,3,20,65.66
2020-07-19,3,ER,50,33,9,8,3,21,66.22
2020-07-20,3,ER,50,40,12,7,2,25,80.59
2020-07-21,3,ER,50,37,5,6,4,18,75.08
2020-07-22,3,ER,50,38,12,8,2,23,76.23
2020-07-23,3,ER,50,44,7,5,2,21,88.49
2020-07-24,3,ER,50,42,3,4,3,21,84.55
2020-07-25,3,ER,50,34,5,6,1,17,69.24
2020-07-26,3,ER,50,33,5,5,1,22,66.69
2020-07-27,3,ER,50,44,4,7,4,22,88.25
2020-07-28,3,ER,50,40,12,7,4,23,81.91
2020-07-29,3,ER,50,39,5,3,2,23,78.47
2020-07-30,3,ER,50,41,7,7,2,26,82.68
2020-07-31,3,ER,50,44,9,2,3,24,88.74
2020-08-01,3,ER,50,33,8,7,4,16,67.95
2020-08-02,3,ER,50,33,6,9,3,19,66.41
2020-08-03,3,ER,50,39,4,10,3,20,79.1
2020-08-04,3,ER,50,36,10,5,4,23,72.47
2020-08-05,3,ER,50,38,2,9,2,22,76.18
2020-08-06,3,ER,50,43,6,8,2,23,87.04
2020-08-07,3,ER,50,37,6,6,2,26,75.22
2020-08-08,3,ER,50,29,6,9,5,20,59.32
2020-08-09,3,ER,50,30,6,15,4,24,60.31
2020-08-10,3,ER,50,42,6,3,4,21,84.67
2020-08-11,3,ER,50,37,10,5,2,21,74.03
2020-08-12,3,ER,50,38,9,2,3,21,77.65
2020-08-13,3,ER,50,39,7,7,3,23,78.48
2020-08-14,3,ER,50,35,9,12,2,18,70.8
2020-08-15,3,ER,50,27,9,8,4,16,55.52
2020-08-16,3,ER,50,34,8,6,1,23,68.92
2020-08-17,3,ER,50,40,7,7,2,20,80.58
2020-08-18,3,ER,50,37,8,8,3,23,74.18
2020-08-19,3,ER,50,37,3,9,2,19,75.41
2020-08-20,3,ER,50,39,5,9,3,21,78.11
2020-08-21,3,ER,50,37,10,5,2,24,74.31
2020-08-22,3,ER,50,29,8,7,3,23,58.0
2020-08-23,3,ER,50,30,12,8,1,19,61.11
2020-08-24,3,ER,50,39,11,7,3,22,79.83
2020-08-25,3,ER,50,41,7,5,3,22,83.83
2020-08-26,3,ER,50,40,6,6,4,20,80.52
2020-08-27,3,ER,50,41,3,22,2,23,82.83
2020-08-28,3,ER,50,43,8,5,2,19,86.19
2020-08-29,3,ER,50,34,8,9,2,19,69.43
2020-08-30,3,ER,50,25,8,6,3,19,50.9
2020-08-31,3,ER,50,36,7,5,2,24,73.5
2020-09-01,3,ER,50,38,5,8,2,21,77.79
2020-09-02,3,ER,50,36,9,10,3,23,73.67
2020-09-03,3,ER,50,39,6,10,3,21,78.78
2020-09-04,3,ER,50,38,7,6,2,21,77.15
2020-09-05,3,ER,50,33,8,4,4,17,67.04
2020-09-06,3,ER,50,35,9,3,5,22,70.3
2020-09-07,3,ER,50,37,9,7,1,20,74.38
2020-09-08,3,ER,50,37,9,5,1,22,75.65
2020-09-09,3,ER,50,36,9,4,2,24,72.92
2020-09-10,3,ER,50,34,13,9,3,23,68.28
2020-09-11,3,ER,50,38,5,3,3,20,76.07
2020-09-12,3,ER,50,33,8,9,3,22,66.71
2020-09-13,3,ER,50,27,8,8,3,16,54.15
2020-09-14,3,ER,50,38,8,7,1,20,77.46
2020-09-15,3,ER,50,36,6,6,2,23,72.25
2020-09-16,3,ER,50,38,12,8,3,24,77.77
2020-09-17,3,ER,50,38,5,9,1,21,76.33
2020-09-18,3,ER,50,32,2,8,3,21,66.0
2020-09-19,3,ER,50,32,10,7,5,18,65.36
2020-09-20,3,ER,50,29,7,8,3,21,58.55
2020-09-21,3,ER,50,32,8,6,1,22,65.71
2020-09-22,3,ER,50,35,6,13,3,21,70.81
2020-09-23,3,ER,50,37,10,9,2,24,75.12
2020-09-24,3,ER,50,36,10,10,2,24,72.44
2020-09-25,3,ER,50,41,6,11,2,24,83.62
2020-09-26,3,ER,50,29,5,2,1,23,59.21
2020-09-27,3,ER,50,30,7,9,2,22,61.53
2020-09-28,3,ER,50,42,10,3,3,20,84.57
2020-09-29,3,ER,50,38,8,7,4,24,77.78
2020-09-30,3,ER,50,37,8,4,3,23,75.09
2020-10-01,3,ER,50,36,6,9,4,23,73.04
2020-10-02,3,ER,50,41,8,3,2,23,83.99
2020-10-03,3,ER,50,28,7,9,1,20,57.0
2020-10-04,3,ER,50,30,9,7,4,20,61.51
2020-10-05,3,ER,50,30,6,8,3,20,60.21
2020-10-06,3,ER,50,35,5,5,2,20,70.44
2020-10-07,3,ER,50,36,6,4,5,23,72.69
2020-10-08,3,ER,50,41,6,8,2,21,82.13
2020-10-09,3,ER,50,36,10,6,3,20,72.19
2020-10-10,3,ER,50,30,6,4,4,24,60.01
2020-10-11,3,ER,50,31,3,11,3,23,62.28
2020-10-12,3,ER,50,42,5,8,2,22,85.89
2020-10-13,3,ER,50,38,5,11,2,23,77.45
2020-10-14,3,ER,50,37,6,4,2,25,75.16
2020-10-15,3,ER,50,38,7,8,3,25,77.91
2020-10-16,3,ER,50,39,9,9,1,22,78.34
2020-10-17,3,ER,50,28,11,4,3,19,56.73
2020-10-18,3,ER,50,29,9,5,3,18,59.07
2020-10-19,3,ER,50,38,8,7,2,23,77.07
2020-10-20,3,ER,50,38,10,4,2,21,76.49
2020-10-21,3,ER,50,42,9,4,2,23,84.5
2020-10-22,3,ER,50,35,5,5,4,23,71.76
2020-10-23,3,ER,50,35,6,7,4,24,70.57
2020-10-24,3,ER,50,30,7,10,1,23,61.15
2020-10-25,3,ER,50,27,6,4,1,19,55.63
2020-10-26,3,ER,50,39,9,8,2,21,78.45
2020-10-27,3,ER,50,36,5,5,2,26,73.89
2020-10-28,3,ER,50,35,12,4,2,22,71.77
2020-10-29,3,ER,50,36,9,4,3,20,73.44
2020-10-30,3,ER,50,37,6,3,5,17,74.04
2020-10-31,3,ER,50,30,5,7,2,23,60.4
2020-11-01,3,ER,50,31,10,8,4,19,62.71
2020-11-02,3,ER,50,40,10,14,3,24,80.97
2020-11-03,3,ER,50,39,8,7,4,20,78.72
2020-11-04,3,ER,50,39,5,5,2,24,78.61
2020-11-05,3,ER,50,43,6,9,1,21,87.5
2020-11-06,3,ER,50,40,6,5,2,22,80.66
2020-11-07,3,ER,50,35,8,8,4,21,71.99
2020-11-08,3,ER,50,35,8,6,1,23,71.58
2020-11-09,3,ER,50,44,10,13,1,19,88.47
2020-11-10,3,ER,50,36,13,7,5,22,72.09
2020-11-11,3,ER,50,40,8,6,2,20,80.87
2020-11-12,3,ER,50,40,8,5,3,15,81.89
2020-11-13,3,ER,50,37,6,9,2,22,74.01
2020-11-14,3,ER,50,32,6,6,3,19,65.79
2020-11-15,3,ER,50,31,9,5,4,21,63.15
2020-11-16,3,ER,50,41,11,9,4,21,83.38
2020-11-17,3,ER,50,38,11,6,2,25,77.13
2020-11-18,3,ER,50,38,6,6,3,23,77.65
2020-11-19,3,ER,50,39,5,5,3,19,78.94
2020-11-20,3,ER,50,37,12,9,3,23,74.98
2020-11-21,3,ER,50,31,9,5,4,22,62.66
2020-11-22,3,ER,50,33,10,6,3,22,67.84
2020-11-23,3,ER,50,41,10,11,2,22,82.6
2020-11-24,3,ER,50,40,10,7,4,22,80.09
2020-11-25,3,ER,50,43,3,5,3,24,88.0
2020-11-26,3,ER,50,35,6,5,3,23,71.2
2020-11-27,3,ER,50,40,10,5,2,24,80.61
2020-11-28,3,ER,50,32,7,3,1,19,64.45
2020-11-29,3,ER,50,37,7,6,2,22,74.73
2020-11-30,3,ER,50,42,5,6,2,21,85.55
2020-12-01,3,ER,50,46,7,8,2,24,93.95
2020-12-02,3,ER,50,44,7,3,2,18,89.57
2020-12-03,3,ER,50,45,5,10,2,26,91.1
2020-12-04,3,ER,50,46,5,5,2,24,92.15
2020-12-05,3,ER,50,38,11,6,2,24,77.1
2020-12-06,3,ER,50,38,3,5,1,25,77.03
2020-12-07,3,ER,50,44,8,7,2,21,88.06
2020-12-08,3,ER,50,47,5,8,4,25,95.0
2020-12-09,3,ER,50,46,7,4,2,24,92.14
2020-12-10,3,ER,50,42,5,3,2,23,85.81
2020-12-11,3,ER,50,44,8,8,3,20,89.1
2020-12-12,3,ER,50,39,5,7,1,22,79.89
2020-12-13,3,ER,50,34,5,5,1,20,69.87
2020-12-14,3,ER,50,43,8,14,2,20,86.54
2020-12-15,3,ER,50,44,7,5,3,22,89.51
2020-12-16,3,ER,50,44,5,7,4,26,89.51
2020-12-17,3,ER,50,45,4,6,4,24,90.14
2020-12-18,3,ER,50,43,7,9,3,21,86.95
2020-12-19,3,ER,50,37,18,12,2,22,74.84
2020-12-20,3,ER,50,38,6,4,1,22,76.07
2020-12-21,3,ER,50,43,6,9,1,24,87.01
2020-12-22,3,ER,50,42,7,4,4,23,85.61
2020-12-23,3,ER,50,44,6,7,4,23,89.63
2020-12-24,3,ER,50,45,13,5,3,22,90.31
2020-12-25,3,ER,50,47,9,5,2,23,95.0
2020-12-26,3,ER,50,35,4,5,3,19,71.89
2020-12-27,3,ER,50,36,3,10,1,21,73.23
2020-12-28,3,ER,50,41,5,10,3,23,82.7
2020-12-29,3,ER,50,47,11,8,2,23,95.0
2020-12-30,3,ER,50,47,4,11,2,22,94.74
2020-12-31,3,ER,50,43,8,7,2,22,87.45
2021-01-01,3,ER,50,45,5,7,1,24,90.41
2021-01-02,3,ER,50,36,11,7,1,21,73.94
2021-01-03,3,ER,50,40,9,5,1,24,80.36
2021-01-04,3,ER,50,47,9,7,2,23,94.35
2021-01-05,3,ER,50,47,7,3,2,24,95.0
2021-01-06,3,ER,50,47,6,5,3,22,95.0
2021-01-07,3,ER,50,47,7,8,3,23,95.0
2021-01-08,3,ER,50,47,3,8,3,28,95.0
2021-01-09,3,ER,50,43,5,9,1,20,86.02
2021-01-10,3,ER,50,41,10,7,2,25,82.13
2021-01-11,3,ER,50,47,7,6,1,21,95.0
2021-01-12,3,ER,50,47,6,7,3,27,95.0
2021-01-13,3,ER,50,44,10,4,3,22,88.32
2021-01-14,3,ER,50,44,3,6,3,21,89.78
2021-01-15,3,ER,50,46,11,8,3,24,92.3
2021-01-16,3,ER,50,44,9,8,2,22,89.16
2021-01-17,3,ER,50,44,10,12,2,22,88.6
2021-01-18,3,ER,50,47,7,8,2,25,95.0
2021-01-19,3,ER,50,47,7,6,4,26,95.0
2021-01-20,3,ER,50,47,2,6,1,25,95.0
2021-01-21,3,ER,50,46,10,9,5,23,93.62
2021-01-22,3,ER,50,47,6,9,3,19,95.0
2021-01-23,3,ER,50,41,10,7,3,25,82.75
2021-01-24,3,ER,50,37,6,8,2,21,75.71
2021-01-25,3,ER,50,47,8,4,4,22,95.0
2021-01-26,3,ER,50,45,10,10,2,29,91.49
2021-01-27,3,ER,50,47,8,7,3,23,95.0
2021-01-28,3,ER,50,47,13,9,2,22,95.0
2021-01-29,3,ER,50,47,7,5,3,26,94.7
2021-01-30,3,ER,50,41,6,12,1,25,83.53
2021-01-31,3,ER,50,44,11,15,2,23,88.5
2021-02-01,3,ER,50,47,10,7,2,23,95.0
2021-02-02,3,ER,50,47,8,3,2,21,95.0
2021-02-03,3,ER,50,47,4,10,2,23,95.0
2021-02-04,3,ER,50,47,3,4,1,24,95.0
2021-02-05,3,ER,50,47,10,3,3,24,95.0
2021-02-06,3,ER,50,40,13,6,3,20,80.77
2021-02-07,3,ER,50,43,10,6,3,24,86.56
2021-02-08,3,ER,50,47,5,4,3,21,95.0
2021-02-09,3,ER,50,47,6,6,2,26,95.0
2021-02-10,3,ER,50,47,4,6,3,23,95.0
2021-02-11,3,ER,50,47,7,9,1,24,95.0
2021-02-12,3,ER,50,47,11,6,2,24,95.0
2021-02-13,3,ER,50,42,7,11,1,22,85.26
2021-02-14,3,ER,50,41,10,7,2,22,83.56
2021-02-15,3,ER,50,47,10,7,3,27,95.0
2021-02-16,3,ER,50,47,7,8,3,22,95.0
2021-02-17,3,ER,50,47,5,7,2,22,95.0
2021-02-18,3,ER,50,47,5,8,2,22,95.0
2021-02-19,3,ER,50,47,2,9,4,18,95.0
2021-02-20,3,ER,50,44,7,10,1,20,89.86
2021-02-21,3,ER,50,39,7,10,4,22,78.71
2021-02-22,3,ER,50,47,11,7,1,23,95.0
2021-02-23,3,ER,50,47,10,7,3,24,95.0
2021-02-24,3,ER,50,47,8,6,3,23,95.0
2021-02-25,3,ER,50,47,6,7,3,23,95.0
2021-02-26,3,ER,50,47,6,8,2,21,95.0
2021-02-27,3,ER,50,42,7,7,2,24,84.74
2021-02-28,3,ER,50,41,3,6,4,22,83.64
2021-03-01,3,ER,50,47,7,6,2,24,95.0
2021-03-02,3,ER,50,47,9,10,2,22,95.0
2021-03-03,3,ER,50,47,8,9,1,22,95.0
2021-03-04,3,ER,50,47,2,6,3,23,95.0
2021-03-05,3,ER,50,47,7,9,2,24,95.0
2021-03-06,3,ER,50,45,11,5,2,22,91.42
2021-03-07,3,ER,50,44,9,6,4,21,89.74
2021-03-08,3,ER,50,47,10,12,5,22,95.0
2021-03-09,3,ER,50,47,6,11,4,24,95.0
2021-03-10,3,ER,50,47,7,8,4,20,95.0
2021-03-11,3,ER,50,47,8,6,3,23,95.0
2021-03-12,3,ER,50,47,7,12,3,21,95.0
2021-03-13,3,ER,50,46,8,12,3,21,92.25
2021-03-14,3,ER,50,45,5,8,1,24,91.54
2021-03-15,3,ER,50,47,9,7,2,22,95.0
2021-03-16,3,ER,50,47,4,7,4,23,95.0
2021-03-17,3,ER,50,47,3,8,4,22,95.0
2021-03-18,3,ER,50,47,4,5,3,26,95.0
2021-03-19,3,ER,50,47,6,6,3,22,95.0
2021-03-20,3,ER,50,46,9,4,1,24,92.32
2021-03-21,3,ER,50,46,9,5,2,20,92.07
2021-03-22,3,ER,50,47,10,5,1,23,95.0
2021-03-23,3,ER,50,47,11,6,3,19,95.0
2021-03-24,3,ER,50,47,8,5,3,28,95.0
2021-03-25,3,ER,50,47,4,9,1,21,95.0
2021-03-26,3,ER,50,47,9,4,3,22,95.0
2021-03-27,3,ER,50,45,7,6,2,23,90.65
2021-03-28,3,ER,50,46,8,8,4,23,92.52
2021-03-29,3,ER,50,47,10,7,2,24,95.0
2021-03-30,3,ER,50,47,8,8,3,26,95.0
2021-03-31,3,ER,50,47,7,7,3,21,95.0
2021-04-01,3,ER,50,47,7,2,5,22,95.0
2021-04-02,3,ER,50,47,7,8,3,24,95.0
2021-04-03,3,ER,50,43,6,9,3,24,87.97
2021-04-04,3,ER,50,43,5,9,2,26,87.16
2021-04-05,3,ER,50,47,7,13,4,22,95.0
2021-04-06,3,ER,50,47,15,12,3,23,95.0
2021-04-07,3,ER,50,47,6,6,3,23,95.0
2021-04-08,3,ER,50,47,7,8,2,22,95.0
2021-04-09,3,ER,50,47,7,7,2,25,95.0
2021-04-10,3,ER,50,43,3,6,1,22,86.07
2021-04-11,3,ER,50,42,6,7,3,23,85.74
2021-04-12,3,ER,50,47,9,4,2,23,95.0
2021-04-13,3,ER,50,47,7,9,3,23,95.0
2021-04-14,3,ER,50,47,10,6,1,22,95.0
2021-04-15,3,ER,50,47,7,7,2,23,95.0
2021-04-16,3,ER,50,47,10,9,3,24,95.0
2021-04-17,3,ER,50,45,11,12,3,23,90.69
2021-04-18,3,ER,50,47,6,2,1,23,95.0
2021-04-19,3,ER,50,47,3,10,2,24,95.0
2021-04-20,3,ER,50,47,4,5,3,21,95.0
2021-04-21,3,ER,50,47,8,7,3,24,95.0
2021-04-22,3,ER,50,47,8,8,3,24,95.0
2021-04-23,3,ER,50,47,5,10,4,21,95.0
2021-04-24,3,ER,50,42,12,8,2,21,84.41
2021-04-25,3,ER,50,39,5,2,2,23,79.64
2021-04-26,3,ER,50,47,4,6,4,23,95.0
2021-04-27,3,ER,50,47,7,6,2,21,95.0
2021-04-28,3,ER,50,46,9,3,5,22,93.37
2021-04-29,3,ER,50,47,7,10,2,24,95.0
2021-04-30,3,ER,50,47,5,3,1,28,95.0
2021-05-01,3,ER,50,41,9,12,2,23,82.31
2021-05-02,3,ER,50,39,8,8,4,20,79.73
2021-05-03,3,ER,50,47,13,9,1,27,95.0
2021-05-04,3,ER,50,47,12,10,4,26,95.0
2021-05-05,3,ER,50,47,13,6,3,25,95.0
2021-05-06,3,ER,50,47,7,11,3,23,95.0
2021-05-07,3,ER,50,47,6,8,3,22,95.0
2021-05-08,3,ER,50,41,8,10,2,24,82.44
2021-05-09,3,ER,50,38,5,5,2,22,77.31
2021-05-10,3,ER,50,47,4,8,1,24,94.64
2021-05-11,3,ER,50,45,7,4,3,17,91.4
2021-05-12,3,ER,50,47,6,8,2,22,95.0
2021-05-13,3,ER,50,47,8,5,1,26,95.0
2021-05-14,3,ER,50,47,11,6,1,25,95.0
2021-05-15,3,ER,50,42,7,11,5,21,84.77
2021-05-16,3,ER,50,42,10,10,4,18,85.49
2021-05-17,3,ER,50,47,4,5,2,23,95.0
2021-05-18,3,ER,50,47,5,4,3,21,95.0
2021-05-19,3,ER,50,47,10,7,2,23,95.0
2021-05-20,3,ER,50,47,8,9,3,26,95.0
2021-05-21,3,ER,50,47,12,6,1,26,95.0
2021-05-22,3,ER,50,37,4,7,3,22,74.4
2021-05-23,3,ER,50,41,6,4,3,19,82.62
2021-05-24,3,ER,50,47,6,6,4,21,95.0
2021-05-25,3,ER,50,47,2,5,2,21,94.12
2021-05-26,3,ER,50,47,9,4,2,23,95.0
2021-05-27,3,ER,50,47,11,11,3,24,95.0
2021-05-28,3,ER,50,47,6,4,2,24,95.0
2021-05-29,3,ER,50,38,7,8,2,20,76.67
2021-05-30,3,ER,50,41,5,6,4,20,83.79
2021-05-31,3,ER,50,47,3,7,3,24,95.0
2021-06-01,3,ER,50,46,6,2,1,23,93.44
2021-06-02,3,ER,50,46,4,5,2,17,92.96
2021-06-03,3,ER,50,43,10,4,3,24,86.77
2021-06-04,3,ER,50,42,5,4,2,24,85.51
2021-06-05,3,ER,50,37,4,4,2,19,74.68
2021-06-06,3,ER,50,42,6,11,1,22,85.23
2021-06-07,3,ER,50,44,8,5,3,24,89.99
2021-06-08,3,ER,50,46,8,6,2,27,93.79
2021-06-09,3,ER,50,46,10,10,3,25,92.63
2021-06-10,3,ER,50,44,5,7,2,24,89.17
2021-06-11,3,ER,50,46,9,11,3,23,93.07
2021-06-12,3,ER,50,36,8,4,4,22,72.28
2021-06-13,3,ER,50,34,6,8,3,20,69.2
2021-06-14,3,ER,50,41,5,4,3,20,83.97
2021-06-15,3,ER,50,47,8,6,3,21,94.23
2021-06-16,3,ER,50,47,8,6,3,24,95.0
2021-06-17,3,ER,50,47,5,6,2,23,95.0
2021-06-18,3,ER,50,47,8,8,1,25,95.0
2021-06-19,3,ER,50,37,7,10,2,21,75.09
2021-06-20,3,ER,50,38,8,4,3,21,77.52
2021-06-21,3,ER,50,42,6,3,3,21,85.25
2021-06-22,3,ER,50,47,4,5,2,19,95.0
2021-06-23,3,ER,50,45,2,8,1,25,90.85
2021-06-24,3,ER,50,42,12,5,3,21,85.82
2021-06-25,3,ER,50,47,10,3,2,25,95.0
2021-06-26,3,ER,50,36,1,7,2,20,72.84
2021-06-27,3,ER,50,37,9,5,4,21,74.98
2021-06-28,3,ER,50,43,10,10,2,21,87.71
2021-06-29,3,ER,50,46,6,8,1,21,92.4
2021-06-30,3,ER,50,47,7,7,3,23,95.0
2021-07-01,3,ER,50,40,11,4,2,21,81.48
2021-07-02,3,ER,50,43,6,5,3,18,86.35
2021-07-03,3,ER,50,34,4,7,2,19,68.4
2021-07-04,3,ER,50,32,7,4,3,22,64.63
2021-07-05,3,ER,50,40,5,5,1,24,80.95
2021-07-06,3,ER,50,39,9,8,2,23,78.06
2021-07-07,3,ER,50,40,8,9,3,20,81.47
2021-07-08,3,ER,50,36,9,7,2,21,73.85
2021-07-09,3,ER,50,46,5,4,3,25,92.63
2021-07-10,3,ER,50,32,9,8,4,20,64.68
2021-07-11,3,ER,50,35,7,11,3,20,70.52
2021-07-12,3,ER,50,40,10,3,3,24,80.02
2021-07-13,3,ER,50,40,5,6,5,23,81.74
2021-07-14,3,ER,50,40,6,6,4,20,80.41
2021-07-15,3,ER,50,42,11,3,2,24,85.7
2021-07-16,3,ER,50,40,9,8,2,22,81.82
2021-07-17,3,ER,50,32,13,6,3,20,65.43
2021-07-18,3,ER,50,33,13,4,3,27,66.4
2021-07-19,3,ER,50,39,4,5,3,21,78.02
2021-07-20,3,ER,50,39,5,5,4,22,79.56
2021-07-21,3,ER,50,42,7,6,4,24,84.16
2021-07-22,3,ER,50,42,7,10,2,22,84.2
2021-07-23,3,ER,50,43,6,9,3,21,86.82
2021-07-24,3,ER,50,32,9,11,3,21,65.57
2021-07-25,3,ER,50,35,6,4,2,24,71.71
2021-07-26,3,ER,50,44,14,11,3,24,88.82
2021-07-27,3,ER,50,38,2,5,3,17,76.99
2021-07-28,3,ER,50,44,4,7,4,24,89.03
2021-07-29,3,ER,50,38,8,3,1,21,76.03
2021-07-30,3,ER,50,41,12,4,1,22,82.07
2021-07-31,3,ER,50,34,5,4,3,20,69.92
2021-08-01,3,ER,50,31,15,6,3,18,63.58
2021-08-02,3,ER,50,39,3,4,4,19,78.42
2021-08-03,3,ER,50,38,8,7,2,26,76.82
2021-08-04,3,ER,50,39,13,5,4,19,78.51
2021-08-05,3,ER,50,39,6,6,2,21,79.33
2021-08-06,3,ER,50,39,5,7,3,20,79.59
2021-08-07,3,ER,50,33,4,6,1,20,66.51
2021-08-08,3,ER,50,32,3,3,3,21,65.12
2021-08-09,3,ER,50,34,5,3,1,23,68.73
2021-08-10,3,ER,50,41,7,6,1,23,82.6
2021-08-11,3,ER,50,38,3,6,1,22,76.91
2021-08-12,3,ER,50,35,8,6,2,25,70.97
2021-08-13,3,ER,50,34,12,7,3,22,68.84
2021-08-14,3,ER,50,34,9,6,1,19,69.32
2021-08-15,3,ER,50,33,11,1,2,20,66.66
2021-08-16,3,ER,50,42,7,7,2,22,85.08
2021-08-17,3,ER,50,35,6,4,3,22,71.11
2021-08-18,3,ER,50,36,5,11,1,24,72.54
2021-08-19,3,ER,50,40,6,2,3,24,81.16
2021-08-20,3,ER,50,39,11,10,3,22,79.06
2021-08-21,3,ER,50,29,6,5,3,22,58.35
2021-08-22,3,ER,50,30,9,2,3,21,60.44
2021-08-23,3,ER,50,41,11,12,4,21,83.39
2021-08-24,3,ER,50,39,5,3,1,22,79.51
2021-08-25,3,ER,50,40,4,7,2,23,80.31
2021-08-26,3,ER,50,36,7,6,3,22,72.39
2021-08-27,3,ER,50,37,11,5,4,20,74.29
2021-08-28,3,ER,50,35,9,7,3,21,71.29
2021-08-29,3,ER,50,31,6,8,4,25,62.52
2021-08-30,3,ER,50,38,9,8,4,20,77.72
2021-08-31,3,ER,50,39,8,7,2,22,79.86
2021-09-01,3,ER,50,39,5,6,3,20,79.78
2021-09-02,3,ER,50,36,11,2,1,22,72.13
2021-09-03,3,ER,50,37,5,9,2,20,75.86
2021-09-04,3,ER,50,30,5,9,3,18,60.8
2021-09-05,3,ER,50,27,7,6,2,18,54.31
2021-09-06,3,ER,50,34,4,7,3,23,68.45
2021-09-07,3,ER,50,34,9,6,3,20,68.41
2021-09-08,3,ER,50,35,5,7,3,21,71.16
2021-09-09,3,ER,50,36,3,3,2,22,72.34
2021-09-10,3,ER,50,33,2,7,3,19,67.23
2021-09-11,3,ER,50,32,8,7,1,22,64.68
2021-09-12,3,ER,50,29,8,6,3,20,59.61
2021-09-13,3,ER,50,37,5,7,1,24,74.56
2021-09-14,3,ER,50,34,10,6,4,23,68.87
2021-09-15,3,ER,50,35,8,6,3,23,71.41
2021-09-16,3,ER,50,34,6,5,2,18,68.69
2021-09-17,3,ER,50,35,6,4,2,20,71.68
2021-09-18,3,ER,50,28,8,7,2,22,57.67
2021-09-19,3,ER,50,30,7,13,4,18,60.54
2021-09-20,3,ER,50,37,12,10,4,20,74.68
2021-09-21,3,ER,50,37,10,7,1,19,75.65
2021-09-22,3,ER,50,38,9,6,2,23,76.18
2021-09-23,3,ER,50,37,6,10,1,21,75.73
2021-09-24,3,ER,50,36,6,3,2,23,72.46
2021-09-25,3,ER,50,26,9,9,2,21,52.73
2021-09-26,3,ER,50,28,6,7,3,19,57.18
2021-09-27,3,ER,50,37,9,6,3,24,74.75
2021-09-28,3,ER,50,38,5,8,3,23,76.19
2021-09-29,3,ER,50,37,6,6,2,22,75.97
2021-09-30,3,ER,50,32,11,8,3,20,64.8
2021-10-01,3,ER,50,37,4,10,3,19,75.44
2021-10-02,3,ER,50,33,6,11,1,20,66.43
2021-10-03,3,ER,50,30,3,7,4,22,61.64
2021-10-04,3,ER,50,39,9,1,2,21,78.01
2021-10-05,3,ER,50,42,5,4,3,23,85.98
2021-10-06,3,ER,50,40,5,8,2,19,81.72
2021-10-07,3,ER,50,40,9,6,2,20,81.91
2021-10-08,3,ER,50,34,9,6,1,21,68.82
2021-10-09,3,ER,50,33,7,3,1,19,66.63
2021-10-10,3,ER,50,33,9,8,2,20,66.47
2021-10-11,3,ER,50,38,8,9,3,22,77.16
2021-10-12,3,ER,50,40,7,9,3,19,81.78
2021-10-13,3,ER,50,40,7,9,2,17,80.72
2021-10-14,3,ER,50,35,5,7,1,20,70.21
2021-10-15,3,ER,50,34,7,8,4,25,69.42
2021-10-16,3,ER,50,31,11,2,3,25,63.9
2021-10-17,3,ER,50,28,12,10,1,20,56.5
2021-10-18,3,ER,50,39,9,11,3,19,79.37
2021-10-19,3,ER,50,37,7,5,4,26,74.98
2021-10-20,3,ER,50,39,15,10,3,18,79.91
2021-10-21,3,ER,50,35,9,7,2,19,71.52
2021-10-22,3,ER,50,41,8,6,1,20,82.03
2021-10-23,3,ER,50,31,7,6,3,19,62.92
2021-10-24,3,ER,50,34,8,6,1,22,69.27
2021-10-25,3,ER,50,39,7,10,3,22,78.3
2021-10-26,3,ER,50,43,7,7,3,23,86.82
2021-10-27,3,ER,50,38,9,4,4,21,77.11
2021-10-28,3,ER,50,41,7,8,2,21,82.06
2021-10-29,3,ER,50,34,8,13,1,21,68.95
2021-10-30,3,ER,50,33,7,9,4,21,66.56
2021-10-31,3,ER,50,30,6,5,1,20,60.83
2021-11-01,3,ER,50,40,6,8,3,24,81.86
2021-11-02,3,ER,50,43,11,5,2,22,87.99
2021-11-03,3,ER,50,41,4,7,2,22,82.55
2021-11-04,3,ER,50,39,10,7,2,24,79.92
2021-11-05,3,ER,50,43,6,11,2,24,86.69
2021-11-06,3,ER,50,33,7,5,3,21,67.43
2021-11-07,3,ER,50,33,5,7,2,21,66.51
2021-11-08,3,ER,50,38,11,7,4,19,77.31
2021-11-09,3,ER,50,41,2,12,2,22,83.16
2021-11-10,3,ER,50,37,8,6,2,20,74.22
2021-11-11,3,ER,50,39,9,4,4,20,79.19
2021-11-12,3,ER,50,42,5,9,5,23,84.22
2021-11-13,3,ER,50,34,12,9,1,23,69.02
2021-11-14,3,ER,50,32,4,5,3,22,65.89
2021-11-15,3,ER,50,42,4,8,5,20,85.37
2021-11-16,3,ER,50,31,8,5,3,21,63.78
2021-11-17,3,ER,50,43,12,6,2,22,86.78
2021-11-18,3,ER,50,40,7,8,3,21,81.0
2021-11-19,3,ER,50,42,7,7,3,23,84.77
2021-11-20,3,ER,50,28,10,10,2,18,57.03
2021-11-21,3,ER,50,31,2,11,5,21,62.38
2021-11-22,3,ER,50,38,8,9,3,23,76.56
2021-11-23,3,ER,50,45,12,6,4,26,90.46
2021-11-24,3,ER,50,41,4,5,2,24,83.33
2021-11-25,3,ER,50,44,3,8,4,24,89.16
2021-11-26,3,ER,50,43,4,4,3,23,86.27
2021-11-27,3,ER,50,32,5,4,3,19,64.01
2021-11-28,3,ER,50,30,5,8,1,23,60.72
2021-11-29,3,ER,50,41,7,6,2,21,83.44
2021-11-30,3,ER,50,40,9,8,3,17,80.97
2021-12-01,3,ER,50,46,9,5,2,20,93.24
2021-12-02,3,ER,50,43,11,4,4,26,87.48
2021-12-03,3,ER,50,41,6,8,2,21,82.68
2021-12-04,3,ER,50,38,9,10,1,22,77.12
2021-12-05,3,ER,50,38,13,12,4,20,77.83
2021-12-06,3,ER,50,44,5,10,4,23,88.06
2021-12-07,3,ER,50,42,4,7,1,25,85.7
2021-12-08,3,ER,50,46,6,7,2,21,92.02
2021-12-09,3,ER,50,42,8,6,3,23,85.14
2021-12-10,3,ER,50,47,8,6,2,20,95.0
2021-12-11,3,ER,50,36,8,8,3,17,73.41
2021-12-12,3,ER,50,39,7,5,5,22,78.44
2021-12-13,3,ER,50,47,7,10,2,25,95.0
2021-12-14,3,ER,50,46,7,4,1,24,92.39
2021-12-15,3,ER,50,47,7,4,2,23,95.0
2021-12-16,3,ER,50,43,9,5,2,24,87.83
2021-12-17,3,ER,50,43,9,2,3,22,87.93
2021-12-18,3,ER,50,37,7,6,2,22,74.65
2021-12-19,3,ER,50,34,7,9,3,20,68.35
2021-12-20,3,ER,50,45,7,6,2,23,90.69
2021-12-21,3,ER,50,42,4,4,2,22,85.26
2021-12-22,3,ER,50,44,5,7,3,22,89.48
2021-12-23,3,ER,50,40,15,7,3,22,80.7
2021-12-24,3,ER,50,45,8,9,3,21,91.21
2021-12-25,3,ER,50,38,8,11,4,20,76.52
2021-12-26,3,ER,50,37,10,7,2,23,74.37
2021-12-27,3,ER,50,45,7,6,2,25,91.66
2021-12-28,3,ER,50,44,9,3,2,21,88.54
2021-12-29,3,ER,50,47,6,10,4,25,95.0
2021-12-30,3,ER,50,44,6,2,3,26,88.76
2021-12-31,3,ER,50,42,4,12,3,19,85.36
2022-01-01,3,ER,50,37,9,11,2,20,75.67
2022-01-02,3,ER,50,28,7,7,2,20,56.12
2022-01-03,3,ER,50,35,8,7,3,20,71.71
2022-01-04,3,ER,50,38,4,8,2,20,77.46
2022-01-05,3,ER,50,41,12,9,3,19,83.13
2022-01-06,3,ER,50,38,10,2,3,24,76.68
2022-01-07,3,ER,50,39,8,4,2,22,78.43
2022-01-08,3,ER,50,35,8,6,1,22,70.6
2022-01-09,3,ER,50,29,7,9,3,25,59.94
2022-01-10,3,ER,50,37,10,11,3,21,74.63
2022-01-11,3,ER,50,35,11,5,3,22,70.96
2022-01-12,3,ER,50,34,5,6,3,22,68.87
2022-01-13,3,ER,50,43,3,8,2,23,86.93
2022-01-14,3,ER,50,37,12,8,3,21,74.95
2022-01-15,3,ER,50,28,9,4,3,20,56.7
2022-01-16,3,ER,50,28,9,7,5,19,57.22
2022-01-17,3,ER,50,38,4,6,2,21,76.13
2022-01-18,3,ER,50,42,4,8,3,25,85.55
2022-01-19,3,ER,50,38,6,12,2,20,77.6
2022-01-20,3,ER,50,39,6,6,3,21,78.83
2022-01-21,3,ER,50,42,14,9,2,26,84.97
2022-01-22,3,ER,50,28,9,6,3,27,57.76
2022-01-23,3,ER,50,27,4,11,2,24,55.26
2022-01-24,3,ER,50,34,6,6,2,18,68.18
2022-01-25,3,ER,50,36,5,15,2,22,73.86
2022-01-26,3,ER,50,40,13,10,4,24,81.62
2022-01-27,3,ER,50,40,10,7,2,19,80.1
2022-01-28,3,ER,50,37,9,2,2,19,75.08
2022-01-29,3,ER,50,30,11,4,4,22,61.27
2022-01-30,3,ER,50,31,5,5,3,20,63.8
2022-01-31,3,ER,50,33,15,5,2,21,66.51
2022-02-01,3,ER,50,41,10,13,1,21,83.35
2022-02-02,3,ER,50,46,5,5,3,24,92.29
2022-02-03,3,ER,50,38,7,5,4,22,76.92
2022-02-04,3,ER,50,40,10,11,4,21,80.26
2022-02-05,3,ER,50,35,6,3,3,16,71.56
2022-02-06,3,ER,50,33,8,9,2,22,67.29
2022-02-07,3,ER,50,38,12,8,3,23,77.78
2022-02-08,3,ER,50,41,6,4,3,21,82.58
2022-02-09,3,ER,50,44,11,3,3,22,88.35
2022-02-10,3,ER,50,47,8,7,2,22,94.42
2022-02-11,3,ER,50,40,5,10,3,21,80.7
2022-02-12,3,ER,50,36,7,4,4,19,73.62
2022-02-13,3,ER,50,36,7,9,3,19,73.95
2022-02-14,3,ER,50,38,4,5,2,21,77.72
2022-02-15,3,ER,50,42,5,8,2,24,85.29
2022-02-16,3,ER,50,42,11,8,5,24,85.26
2022-02-17,3,ER,50,41,8,8,2,25,83.12
2022-02-18,3,ER,50,43,16,5,3,19,87.82
2022-02-19,3,ER,50,34,11,7,4,24,68.43
2022-02-20,3,ER,50,32,8,7,2,21,65.9
2022-02-21,3,ER,50,41,9,5,1,23,82.35
2022-02-22,3,ER,50,40,9,8,1,25,81.5
2022-02-23,3,ER,50,38,12,4,3,22,77.59
2022-02-24,3,ER,50,39,13,5,3,23,79.89
2022-02-25,3,ER,50,41,8,7,4,25,83.65
2022-02-26,3,ER,50,32,8,9,4,19,65.14
2022-02-27,3,ER,50,35,4,5,2,20,70.4
2022-02-28,3,ER,50,38,7,6,2,22,76.86
2022-03-01,3,ER,50,41,3,8,2,24,82.85
2022-03-02,3,ER,50,40,8,5,4,22,81.04
2022-03-03,3,ER,50,42,4,4,4,24,85.42
2022-03-04,3,ER,50,45,3,6,3,24,90.26
2022-03-05,3,ER,50,31,6,3,4,22,63.1
2022-03-06,3,ER,50,37,9,6,3,19,74.79
2022-03-07,3,ER,50,42,6,6,4,20,85.01
2022-03-08,3,ER,50,40,5,6,3,20,80.3
2022-03-09,3,ER,50,41,7,11,1,19,83.53
2022-03-10,3,ER,50,40,6,8,3,19,80.29
2022-03-11,3,ER,50,42,5,3,2,24,85.42
2022-03-12,3,ER,50,34,6,8,3,21,69.56
2022-03-13,3,ER,50,35,8,9,1,23,71.88
2022-03-14,3,ER,50,39,11,9,3,22,78.48
2022-03-15,3,ER,50,37,7,5,2,20,75.11
2022-03-16,3,ER,50,43,10,4,1,23,86.79
2022-03-17,3,ER,50,42,7,2,2,21,85.61
2022-03-18,3,ER,50,45,11,7,3,27,90.58
2022-03-19,3,ER,50,33,6,7,4,22,67.19
2022-03-20,3,ER,50,35,7,4,2,24,71.43
2022-03-21,3,ER,50,46,10,7,3,24,93.89
2022-03-22,3,ER,50,41,3,12,2,23,82.84
2022-03-23,3,ER,50,40,4,6,3,19,81.52
2022-03-24,3,ER,50,41,7,5,4,25,83.42
2022-03-25,3,ER,50,40,13,10,3,19,81.61
2022-03-26,3,ER,50,34,4,5,4,23,69.98
2022-03-27,3,ER,50,35,8,11,2,26,70.25
2022-03-28,3,ER,50,42,2,8,4,24,84.08
2022-03-29,3,ER,50,43,10,3,1,22,87.45
2022-03-30,3,ER,50,38,9,8,2,24,77.19
2022-03-31,3,ER,50,45,13,7,2,25,90.25
2022-04-01,3,ER,50,38,10,9,2,22,77.82
2022-04-02,3,ER,50,31,10,6,3,21,63.96
2022-04-03,3,ER,50,37,9,11,3,19,74.26
2022-04-04,3,ER,50,38,6,7,4,23,76.33
2022-04-05,3,ER,50,38,9,3,1,22,77.66
2022-04-06,3,ER,50,39,5,3,2,25,78.15
2022-04-07,3,ER,50,41,8,3,2,22,82.27
2022-04-08,3,ER,50,41,6,5,4,22,82.35
2022-04-09,3,ER,50,37,8,14,4,21,74.13
2022-04-10,3,ER,50,34,3,6,3,19,68.05
2022-04-11,3,ER,50,42,6,10,2,22,85.43
2022-04-12,3,ER,50,40,6,3,1,22,81.17
2022-04-13,3,ER,50,39,6,5,2,24,79.19
2022-04-14,3,ER,50,35,11,6,3,21,70.42
2022-04-15,3,ER,50,42,4,4,2,23,85.7
2022-04-16,3,ER,50,32,9,7,2,22,65.83
2022-04-17,3,ER,50,31,4,11,3,21,63.26
2022-04-18,3,ER,50,42,6,9,1,26,84.49
2022-04-19,3,ER,50,40,8,3,2,24,80.67
2022-04-20,3,ER,50,45,9,5,2,22,91.13
2022-04-21,3,ER,50,41,9,5,3,21,82.64
2022-04-22,3,ER,50,44,8,5,3,21,89.64
2022-04-23,3,ER,50,38,12,5,3,22,76.56
2022-04-24,3,ER,50,35,8,7,3,21,70.52
2022-04-25,3,ER,50,42,6,13,1,17,85.92
2022-04-26,3,ER,50,43,4,8,1,23,87.04
2022-04-27,3,ER,50,44,6,10,1,20,88.01
2022-04-28,3,ER,50,42,6,9,1,24,84.71
2022-04-29,3,ER,50,41,5,4,4,19,82.53
2022-04-30,3,ER,50,33,8,4,3,19,66.09
2022-05-01,3,ER,50,31,7,4,1,24,63.24
2022-05-02,3,ER,50,43,13,10,2,23,87.21
2022-05-03,3,ER,50,39,6,9,2,24,79.58
2022-05-04,3,ER,50,39,5,10,3,21,79.08
2022-05-05,3,ER,50,37,6,5,3,20,74.84
2022-05-06,3,ER,50,37,8,13,2,24,74.23
2022-05-07,3,ER,50,31,3,8,2,20,63.76
2022-05-08,3,ER,50,30,4,9,3,21,60.62
2022-05-09,3,ER,50,39,8,7,3,20,78.83
2022-05-10,3,ER,50,37,11,5,2,21,74.84
2022-05-11,3,ER,50,41,7,7,2,20,82.71
2022-05-12,3,ER,50,33,7,7,2,16,66.3
2022-05-13,3,ER,50,33,7,8,2,24,67.63
2022-05-14,3,ER,50,31,6,5,3,20,62.36
2022-05-15,3,ER,50,32,9,5,2,18,64.62
2022-05-16,3,ER,50,36,7,8,3,21,73.54
2022-05-17,3,ER,50,38,7,7,4,21,77.73
2022-05-18,3,ER,50,40,11,5,2,22,81.87
2022-05-19,3,ER,50,37,10,10,4,24,74.15
2022-05-20,3,ER,50,39,10,7,1,20,78.26
2022-05-21,3,ER,50,34,7,5,3,19,68.94
2022-05-22,3,ER,50,34,6,3,4,24,69.59
2022-05-23,3,ER,50,34,8,6,2,23,69.56
2022-05-24,3,ER,50,40,8,10,3,19,81.45
2022-05-25,3,ER,50,36,6,9,1,18,73.46
2022-05-26,3,ER,50,35,5,10,3,23,71.78
2022-05-27,3,ER,50,41,9,10,2,26,82.23
2022-05-28,3,ER,50,30,5,8,4,19,61.19
2022-05-29,3,ER,50,32,9,6,2,21,64.74
2022-05-30,3,ER,50,38,8,6,4,23,77.49
2022-05-31,3,ER,50,35,9,3,2,21,70.33
2022-06-01,3,ER,50,36,9,8,1,17,73.66
2022-06-02,3,ER,50,35,5,4,3,22,71.38
2022-06-03,3,ER,50,33,4,6,2,23,66.85
2022-06-04,3,ER,50,29,13,6,4,23,58.31
2022-06-05,3,ER,50,25,10,9,3,19,51.58
2022-06-06,3,ER,50,33,9,13,4,22,66.43
2022-06-07,3,ER,50,30,9,5,4,19,61.97
2022-06-08,3,ER,50,34,6,8,3,21,69.27
2022-06-09,3,ER,50,37,7,8,2,23,75.46
2022-06-10,3,ER,50,36,8,11,1,22,73.84
2022-06-11,3,ER,50,27,4,6,2,16,54.76
2022-06-12,3,ER,50,26,5,8,1,19,52.86
2022-06-13,3,ER,50,33,5,4,4,20,67.14
2022-06-14,3,ER,50,39,7,6,3,21,78.6
2022-06-15,3,ER,50,33,7,7,2,24,67.28
2022-06-16,3,ER,50,33,4,5,2,25,67.27
2022-06-17,3,ER,50,32,7,7,3,19,65.81
2022-06-18,3,ER,50,30,8,6,1,22,61.7
2022-06-19,3,ER,50,25,6,8,3,24,50.85
2022-06-20,3,ER,50,34,11,6,4,22,69.14
2022-06-21,3,ER,50,30,4,7,2,18,60.53
2022-06-22,3,ER,50,35,7,10,3,20,71.94
2022-06-23,3,ER,50,36,8,6,5,23,72.57
2022-06-24,3,ER,50,31,10,3,2,25,62.04
2022-06-25,3,ER,50,29,8,4,3,19,59.0
2022-06-26,3,ER,50,24,9,3,2,20,48.68
2022-06-27,3,ER,50,35,5,10,3,22,70.32
2022-06-28,3,ER,50,34,10,8,1,20,68.44
2022-06-29,3,ER,50,30,11,7,3,21,61.9
2022-06-30,3,ER,50,38,8,6,4,22,76.24
2022-07-01,3,ER,50,28,7,8,3,19,56.56
2022-07-02,3,ER,50,29,5,5,3,21,58.6
2022-07-03,3,ER,50,20,7,6,3,17,41.41
2022-07-04,3,ER,50,33,9,8,3,25,67.2
2022-07-05,3,ER,50,30,9,8,4,24,61.4
2022-07-06,3,ER,50,32,8,7,1,17,65.16
2022-07-07,3,ER,50,33,10,10,3,21,67.6
2022-07-08,3,ER,50,28,9,7,2,22,56.59
2022-07-09,3,ER,50,23,7,9,2,21,46.82
2022-07-10,3,ER,50,25,8,3,2,21,50.09
2022-07-11,3,ER,50,35,3,9,3,21,71.49
2022-07-12,3,ER,50,31,10,10,3,21,63.3
2022-07-13,3,ER,50,30,6,5,3,22,60.83
2022-07-14,3,ER,50,34,4,7,1,18,68.18
2022-07-15,3,ER,50,30,7,7,1,21,61.15
2022-07-16,3,ER,50,24,14,10,3,20,49.21
2022-07-17,3,ER,50,20,9,3,3,16,40.34
2022-07-18,3,ER,50,28,9,10,2,21,56.21
2022-07-19,3,ER,50,28,7,10,2,19,56.23
2022-07-20,3,ER,50,32,2,2,4,22,64.24
2022-07-21,3,ER,50,31,7,9,3,17,63.19
2022-07-22,3,ER,50,32,5,8,3,20,65.55
2022-07-23,3,ER,50,27,10,5,2,21,54.67
2022-07-24,3,ER,50,21,7,10,4,15,43.93
2022-07-25,3,ER,50,28,5,2,3,22,57.97
2022-07-26,3,ER,50,32,5,8,2,25,64.74
2022-07-27,3,ER,50,31,12,7,3,22,63.42
2022-07-28,3,ER,50,35,8,6,5,21,71.8
2022-07-29,3,ER,50,27,11,4,3,19,55.52
2022-07-30,3,ER,50,28,8,8,4,21,57.69
2022-07-31,3,ER,50,25,7,7,2,16,50.26
2022-08-01,3,ER,50,26,9,8,3,21,52.44
2022-08-02,3,ER,50,32,4,6,4,20,65.64
2022-08-03,3,ER,50,27,8,7,5,19,54.05
2022-08-04,3,ER,50,29,13,7,3,22,58.76
2022-08-05,3,ER,50,28,7,10,3,20,56.05
2022-08-06,3,ER,50,19,3,7,2,18,39.05
2022-08-07,3,ER,50,23,5,12,2,23,46.68
2022-08-08,3,ER,50,23,9,10,1,20,47.97
2022-08-09,3,ER,50,26,4,6,2,23,53.2
2022-08-10,3,ER,50,29,13,4,2,21,59.99
2022-08-11,3,ER,50,29,9,7,3,20,58.83
2022-08-12,3,ER,50,28,3,10,1,20,57.88
2022-08-13,3,ER,50,18,8,8,1,17,37.12
2022-08-14,3,ER,50,20,12,13,3,18,40.39
2022-08-15,3,ER,50,24,4,4,3,17,49.14
2022-08-16,3,ER,50,25,6,7,3,21,51.5
2022-08-17,3,ER,50,31,5,2,3,21,63.67
2022-08-18,3,ER,50,29,6,13,2,19,58.13
2022-08-19,3,ER,50,29,8,7,3,18,59.54
2022-08-20,3,ER,50,21,7,5,1,21,42.95
2022-08-21,3,ER,50,22,10,5,3,21,44.68
2022-08-22,3,ER,50,36,7,9,4,23,72.32
2022-08-23,3,ER,50,31,4,5,3,19,62.1
2022-08-24,3,ER,50,30,7,6,1,17,61.24
2022-08-25,3,ER,50,29,7,5,2,19,58.03
2022-08-26,3,ER,50,33,3,9,1,21,67.55
2022-08-27,3,ER,50,21,5,10,3,16,42.42
2022-08-28,3,ER,50,18,8,10,1,15,36.16
2022-08-29,3,ER,50,28,7,10,1,18,56.03
2022-08-30,3,ER,50,29,6,1,2,24,58.57
2022-08-31,3,ER,50,30,4,2,2,20,61.4
2022-09-01,3,ER,50,28,10,4,2,17,57.96
2022-09-02,3,ER,50,26,9,10,2,20,52.15
2022-09-03,3,ER,50,25,5,9,2,20,51.97
2022-09-04,3,ER,50,17,8,6,2,18,35.9
2022-09-05,3,ER,50,29,5,7,2,16,58.69
2022-09-06,3,ER,50,25,8,9,3,18,50.61
2022-09-07,3,ER,50,28,11,5,2,21,56.47
2022-09-08,3,ER,50,23,7,6,2,18,47.76
2022-09-09,3,ER,50,28,4,11,3,17,56.91
2022-09-10,3,ER,50,17,9,3,3,18,34.77
2022-09-11,3,ER,50,21,8,5,3,17,42.63
2022-09-12,3,ER,50,29,10,3,1,18,59.48
2022-09-13,3,ER,50,30,13,6,3,21,60.18
2022-09-14,3,ER,50,24,5,9,3,19,49.8
2022-09-15,3,ER,50,25,8,10,3,22,51.37
2022-09-16,3,ER,50,30,6,5,1,22,61.41
2022-09-17,3,ER,50,21,6,6,2,18,42.1
2022-09-18,3,ER,50,18,5,3,3,17,37.77
2022-09-19,3,ER,50,23,7,10,1,17,46.29
2022-09-20,3,ER,50,27,7,4,1,22,55.95
2022-09-21,3,ER,50,26,8,7,2,20,53.16
2022-09-22,3,ER,50,26,8,3,3,21,53.16
2022-09-23,3,ER,50,21,6,4,2,21,42.59
2022-09-24,3,ER,50,16,6,8,3,22,33.4
2022-09-25,3,ER,50,18,8,2,1,17,37.35
2022-09-26,3,ER,50,23,6,10,1,16,46.18
2022-09-27,3,ER,50,26,9,12,2,21,52.12
2022-09-28,3,ER,50,25,12,7,3,16,51.99
2022-09-29,3,ER,50,30,8,4,2,23,60.22
2022-09-30,3,ER,50,24,7,11,2,21,48.84
2022-10-01,3,ER,50,23,7,3,1,21,47.74
2022-10-02,3,ER,50,21,9,10,1,22,43.84
2022-10-03,3,ER,50,27,10,7,2,21,55.71
2022-10-04,3,ER,50,26,8,9,1,21,53.83
2022-10-05,3,ER,50,27,8,10,2,20,54.05
2022-10-06,3,ER,50,27,7,14,4,22,54.14
2022-10-07,3,ER,50,26,13,10,3,17,53.3
2022-10-08,3,ER,50,24,8,6,2,19,48.22
2022-10-09,3,ER,50,23,7,12,2,19,47.24
2022-10-10,3,ER,50,25,8,6,2,20,51.51
2022-10-11,3,ER,50,29,4,2,1,19,59.9
2022-10-12,3,ER,50,27,7,6,3,20,54.5
2022-10-13,3,ER,50,27,8,5,4,22,55.17
2022-10-14,3,ER,50,26,4,7,2,18,53.15
2022-10-15,3,ER,50,24,6,3,2,19,49.61
2022-10-16,3,ER,50,21,8,10,2,19,42.8
2022-10-17,3,ER,50,33,4,5,2,19,66.25
2022-10-18,3,ER,50,23,11,7,2,16,46.5
2022-10-19,3,ER,50,29,7,8,1,23,59.56
2022-10-20,3,ER,50,28,10,7,2,18,56.77
2022-10-21,3,ER,50,28,5,14,5,20,56.56
2022-10-22,3,ER,50,24,6,4,2,26,48.93
2022-10-23,3,ER,50,20,5,5,1,16,41.76
2022-10-24,3,ER,50,31,6,6,1,22,63.78
2022-10-25,3,ER,50,22,4,7,3,17,45.95
2022-10-26,3,ER,50,25,9,8,3,19,51.47
2022-10-27,3,ER,50,29,8,3,1,22,58.91
2022-10-28,3,ER,50,26,7,10,1,19,52.66
2022-10-29,3,ER,50,21,5,11,3,16,43.21
2022-10-30,3,ER,50,15,7,8,3,21,31.5
2022-10-31,3,ER,50,25,6,13,4,21,51.89
2022-11-01,3,ER,50,30,7,5,2,20,60.56
2022-11-02,3,ER,50,30,3,10,4,22,60.04
2022-11-03,3,ER,50,29,8,8,4,21,58.86
2022-11-04,3,ER,50,29,9,7,4,20,58.78
2022-11-05,3,ER,50,26,11,5,3,19,53.69
2022-11-06,3,ER,50,24,5,6,4,19,49.12
2022-11-07,3,ER,50,35,5,9,3,21,70.15
2022-11-08,3,ER,50,33,5,9,2,23,66.57
2022-11-09,3,ER,50,27,7,8,2,19,55.9
2022-11-10,3,ER,50,29,8,8,2,19,59.23
2022-11-11,3,ER,50,27,8,8,1,19,54.03
2022-11-12,3,ER,50,23,6,8,4,20,46.78
2022-11-13,3,ER,50,24,7,6,1,21,48.25
2022-11-14,3,ER,50,35,12,9,2,24,70.38
2022-11-15,3,ER,50,28,12,6,1,20,56.42
2022-11-16,3,ER,50,31,7,11,2,21,63.6
2022-11-17,3,ER,50,28,8,5,4,22,57.37
2022-11-18,3,ER,50,30,7,5,3,21,60.23
2022-11-19,3,ER,50,22,7,6,2,19,45.33
2022-11-20,3,ER,50,25,6,16,3,20,51.38
2022-11-21,3,ER,50,25,9,7,3,24,51.56
2022-11-22,3,ER,50,31,6,4,3,19,62.72
2022-11-23,3,ER,50,29,7,8,3,23,59.54
2022-11-24,3,ER,50,31,4,1,3,19,62.88
2022-11-25,3,ER,50,28,10,4,1,19,57.98
2022-11-26,3,ER,50,21,5,7,2,16,42.16
2022-11-27,3,ER,50,23,8,4,3,20,47.7
2022-11-28,3,ER,50,28,10,3,2,22,57.94
2022-11-29,3,ER,50,27,14,7,2,20,54.8
2022-11-30,3,ER,50,30,9,4,3,16,61.59
2022-12-01,3,ER,50,34,2,7,4,20,68.9
2022-12-02,3,ER,50,35,9,7,3,22,70.85
2022-12-03,3,ER,50,28,10,5,2,20,56.11
2022-12-04,3,ER,50,24,6,4,3,20,49.77
2022-12-05,3,ER,50,40,6,3,3,23,80.41
2022-12-06,3,ER,50,36,10,3,2,22,72.17
2022-12-07,3,ER,50,36,10,6,3,21,72.4
2022-12-08,3,ER,50,34,9,8,4,17,69.32
2022-12-09,3,ER,50,34,4,3,1,19,68.45
2022-12-10,3,ER,50,25,7,8,2,21,50.82
2022-12-11,3,ER,50,25,9,7,2,17,50.9
2022-12-12,3,ER,50,37,7,4,1,20,75.66
2022-12-13,3,ER,50,33,5,11,2,21,67.79
2022-12-14,3,ER,50,31,12,4,3,22,62.02
2022-12-15,3,ER,50,35,7,11,4,20,71.59
2022-12-16,3,ER,50,36,9,7,2,21,72.4
2022-12-17,3,ER,50,26,7,7,2,20,53.81
2022-12-18,3,ER,50,24,9,13,1,18,48.06
2022-12-19,3,ER,50,34,7,5,1,22,69.48
2022-12-20,3,ER,50,33,6,8,2,21,66.48
2022-12-21,3,ER,50,32,8,3,4,21,64.84
2022-12-22,3,ER,50,37,3,5,4,22,75.6
2022-12-23,3,ER,50,31,7,4,1,22,63.23
2022-12-24,3,ER,50,27,11,12,4,21,55.23
2022-12-25,3,ER,50,29,12,7,4,19,58.15
2022-12-26,3,ER,50,37,6,7,5,23,74.29
2022-12-27,3,ER,50,36,5,3,4,21,72.04
2022-12-28,3,ER,50,36,9,4,1,18,73.78
2022-12-29,3,ER,50,37,4,8,4,21,75.78
2022-12-30,3,ER,50,33,8,6,4,19,66.27
2022-12-31,3,ER,50,28,5,9,2,21,56.18
2023-01-01,3,ER,50,31,11,11,2,21,63.69
2023-01-02,3,ER,50,38,7,11,1,24,76.43
2023-01-03,3,ER,50,37,8,10,3,19,75.91
2023-01-04,3,ER,50,39,9,10,2,21,79.78
2023-01-05,3,ER,50,39,7,6,2,20,78.33
2023-01-06,3,ER,50,38,4,9,1,23,77.29
2023-01-07,3,ER,50,37,7,5,2,24,74.27
2023-01-08,3,ER,50,32,11,8,3,22,64.5
2023-01-09,3,ER,50,37,7,4,2,24,75.01
2023-01-10,3,ER,50,38,4,7,4,20,76.05
2023-01-11,3,ER,50,35,7,8,5,21,70.31
2023-01-12,3,ER,50,39,6,8,3,20,78.22
2023-01-13,3,ER,50,39,8,5,4,20,79.42
2023-01-14,3,ER,50,34,11,11,3,22,68.02
2023-01-15,3,ER,50,32,7,10,3,19,64.22
2023-01-16,3,ER,50,38,9,3,1,19,77.81
2023-01-17,3,ER,50,43,3,9,1,19,86.04
2023-01-18,3,ER,50,39,6,12,1,21,78.04
2023-01-19,3,ER,50,36,6,4,4,21,73.85
2023-01-20,3,ER,50,37,7,7,2,20,75.43
2023-01-21,3,ER,50,31,10,7,1,16,62.41
2023-01-22,3,ER,50,27,7,5,2,24,55.78
2023-01-23,3,ER,50,40,7,10,2,22,81.57
2023-01-24,3,ER,50,32,6,7,3,17,65.08
2023-01-25,3,ER,50,38,11,4,2,22,76.89
2023-01-26,3,ER,50,43,10,7,3,26,86.02
2023-01-27,3,ER,50,43,5,11,4,24,86.36
2023-01-28,3,ER,50,36,6,10,3,25,72.6
2023-01-29,3,ER,50,35,11,3,3,25,70.41
2023-01-30,3,ER,50,35,8,5,2,19,70.56
2023-01-31,3,ER,50,39,4,3,3,24,78.89
2023-02-01,3,ER,50,43,5,5,3,24,86.18
2023-02-02,3,ER,50,42,6,5,2,25,85.2
2023-02-03,3,ER,50,39,9,8,3,25,79.85
2023-02-04,3,ER,50,29,6,5,2,22,58.08
2023-02-05,3,ER,50,36,13,6,2,23,72.86
2023-02-06,3,ER,50,44,3,7,3,22,89.97
2023-02-07,3,ER,50,41,10,9,2,20,82.23
2023-02-08,3,ER,50,42,6,7,2,27,84.1
2023-02-09,3,ER,50,38,8,5,5,21,77.84
2023-02-10,3,ER,50,39,7,9,2,22,79.05
2023-02-11,3,ER,50,30,8,11,4,21,60.09
2023-02-12,3,ER,50,33,13,11,1,23,66.46
2023-02-13,3,ER,50,41,6,4,4,24,82.67
2023-02-14,3,ER,50,43,7,6,2,22,86.78
2023-02-15,3,ER,50,40,5,10,3,24,80.81
2023-02-16,3,ER,50,40,8,4,1,26,80.22
2023-02-17,3,ER,50,41,7,7,3,20,82.96
2023-02-18,3,ER,50,33,8,9,1,24,66.24
2023-02-19,3,ER,50,29,13,4,2,18,59.51
2023-02-20,3,ER,50,37,6,11,5,20,74.29
2023-02-21,3,ER,50,41,4,7,2,17,82.39
2023-02-22,3,ER,50,37,11,6,2,22,74.94
2023-02-23,3,ER,50,39,9,8,1,21,79.18
2023-02-24,3,ER,50,37,9,7,3,23,75.2
2023-02-25,3,ER,50,33,6,4,4,22,66.09
2023-02-26,3,ER,50,35,5,7,2,22,70.83
2023-02-27,3,ER,50,42,4,12,5,23,84.35
2023-02-28,3,ER,50,42,3,8,4,21,84.46
2023-03-01,3,ER,50,40,8,4,2,23,81.63
2023-03-02,3,ER,50,39,10,10,2,24,78.95
2023-03-03,3,ER,50,39,2,7,4,20,78.66
2023-03-04,3,ER,50,36,9,12,1,22,73.55
2023-03-05,3,ER,50,31,5,1,3,23,63.38
2023-03-06,3,ER,50,39,8,3,6,21,79.33
2023-03-07,3,ER,50,42,7,9,3,23,85.36
2023-03-08,3,ER,50,42,6,6,2,19,84.61
2023-03-09,3,ER,50,43,14,10,2,22,87.78
2023-03-10,3,ER,50,41,4,9,3,20,83.39
2023-03-11,3,ER,50,33,10,6,3,19,66.61
2023-03-12,3,ER,50,34,9,8,4,23,68.44
2023-03-13,3,ER,50,46,5,5,2,25,92.9
2023-03-14,3,ER,50,40,4,9,4,22,80.95
2023-03-15,3,ER,50,41,1,3,3,22,82.21
2023-03-16,3,ER,50,41,10,3,3,21,83.37
2023-03-17,3,ER,50,37,11,8,3,22,75.46
2023-03-18,3,ER,50,36,13,8,2,20,72.42
2023-03-19,3,ER,50,31,6,5,3,19,63.04
2023-03-20,3,ER,50,43,10,7,3,21,86.89
2023-03-21,3,ER,50,44,5,9,2,21,88.89
2023-03-22,3,ER,50,45,6,9,2,23,91.66
2023-03-23,3,ER,50,37,4,5,3,21,75.12
2023-03-24,3,ER,50,40,15,10,2,23,80.66
2023-03-25,3,ER,50,38,5,8,1,21,76.85
2023-03-26,3,ER,50,39,12,9,3,22,78.51
2023-03-27,3,ER,50,42,7,7,3,24,85.87
2023-03-28,3,ER,50,44,10,11,1,22,88.4
2023-03-29,3,ER,50,47,12,11,4,25,95.0
2023-03-30,3,ER,50,42,11,6,2,23,85.58
2023-03-31,3,ER,50,47,4,7,2,24,94.51
2023-04-01,3,ER,50,31,9,4,1,23,62.25
2023-04-02,3,ER,50,35,12,8,3,21,71.94
2023-04-03,3,ER,50,39,6,4,1,24,78.24
2023-04-04,3,ER,50,40,4,4,2,20,80.97
2023-04-05,3,ER,50,44,5,4,3,23,88.4
2023-04-06,3,ER,50,43,7,4,2,22,87.45
2023-04-07,3,ER,50,37,11,5,4,25,74.04
2023-04-08,3,ER,50,33,10,8,3,24,67.09
2023-04-09,3,ER,50,33,13,8,3,18,67.29
2023-04-10,3,ER,50,35,8,5,2,19,70.07
2023-04-11,3,ER,50,43,6,8,3,24,87.23
2023-04-12,3,ER,50,42,5,6,2,23,85.9
2023-04-13,3,ER,50,45,7,7,2,24,91.63
2023-04-14,3,ER,50,37,4,7,3,23,74.73
2023-04-15,3,ER,50,32,14,8,2,22,64.36
2023-04-16,3,ER,50,32,8,9,3,21,65.91
2023-04-17,3,ER,50,40,3,9,3,22,80.76
2023-04-18,3,ER,50,46,6,11,2,23,92.03
2023-04-19,3,ER,50,41,5,12,2,22,83.16
2023-04-20,3,ER,50,41,7,3,2,23,83.26
2023-04-21,3,ER,50,40,13,6,2,24,81.76
2023-04-22,3,ER,50,31,8,10,1,22,63.57
2023-04-23,3,ER,50,36,3,8,3,26,72.35
2023-04-24,3,ER,50,42,6,5,2,21,85.27
2023-04-25,3,ER,50,39,9,9,2,21,79.13
2023-04-26,3,ER,50,34,8,6,4,22,68.43
2023-04-27,3,ER,50,41,9,9,3,22,83.23
2023-04-28,3,ER,50,40,8,6,4,27,80.43
2023-04-29,3,ER,50,31,7,4,2,19,62.87
2023-04-30,3,ER,50,35,9,4,2,18,70.27
2023-05-01,3,ER,50,36,8,6,3,22,73.62
2023-05-02,3,ER,50,37,10,7,2,21,75.23
2023-05-03,3,ER,50,36,13,5,4,23,73.23
2023-05-04,3,ER,50,37,4,13,3,22,75.27
2023-05-05,3,ER,50,39,6,7,3,21,78.05
2023-05-06,3,ER,50,32,8,5,1,22,65.97
2023-05-07,3,ER,50,28,9,8,1,20,56.55
2023-05-08,3,ER,50,40,9,9,3,22,81.72
2023-05-09,3,ER,50,42,10,6,2,23,84.35
2023-05-10,3,ER,50,39,6,8,2,21,78.8
2023-05-11,3,ER,50,40,8,6,3,24,81.58
2023-05-12,3,ER,50,37,9,6,2,22,75.32
2023-05-13,3,ER,50,32,7,4,1,18,64.34
2023-05-14,3,ER,50,26,6,8,3,21,53.95
2023-05-15,3,ER,50,38,4,7,4,25,77.28
2023-05-16,3,ER,50,32,7,8,4,25,65.93
2023-05-17,3,ER,50,38,13,8,5,19,77.58
2023-05-18,3,ER,50,38,10,4,3,17,76.96
2023-05-19,3,ER,50,37,5,7,3,22,74.92
2023-05-20,3,ER,50,28,6,4,3,21,57.44
2023-05-21,3,ER,50,31,5,6,4,19,63.63
2023-05-22,3,ER,50,44,4,3,2,22,88.92
2023-05-23,3,ER,50,40,10,10,2,21,80.72
2023-05-24,3,ER,50,37,13,9,2,21,75.67
2023-05-25,3,ER,50,38,10,5,3,23,76.59
2023-05-26,3,ER,50,36,12,6,4,21,73.28
2023-05-27,3,ER,50,31,9,8,1,21,62.03
2023-05-28,3,ER,50,31,9,2,4,19,62.09
2023-05-29,3,ER,50,37,6,11,1,24,74.3
2023-05-30,3,ER,50,36,5,4,1,26,72.25
2023-05-31,3,ER,50,37,12,6,1,17,75.16
2023-06-01,3,ER,50,34,9,7,3,23,68.67
2023-06-02,3,ER,50,33,13,5,2,25,67.32
2023-06-03,3,ER,50,26,6,7,4,21,53.6
2023-06-04,3,ER,50,29,8,6,4,20,58.58
2023-06-05,3,ER,50,39,4,5,2,23,78.57
2023-06-06,3,ER,50,35,6,6,2,21,70.85
2023-06-07,3,ER,50,34,4,10,3,25,68.09
2023-06-08,3,ER,50,31,13,9,5,21,63.81
2023-06-09,3,ER,50,36,8,5,2,22,72.15
2023-06-10,3,ER,50,29,10,12,3,19,58.66
2023-06-11,3,ER,50,26,10,3,3,17,52.63
2023-06-12,3,ER,50,33,7,5,3,22,67.29
2023-06-13,3,ER,50,39,4,7,1,20,78.38
2023-06-14,3,ER,50,33,6,5,2,22,66.46
2023-06-15,3,ER,50,32,5,7,3,20,64.56
2023-06-16,3,ER,50,37,6,12,1,24,75.01
2023-06-17,3,ER,50,23,10,9,3,16,47.73
2023-06-18,3,ER,50,26,9,9,2,19,52.0
2023-06-19,3,ER,50,33,8,9,3,22,66.7
2023-06-20,3,ER,50,32,13,6,3,19,64.04
2023-06-21,3,ER,50,37,4,4,3,21,74.21
2023-06-22,3,ER,50,35,9,5,2,19,71.48
2023-06-23,3,ER,50,39,7,5,2,19,79.56
2023-06-24,3,ER,50,26,9,9,2,21,53.21
2023-06-25,3,ER,50,26,8,10,1,17,52.59
2023-06-26,3,ER,50,37,6,5,4,23,74.31
2023-06-27,3,ER,50,33,11,6,2,24,66.15
2023-06-28,3,ER,50,37,4,8,2,20,75.54
2023-06-29,3,ER,50,34,15,7,1,25,69.02
2023-06-30,3,ER,50,31,9,6,2,22,62.4
2023-07-01,3,ER,50,19,9,4,2,19,39.81
2023-07-02,3,ER,50,21,3,11,2,19,43.6
2023-07-03,3,ER,50,33,13,3,4,26,66.5
2023-07-04,3,ER,50,29,5,6,4,23,59.43
2023-07-05,3,ER,50,29,10,8,4,22,58.68
2023-07-06,3,ER,50,27,8,9,5,20,55.43
2023-07-07,3,ER,50,31,3,8,1,20,62.95
2023-07-08,3,ER,50,29,11,4,3,21,58.61
2023-07-09,3,ER,50,24,6,6,3,20,48.5
2023-07-10,3,ER,50,31,2,8,3,21,63.41
2023-07-11,3,ER,50,33,15,5,4,18,66.03
2023-07-12,3,ER,50,29,7,5,3,20,59.98
2023-07-13,3,ER,50,31,6,5,3,20,62.39
2023-07-14,3,ER,50,28,9,3,1,20,57.22
2023-07-15,3,ER,50,25,4,5,2,20,50.83
2023-07-16,3,ER,50,21,8,9,3,20,43.95
2023-07-17,3,ER,50,29,7,11,1,20,58.54
2023-07-18,3,ER,50,30,6,7,2,24,60.61
2023-07-19,3,ER,50,31,3,5,2,20,62.11
2023-07-20,3,ER,50,29,3,3,3,21,59.53
2023-07-21,3,ER,50,29,14,9,2,23,58.15
2023-07-22,3,ER,50,23,5,8,2,19,46.72
2023-07-23,3,ER,50,22,11,9,3,17,45.88
2023-07-24,3,ER,50,33,12,7,3,23,66.01
2023-07-25,3,ER,50,32,10,4,2,20,64.55
2023-07-26,3,ER,50,35,10,5,2,24,70.51
2023-07-27,3,ER,50,32,9,2,1,22,65.1
2023-07-28,3,ER,50,32,8,8,4,21,65.98
2023-07-29,3,ER,50,22,6,13,3,19,44.64
2023-07-30,3,ER,50,26,8,5,2,18,52.32
2023-07-31,3,ER,50,32,5,5,3,20,65.5
2023-08-01,3,ER,50,30,12,4,3,23,61.75
2023-08-02,3,ER,50,26,8,4,2,17,52.6
2023-08-03,3,ER,50,29,10,12,1,18,59.42
2023-08-04,3,ER,50,30,9,4,1,20,60.16
2023-08-05,3,ER,50,22,12,8,4,19,45.4
2023-08-06,3,ER,50,22,5,9,4,18,44.53
2023-08-07,3,ER,50,31,6,11,3,19,62.67
2023-08-08,3,ER,50,28,8,6,2,22,56.58
2023-08-09,3,ER,50,27,8,4,1,17,54.51
2023-08-10,3,ER,50,33,5,4,3,20,66.62
2023-08-11,3,ER,50,29,7,9,2,21,59.47
2023-08-12,3,ER,50,18,12,11,2,19,37.22
2023-08-13,3,ER,50,16,8,8,4,18,32.46
2023-08-14,3,ER,50,27,6,4,3,20,55.67
2023-08-15,3,ER,50,29,8,5,1,22,58.61
2023-08-16,3,ER,50,30,11,10,2,20,61.53
2023-08-17,3,ER,50,31,6,8,1,17,63.04
2023-08-18,3,ER,50,25,3,6,2,20,51.96
2023-08-19,3,ER,50,25,5,5,2,23,51.3
2023-08-20,3,ER,50,17,7,8,1,20,35.96
2023-08-21,3,ER,50,31,2,7,1,18,62.57
2023-08-22,3,ER,50,28,7,10,3,18,57.88
2023-08-23,3,ER,50,27,9,4,2,20,54.62
2023-08-24,3,ER,50,27,11,5,2,17,54.82
2023-08-25,3,ER,50,32,9,10,2,19,64.34
2023-08-26,3,ER,50,18,6,8,1,17,37.92
2023-08-27,3,ER,50,18,6,11,3,17,36.93
2023-08-28,3,ER,50,25,10,6,1,20,50.53
2023-08-29,3,ER,50,23,5,5,4,21,47.04
2023-08-30,3,ER,50,28,6,12,2,17,56.42
2023-08-31,3,ER,50,35,6,6,3,21,71.54
2023-09-01,3,ER,50,30,14,7,1,22,60.2
2023-09-02,3,ER,50,19,4,5,3,18,39.06
2023-09-03,3,ER,50,21,9,5,3,22,43.79
2023-09-04,3,ER,50,25,6,3,4,21,50.77
2023-09-05,3,ER,50,27,7,11,3,21,54.89
2023-09-06,3,ER,50,29,10,13,1,22,59.04
2023-09-07,3,ER,50,28,7,10,1,15,56.89
2023-09-08,3,ER,50,23,10,11,3,23,47.19
2023-09-09,3,ER,50,20,7,8,3,18,41.52
2023-09-10,3,ER,50,20,10,7,3,21,40.03
2023-09-11,3,ER,50,24,8,8,3,18,49.15
2023-09-12,3,ER,50,29,7,8,3,24,59.9
2023-09-13,3,ER,50,29,11,4,1,24,58.6
2023-09-14,3,ER,50,25,7,8,2,22,51.91
2023-09-15,3,ER,50,23,6,9,3,21,46.19
2023-09-16,3,ER,50,15,4,14,3,16,31.48
2023-09-17,3,ER,50,19,9,9,2,16,38.88
2023-09-18,3,ER,50,28,6,9,1,21,57.09
2023-09-19,3,ER,50,27,6,5,1,21,55.08
2023-09-20,3,ER,50,31,7,6,1,19,63.79
2023-09-21,3,ER,50,26,7,11,3,20,52.26
2023-09-22,3,ER,50,25,6,10,3,20,50.73
2023-09-23,3,ER,50,16,3,8,2,19,33.53
2023-09-24,3,ER,50,20,4,9,2,21,40.54
2023-09-25,3,ER,50,27,6,5,3,18,54.33
2023-09-26,3,ER,50,30,13,8,2,16,61.94
2023-09-27,3,ER,50,28,8,5,4,24,56.9
2023-09-28,3,ER,50,27,8,3,3,21,54.32
2023-09-29,3,ER,50,28,12,11,2,22,56.07
2023-09-30,3,ER,50,18,11,9,3,19,36.48
2023-10-01,3,ER,50,25,9,9,3,18,50.92
2023-10-02,3,ER,50,26,14,7,4,20,53.69
2023-10-03,3,ER,50,31,3,8,2,18,62.69
2023-10-04,3,ER,50,28,9,5,1,21,57.03
2023-10-05,3,ER,50,30,3,5,4,24,60.24
2023-10-06,3,ER,50,31,2,5,4,21,62.93
2023-10-07,3,ER,50,18,7,10,2,22,36.15
2023-10-08,3,ER,50,22,9,9,2,21,44.66
2023-10-09,3,ER,50,29,5,6,4,21,59.2
2023-10-10,3,ER,50,26,10,7,2,20,52.73
2023-10-11,3,ER,50,30,7,13,1,19,60.23
2023-10-12,3,ER,50,28,13,4,1,22,57.03
2023-10-13,3,ER,50,28,8,6,3,23,56.27
2023-10-14,3,ER,50,19,10,11,2,18,38.14
2023-10-15,3,ER,50,20,12,2,2,18,40.99
2023-10-16,3,ER,50,29,7,6,3,19,59.89
2023-10-17,3,ER,50,31,7,7,2,22,63.3
2023-10-18,3,ER,50,28,7,10,2,15,57.13
2023-10-19,3,ER,50,29,6,6,4,21,59.57
2023-10-20,3,ER,50,26,5,7,4,24,53.44
2023-10-21,3,ER,50,18,7,8,3,19,36.64
2023-10-22,3,ER,50,24,2,6,2,17,48.88
2023-10-23,3,ER,50,26,5,6,4,19,52.41
2023-10-24,3,ER,50,23,7,9,2,20,47.36
2023-10-25,3,ER,50,30,7,8,2,19,61.85
2023-10-26,3,ER,50,25,9,8,1,20,50.93
2023-10-27,3,ER,50,29,15,11,2,22,58.73
2023-10-28,3,ER,50,17,14,5,1,20,35.2
2023-10-29,3,ER,50,23,10,11,3,20,47.04
2023-10-30,3,ER,50,28,8,6,3,18,57.59
2023-10-31,3,ER,50,32,11,7,3,17,64.2
2023-11-01,3,ER,50,27,12,5,2,21,54.34
2023-11-02,3,ER,50,32,7,5,4,18,64.19
2023-11-03,3,ER,50,27,9,2,2,23,54.96
2023-11-04,3,ER,50,22,8,8,3,18,44.74
2023-11-05,3,ER,50,23,8,7,3,19,47.97
2023-11-06,3,ER,50,33,4,8,3,20,67.7
2023-11-07,3,ER,50,30,9,7,1,20,61.26
2023-11-08,3,ER,50,28,7,7,2,20,56.38
2023-11-09,3,ER,50,31,7,9,1,20,63.33
2023-11-10,3,ER,50,34,11,7,1,22,69.77
2023-11-11,3,ER,50,21,4,3,2,13,43.75
2023-11-12,3,ER,50,23,10,3,2,18,47.99
2023-11-13,3,ER,50,33,5,7,5,20,66.88
2023-11-14,3,ER,50,34,10,11,2,18,68.39
2023-11-15,3,ER,50,31,8,9,1,18,62.84
2023-11-16,3,ER,50,35,10,4,3,20,71.34
2023-11-17,3,ER,50,28,11,4,3,19,57.07
2023-11-18,3,ER,50,23,10,4,4,20,47.63
2023-11-19,3,ER,50,23,6,10,2,22,46.26
2023-11-20,3,ER,50,30,5,5,1,22,60.17
2023-11-21,3,ER,50,31,8,5,4,23,62.02
2023-11-22,3,ER,50,30,6,2,2,22,61.54
2023-11-23,3,ER,50,32,12,7,5,19,65.41
2023-11-24,3,ER,50,25,6,8,3,20,51.41
2023-11-25,3,ER,50,22,7,5,2,14,45.08
2023-11-26,3,ER,50,26,9,11,3,21,53.2
2023-11-27,3,ER,50,29,12,6,3,19,58.31
2023-11-28,3,ER,50,31,8,9,2,26,63.68
2023-11-29,3,ER,50,33,8,3,2,22,66.02
2023-11-30,3,ER,50,30,3,6,1,20,61.15
2023-12-01,3,ER,50,33,7,7,3,24,66.26
2023-12-02,3,ER,50,29,6,13,4,21,59.56
2023-12-03,3,ER,50,28,9,12,4,20,57.14
2023-12-04,3,ER,50,32,8,5,2,20,65.94
2023-12-05,3,ER,50,31,2,7,2,20,62.58
2023-12-06,3,ER,50,35,5,5,2,22,71.52
2023-12-07,3,ER,50,33,9,6,3,18,67.24
2023-12-08,3,ER,50,38,8,12,2,20,76.39
2023-12-09,3,ER,50,24,8,6,4,18,48.69
2023-12-10,3,ER,50,26,8,6,1,19,53.61
2023-12-11,3,ER,50,39,4,7,1,22,78.2
2023-12-12,3,ER,50,33,6,7,2,22,66.79
2023-12-13,3,ER,50,33,12,9,3,23,66.14
2023-12-14,3,ER,50,30,8,6,1,19,60.3
2023-12-15,3,ER,50,37,7,6,3,20,74.94
2023-12-16,3,ER,50,29,12,11,3,16,59.67
2023-12-17,3,ER,50,25,6,4,3,17,50.56
2023-12-18,3,ER,50,38,5,6,3,23,77.68
2023-12-19,3,ER,50,36,11,4,2,19,72.46
2023-12-20,3,ER,50,37,6,6,3,25,74.17
2023-12-21,3,ER,50,32,12,10,3,20,65.66
2023-12-22,3,ER,50,38,5,6,3,21,76.66
2023-12-23,3,ER,50,31,7,8,2,23,62.04
2023-12-24,3,ER,50,28,10,4,3,18,57.64
2023-12-25,3,ER,50,36,6,9,2,22,73.55
2023-12-26,3,ER,50,34,5,8,3,20,69.88
2023-12-27,3,ER,50,37,7,5,3,20,74.11
2023-12-28,3,ER,50,33,8,4,2,22,66.28
2023-12-29,3,ER,50,35,11,4,3,21,71.63
2023-12-30,3,ER,50,28,7,8,4,19,57.72
2023-12-31,3,ER,50,25,14,13,4,17,50.81
2019-01-01,3,General Ward,100,69,21,12,4,26,69.85
2019-01-02,3,General Ward,100,80,11,8,4,32,80.3
2019-01-03,3,General Ward,100,73,8,15,4,31,73.62
2019-01-04,3,General Ward,100,68,21,16,3,25,68.63
2019-01-05,3,General Ward,100,54,13,13,3,24,54.56
2019-01-06,3,General Ward,100,63,9,17,3,25,63.25
2019-01-07,3,General Ward,100,71,12,11,4,30,71.37
2019-01-08,3,General Ward,100,74,18,12,4,27,74.5
2019-01-09,3,General Ward,100,73,13,14,3,25,73.02
2019-01-10,3,General Ward,100,63,15,8,3,27,63.49
2019-01-11,3,General Ward,100,76,11,18,4,32,76.56
2019-01-12,3,General Ward,100,61,7,11,4,23,61.01
2019-01-13,3,General Ward,100,59,12,17,4,24,59.16
2019-01-14,3,General Ward,100,78,17,16,3,29,78.83
2019-01-15,3,General Ward,100,63,8,6,4,23,63.03
2019-01-16,3,General Ward,100,80,15,7,3,26,80.86
2019-01-17,3,General Ward,100,75,14,12,4,26,75.83
2019-01-18,3,General Ward,100,71,16,13,3,28,71.35
2019-01-19,3,General Ward,100,62,14,14,6,24,62.61
2019-01-20,3,General Ward,100,63,16,16,3,29,63.57
2019-01-21,3,General Ward,100,83,12,12,3,28,83.59
2019-01-22,3,General Ward,100,63,21,16,2,25,63.96
2019-01-23,3,General Ward,100,74,14,10,2,28,74.75
2019-01-24,3,General Ward,100,72,14,10,3,27,72.88
2019-01-25,3,General Ward,100,62,14,19,3,29,62.18
2019-01-26,3,General Ward,100,65,13,11,4,27,65.15
2019-01-27,3,General Ward,100,53,14,10,4,24,53.33
2019-01-28,3,General Ward,100,65,19,18,3,24,65.39
2019-01-29,3,General Ward,100,79,14,13,4,31,79.47
2019-01-30,3,General Ward,100,68,15,11,6,28,68.86
2019-01-31,3,General Ward,100,65,21,6,3,24,65.85
2019-02-01,3,General Ward,100,74,8,11,4,28,74.84
2019-02-02,3,General Ward,100,63,19,12,3,27,63.47
2019-02-03,3,General Ward,100,60,17,12,2,26,60.69
2019-02-04,3,General Ward,100,83,14,14,4,25,83.03
2019-02-05,3,General Ward,100,74,19,12,4,24,74.6
2019-02-06,3,General Ward,100,80,17,15,5,23,80.81
2019-02-07,3,General Ward,100,76,15,18,3,26,76.62
2019-02-08,3,General Ward,100,79,15,11,2,30,79.8
2019-02-09,3,General Ward,100,65,17,7,3,24,65.27
2019-02-10,3,General Ward,100,69,16,13,4,24,69.57
2019-02-11,3,General Ward,100,79,13,14,3,26,79.79
2019-02-12,3,General Ward,100,73,14,16,4,26,73.92
2019-02-13,3,General Ward,100,74,14,10,5,27,74.98
2019-02-14,3,General Ward,100,79,19,12,5,26,79.12
2019-02-15,3,General Ward,100,89,17,16,5,28,89.45
2019-02-16,3,General Ward,100,63,19,12,4,31,63.15
2019-02-17,3,General Ward,100,61,16,9,4,23,61.57
2019-02-18,3,General Ward,100,80,13,8,3,29,80.23
2019-02-19,3,General Ward,100,86,8,14,3,25,86.4
2019-02-20,3,General Ward,100,82,14,18,2,29,82.86
2019-02-21,3,General Ward,100,71,16,17,3,25,71.72
2019-02-22,3,General Ward,100,78,15,14,1,26,78.5
2019-02-23,3,General Ward,100,57,17,16,5,25,57.55
2019-02-24,3,General Ward,100,62,8,11,3,27,62.58
2019-02-25,3,General Ward,100,83,15,17,3,26,83.87
2019-02-26,3,General Ward,100,83,13,21,4,28,83.06
2019-02-27,3,General Ward,100,72,13,14,3,31,72.99
2019-02-28,3,General Ward,100,79,15,15,3,26,79.09
2019-03-01,3,General Ward,100,82,12,14,4,29,82.34
2019-03-02,3,General Ward,100,59,10,10,3,22,59.34
2019-03-03,3,General Ward,100,58,12,23,4,25,58.99
2019-03-04,3,General Ward,100,86,12,16,4,29,86.15
2019-03-05,3,General Ward,100,74,15,22,4,27,74.29
2019-03-06,3,General Ward,100,84,12,16,5,27,84.84
2019-03-07,3,General Ward,100,86,12,16,4,26,86.47
2019-03-08,3,General Ward,100,84,16,18,5,27,84.79
2019-03-09,3,General Ward,100,61,20,15,3,23,61.35
2019-03-10,3,General Ward,100,51,16,20,3,25,51.8
2019-03-11,3,General Ward,100,71,12,18,4,26,71.44
2019-03-12,3,General Ward,100,74,14,15,5,26,74.99
2019-03-13,3,General Ward,100,77,15,11,3,26,77.89
2019-03-14,3,General Ward,100,76,12,20,3,27,76.84
2019-03-15,3,General Ward,100,80,15,20,4,28,80.24
2019-03-16,3,General Ward,100,66,8,18,2,25,66.42
2019-03-17,3,General Ward,100,68,11,13,2,25,68.04
2019-03-18,3,General Ward,100,80,9,14,6,31,80.01
2019-03-19,3,General Ward,100,85,17,15,3,32,85.35
2019-03-20,3,General Ward,100,72,13,10,3,25,72.14
2019-03-21,3,General Ward,100,68,10,18,3,25,68.1
2019-03-22,3,General Ward,100,87,12,11,2,27,87.22
2019-03-23,3,General Ward,100,69,8,8,2,26,69.13
2019-03-24,3,General Ward,100,65,14,10,4,23,65.43
2019-03-25,3,General Ward,100,81,12,12,2,25,81.7
2019-03-26,3,General Ward,100,75,13,15,4,28,75.98
2019-03-27,3,General Ward,100,79,8,16,3,28,79.46
2019-03-28,3,General Ward,100,81,22,15,3,28,81.5
2019-03-29,3,General Ward,100,83,15,13,4,25,83.61
2019-03-30,3,General Ward,100,63,17,9,4,21,63.24
2019-03-31,3,General Ward,100,68,23,10,4,26,68.28
2019-04-01,3,General Ward,100,73,21,16,2,26,73.22
2019-04-02,3,General Ward,100,70,16,21,3,26,70.32
2019-04-03,3,General Ward,100,74,13,11,2,25,74.49
2019-04-04,3,General Ward,100,75,13,20,4,25,75.61
2019-04-05,3,General Ward,100,76,19,16,4,27,76.58
2019-04-06,3,General Ward,100,61,21,15,5,27,61.43
2019-04-07,3,General Ward,100,67,26,22,4,27,67.37
2019-04-08,3,General Ward,100,84,18,18,4,25,84.89
2019-04-09,3,General Ward,100,62,19,18,4,24,62.58
2019-04-10,3,General Ward,100,76,14,15,4,30,76.92
2019-04-11,3,General Ward,100,83,7,14,4,27,83.91
2019-04-12,3,General Ward,100,80,10,14,3,27,80.19
2019-04-13,3,General Ward,100,70,12,12,3,27,70.0
2019-04-14,3,General Ward,100,61,7,11,4,26,61.37
2019-04-15,3,General Ward,100,81,17,19,4,27,81.75
2019-04-16,3,General Ward,100,76,13,18,3,29,76.43
2019-04-17,3,General Ward,100,78,12,14,5,30,78.47
2019-04-18,3,General Ward,100,69,10,10,4,28,69.03
2019-04-19,3,General Ward,100,74,14,15,4,28,74.8
2019-04-20,3,General Ward,100,50,15,12,4,23,50.91
2019-04-21,3,General Ward,100,54,19,11,4,21,54.07
2019-04-22,3,General Ward,100,73,12,26,3,24,73.87
2019-04-23,3,General Ward,100,72,15,13,4,27,72.64
2019-04-24,3,General Ward,100,80,17,11,3,28,80.44
2019-04-25,3,General Ward,100,86,25,16,3,27,86.55
2019-04-26,3,General Ward,100,81,12,11,4,31,81.13
2019-04-27,3,General Ward,100,58,14,13,3,30,58.7
2019-04-28,3,General Ward,100,63,18,20,3,25,63.3
2019-04-29,3,General Ward,100,75,12,19,3,25,75.34
2019-04-30,3,General Ward,100,83,16,11,4,27,83.57
2019-05-01,3,General Ward,100,69,15,16,3,26,69.82
2019-05-02,3,General Ward,100,70,15,8,3,27,70.18
2019-05-03,3,General Ward,100,72,16,17,2,27,72.14
2019-05-04,3,General Ward,100,59,13,5,4,24,59.19
2019-05-05,3,General Ward,100,66,14,19,2,24,66.22
2019-05-06,3,General Ward,100,76,13,18,4,32,76.66
2019-05-07,3,General Ward,100,72,13,19,4,24,72.31
2019-05-08,3,General Ward,100,84,15,20,3,29,84.18
2019-05-09,3,General Ward,100,78,23,16,3,26,78.3
2019-05-10,3,General Ward,100,71,10,11,2,27,72.0
2019-05-11,3,General Ward,100,58,8,12,4,29,58.19
2019-05-12,3,General Ward,100,51,19,17,2,27,51.95
2019-05-13,3,General Ward,100,69,12,15,4,25,69.88
2019-05-14,3,General Ward,100,77,12,18,4,26,77.07
2019-05-15,3,General Ward,100,72,18,14,3,31,72.28
2019-05-16,3,General Ward,100,78,8,5,4,24,78.29
2019-05-17,3,General Ward,100,62,8,18,3,28,62.89
2019-05-18,3,General Ward,100,45,15,21,4,20,45.55
2019-05-19,3,General Ward,100,61,11,18,5,24,61.43
2019-05-20,3,General Ward,100,67,18,18,4,24,67.03
2019-05-21,3,General Ward,100,68,18,15,5,24,68.11
2019-05-22,3,General Ward,100,75,19,12,2,27,75.4
2019-05-23,3,General Ward,100,70,8,6,4,29,70.65
2019-05-24,3,General Ward,100,78,13,12,4,28,78.8
2019-05-25,3,General Ward,100,56,12,13,5,29,56.06
2019-05-26,3,General Ward,100,60,17,12,5,25,60.78
2019-05-27,3,General Ward,100,73,15,12,3,25,73.79
2019-05-28,3,General Ward,100,71,14,13,3,30,71.28
2019-05-29,3,General Ward,100,71,13,14,4,28,71.39
2019-05-30,3,General Ward,100,75,11,15,4,28,75.34
2019-05-31,3,General Ward,100,84,9,10,4,28,84.83
2019-06-01,3,General Ward,100,46,15,15,4,25,46.05
2019-06-02,3,General Ward,100,46,16,11,4,25,46.52
2019-06-03,3,General Ward,100,68,15,13,3,26,68.38
2019-06-04,3,General Ward,100,63,13,9,6,30,63.08
2019-06-05,3,General Ward,100,70,20,8,5,26,70.19
2019-06-06,3,General Ward,100,69,17,17,3,22,69.74
2019-06-07,3,General Ward,100,71,8,15,5,30,71.45
2019-06-08,3,General Ward,100,36,19,13,4,24,36.16
2019-06-09,3,General Ward,100,50,12,15,3,24,50.32
2019-06-10,3,General Ward,100,62,16,16,4,28,62.76
2019-06-11,3,General Ward,100,55,17,11,3,23,55.76
2019-06-12,3,General Ward,100,53,16,18,2,26,53.26
2019-06-13,3,General Ward,100,67,19,20,5,26,67.11
2019-06-14,3,General Ward,100,70,17,11,5,22,70.11
2019-06-15,3,General Ward,100,49,8,13,4,25,49.64
2019-06-16,3,General Ward,100,54,14,14,4,21,54.32
2019-06-17,3,General Ward,100,57,13,12,3,27,57.96
2019-06-18,3,General Ward,100,60,15,18,4,27,60.58
2019-06-19,3,General Ward,100,72,14,14,2,27,72.94
2019-06-20,3,General Ward,100,67,17,11,3,27,67.41
2019-06-21,3,General Ward,100,64,12,10,3,28,64.72
2019-06-22,3,General Ward,100,41,11,15,3,21,41.18
2019-06-23,3,General Ward,100,61,14,14,2,26,61.36
2019-06-24,3,General Ward,100,57,14,6,4,26,57.67
2019-06-25,3,General Ward,100,58,17,22,3,27,58.37
2019-06-26,3,General Ward,100,52,13,14,3,25,52.85
2019-06-27,3,General Ward,100,69,22,17,3,28,69.28
2019-06-28,3,General Ward,100,68,20,18,2,26,68.39
2019-06-29,3,General Ward,100,44,20,12,3,22,44.22
2019-06-30,3,General Ward,100,47,12,19,3,27,47.79
2019-07-01,3,General Ward,100,59,11,17,3,27,59.6
2019-07-02,3,General Ward,100,62,8,10,2,27,62.28
2019-07-03,3,General Ward,100,61,13,17,3,27,61.6
2019-07-04,3,General Ward,100,49,14,13,5,23,49.59
2019-07-05,3,General Ward,100,64,22,11,5,23,64.33
2019-07-06,3,General Ward,100,42,11,14,2,22,42.92
2019-07-07,3,General Ward,100,40,22,11,2,20,40.13
2019-07-08,3,General Ward,100,52,10,12,4,25,52.95
2019-07-09,3,General Ward,100,45,17,22,5,27,45.68
2019-07-10,3,General Ward,100,62,22,16,4,25,62.28
2019-07-11,3,General Ward,100,56,13,12,4,27,56.02
2019-07-12,3,General Ward,100,62,10,11,5,25,62.71
2019-07-13,3,General Ward,100,49,13,11,3,25,49.23
2019-07-14,3,General Ward,100,47,23,10,5,23,47.43
2019-07-15,3,General Ward,100,73,23,12,3,25,73.29
2019-07-16,3,General Ward,100,49,14,11,2,19,49.27
2019-07-17,3,General Ward,100,47,13,12,5,26,47.05
2019-07-18,3,General Ward,100,63,14,17,5,26,63.14
2019-07-19,3,General Ward,100,55,14,17,2,24,55.28
2019-07-20,3,General Ward,100,36,17,19,1,22,36.94
2019-07-21,3,General Ward,100,36,18,11,5,24,36.44
2019-07-22,3,General Ward,100,54,18,11,5,25,54.78
2019-07-23,3,General Ward,100,53,20,16,4,30,53.35
2019-07-24,3,General Ward,100,52,19,13,2,26,52.97
2019-07-25,3,General Ward,100,51,16,12,3,25,51.68
2019-07-26,3,General Ward,100,53,20,9,3,25,53.07
2019-07-27,3,General Ward,100,48,20,11,3,25,48.45
2019-07-28,3,General Ward,100,42,16,10,3,23,42.1
2019-07-29,3,General Ward,100,61,18,15,4,26,61.67
2019-07-30,3,General Ward,100,52,12,16,3,23,52.65
2019-07-31,3,General Ward,100,61,21,11,4,26,61.61
2019-08-01,3,General Ward,100,60,15,17,3,23,60.08
2019-08-02,3,General Ward,100,36,19,14,3,25,36.63
2019-08-03,3,General Ward,100,37,11,15,4,20,37.01
2019-08-04,3,General Ward,100,35,13,14,4,27,35.03
2019-08-05,3,General Ward,100,46,21,13,2,24,46.78
2019-08-06,3,General Ward,100,51,19,15,4,26,51.71
2019-08-07,3,General Ward,100,49,13,13,3,26,49.81
2019-08-08,3,General Ward,100,46,12,12,3,28,46.9
2019-08-09,3,General Ward,100,46,19,15,5,26,46.98
2019-08-10,3,General Ward,100,36,18,9,2,27,36.53
2019-08-11,3,General Ward,100,35,16,14,1,27,35.4
2019-08-12,3,General Ward,100,38,15,12,3,28,38.68
2019-08-13,3,General Ward,100,57,11,14,3,25,57.95
2019-08-14,3,General Ward,100,50,18,11,4,25,50.4
2019-08-15,3,General Ward,100,44,11,15,4,26,44.06
2019-08-16,3,General Ward,100,51,10,13,3,25,51.45
2019-08-17,3,General Ward,100,36,17,14,5,24,36.37
2019-08-18,3,General Ward,100,46,14,11,5,20,46.29
2019-08-19,3,General Ward,100,52,20,18,4,26,52.41
2019-08-20,3,General Ward,100,49,13,14,5,24,49.12
2019-08-21,3,General Ward,100,50,16,15,2,23,50.49
2019-08-22,3,General Ward,100,52,14,19,2,26,52.08
2019-08-23,3,General Ward,100,53,15,13,3,21,53.93
2019-08-24,3,General Ward,100,34,10,11,4,22,34.58
2019-08-25,3,General Ward,100,39,13,19,1,23,39.35
2019-08-26,3,General Ward,100,55,15,8,3,25,55.15
2019-08-27,3,General Ward,100,53,13,14,3,26,53.01
2019-08-28,3,General Ward,100,54,22,17,3,25,54.77
2019-08-29,3,General Ward,100,54,8,14,3,25,54.61
2019-08-30,3,General Ward,100,53,19,17,4,24,53.45
2019-08-31,3,General Ward,100,31,17,19,2,27,31.18
2019-09-01,3,General Ward,100,36,21,18,3,23,36.78
2019-09-02,3,General Ward,100,46,8,14,3,27,46.0
2019-09-03,3,General Ward,100,43,16,8,4,26,43.88
2019-09-04,3,General Ward,100,41,7,11,4,21,41.12
2019-09-05,3,General Ward,100,50,14,15,3,25,50.71
2019-09-06,3,General Ward,100,55,16,15,3,24,55.14
2019-09-07,3,General Ward,100,33,11,10,4,23,33.89
2019-09-08,3,General Ward,100,38,11,13,3,23,38.77
2019-09-09,3,General Ward,100,46,16,13,3,26,46.33
2019-09-10,3,General Ward,100,58,13,18,3,27,58.53
2019-09-11,3,General Ward,100,55,15,16,3,25,55.51
2019-09-12,3,General Ward,100,37,20,13,2,25,37.08
2019-09-13,3,General Ward,100,43,11,15,3,25,43.45
2019-09-14,3,General Ward,100,33,12,12,3,21,33.23
2019-09-15,3,General Ward,100,32,13,19,2,22,32.04
2019-09-16,3,General Ward,100,44,14,22,2,25,44.5
2019-09-17,3,General Ward,100,52,14,13,3,27,52.22
2019-09-18,3,General Ward,100,48,17,14,3,25,48.67
2019-09-19,3,General Ward,100,45,22,13,3,23,45.85
2019-09-20,3,General Ward,100,50,15,16,3,22,50.04
2019-09-21,3,General Ward,100,30,13,7,3,22,30.0
2019-09-22,3,General Ward,100,33,16,18,1,20,33.54
2019-09-23,3,General Ward,100,42,18,17,3,21,42.68
2019-09-24,3,General Ward,100,49,11,13,4,22,49.52
2019-09-25,3,General Ward,100,52,18,15,4,24,52.65
2019-09-26,3,General Ward,100,40,19,18,4,22,40.0
2019-09-27,3,General Ward,100,55,19,11,3,24,55.28
2019-09-28,3,General Ward,100,34,12,11,4,23,34.73
2019-09-29,3,General Ward,100,30,13,14,4,23,30.0
2019-09-30,3,General Ward,100,52,11,23,3,23,52.66
2019-10-01,3,General Ward,100,51,22,19,3,26,51.92
2019-10-02,3,General Ward,100,55,14,16,4,22,55.5
2019-10-03,3,General Ward,100,47,8,13,4,27,47.18
2019-10-04,3,General Ward,100,46,13,12,2,18,46.21
2019-10-05,3,General Ward,100,35,19,17,4,21,35.27
2019-10-06,3,General Ward,100,39,10,13,4,21,39.33
2019-10-07,3,General Ward,100,56,18,10,4,23,56.02
2019-10-08,3,General Ward,100,58,15,15,3,27,58.34
2019-10-09,3,General Ward,100,56,16,19,3,24,56.75
2019-10-10,3,General Ward,100,55,14,10,3,28,55.97
2019-10-11,3,General Ward,100,52,9,13,5,27,52.96
2019-10-12,3,General Ward,100,42,22,15,3,25,42.74
2019-10-13,3,General Ward,100,36,13,8,3,24,36.99
2019-10-14,3,General Ward,100,51,18,14,3,25,51.81
2019-10-15,3,General Ward,100,51,15,15,4,25,51.97
2019-10-16,3,General Ward,100,53,17,9,3,27,53.19
2019-10-17,3,General Ward,100,55,17,16,4,25,55.3
2019-10-18,3,General Ward,100,58,17,12,2,27,58.5
2019-10-19,3,General Ward,100,37,22,9,4,23,37.82
2019-10-20,3,General Ward,100,46,15,11,3,28,46.41
2019-10-21,3,General Ward,100,58,12,13,5,25,58.64
2019-10-22,3,General Ward,100,52,11,15,2,25,52.79
2019-10-23,3,General Ward,100,51,15,12,4,27,51.35
2019-10-24,3,General Ward,100,47,17,15,5,26,47.83
2019-10-25,3,General Ward,100,57,12,14,2,28,57.26
2019-10-26,3,General Ward,100,30,13,16,2,25,30.0
2019-10-27,3,General Ward,100,31,14,22,5,24,31.17
2019-10-28,3,General Ward,100,46,18,11,2,25,46.96
2019-10-29,3,General Ward,100,54,14,15,3,25,54.99
2019-10-30,3,General Ward,100,51,20,10,3,28,51.69
2019-10-31,3,General Ward,100,47,19,13,4,23,47.69
2019-11-01,3,General Ward,100,49,15,5,5,24,49.72
2019-11-02,3,General Ward,100,46,16,12,5,25,46.34
2019-11-03,3,General Ward,100,50,13,21,2,26,50.96
2019-11-04,3,General Ward,100,58,16,20,4,25,58.89
2019-11-05,3,General Ward,100,55,13,8,4,26,55.61
2019-11-06,3,General Ward,100,56,7,15,4,24,57.0
2019-11-07,3,General Ward,100,50,16,10,3,23,50.74
2019-11-08,3,General Ward,100,54,15,11,5,26,54.55
2019-11-09,3,General Ward,100,50,9,15,4,27,50.74
2019-11-10,3,General Ward,100,43,16,14,3,21,43.03
2019-11-11,3,General Ward,100,55,16,16,4,23,55.9
2019-11-12,3,General Ward,100,54,8,17,2,26,54.61
2019-11-13,3,General Ward,100,64,15,9,4,26,64.76
2019-11-14,3,General Ward,100,55,13,12,4,25,55.64
2019-11-15,3,General Ward,100,57,19,19,4,27,57.66
2019-11-16,3,General Ward,100,49,17,22,4,21,49.13
2019-11-17,3,General Ward,100,49,12,20,4,23,49.73
2019-11-18,3,General Ward,100,47,19,11,3,23,47.94
2019-11-19,3,General Ward,100,58,10,19,4,26,58.95
2019-11-20,3,General Ward,100,64,12,9,4,28,64.22
2019-11-21,3,General Ward,100,69,16,9,4,24,69.3
2019-11-22,3,General Ward,100,51,10,18,4,26,51.2
2019-11-23,3,General Ward,100,39,15,12,4,24,39.13
2019-11-24,3,General Ward,100,47,18,13,4,26,47.92
2019-11-25,3,General Ward,100,51,14,13,3,27,51.2
2019-11-26,3,General Ward,100,49,15,11,3,25,49.93
2019-11-27,3,General Ward,100,56,20,15,3,24,56.7
2019-11-28,3,General Ward,100,62,12,14,5,22,62.5
2019-11-29,3,General Ward,100,68,17,13,3,25,68.51
2019-11-30,3,General Ward,100,44,18,10,3,25,44.92
2019-12-01,3,General Ward,100,46,11,13,4,21,46.53
2019-12-02,3,General Ward,100,68,16,17,5,27,68.39
2019-12-03,3,General Ward,100,68,13,15,2,25,68.9
2019-12-04,3,General Ward,100,64,9,8,4,30,64.67
2019-12-05,3,General Ward,100,65,8,13,5,27,65.31
2019-12-06,3,General Ward,100,57,20,13,4,22,57.56
2019-12-07,3,General Ward,100,51,26,13,1,24,51.88
2019-12-08,3,General Ward,100,53,14,18,5,24,53.21
2019-12-09,3,General Ward,100,66,11,11,3,27,66.35
2019-12-10,3,General Ward,100,59,14,10,2,26,59.19
2019-12-11,3,General Ward,100,59,7,17,5,23,59.33
2019-12-12,3,General Ward,100,68,17,16,5,27,68.58
2019-12-13,3,General Ward,100,67,16,19,4,24,67.9
2019-12-14,3,General Ward,100,51,14,12,2,26,51.89
2019-12-15,3,General Ward,100,50,14,8,3,24,50.35
2019-12-16,3,General Ward,100,67,21,18,4,28,67.38
2019-12-17,3,General Ward,100,60,16,9,3,22,60.85
2019-12-18,3,General Ward,100,62,20,10,2,26,62.47
2019-12-19,3,General Ward,100,64,8,14,3,22,64.5
2019-12-20,3,General Ward,100,66,12,13,4,28,66.29
2019-12-21,3,General Ward,100,45,20,15,5,23,45.77
2019-12-22,3,General Ward,100,39,14,17,6,24,39.72
2019-12-23,3,General Ward,100,60,15,18,3,30,60.28
2019-12-24,3,General Ward,100,61,9,13,4,26,61.93
2019-12-25,3,General Ward,100,60,10,11,3,27,60.48
2019-12-26,3,General Ward,100,61,18,13,4,26,61.3
2019-12-27,3,General Ward,100,75,14,13,5,29,75.45
2019-12-28,3,General Ward,100,53,19,13,3,25,53.44
2019-12-29,3,General Ward,100,57,10,13,4,26,57.27
2019-12-30,3,General Ward,100,59,11,10,3,26,59.76
2019-12-31,3,General Ward,100,56,13,14,3,28,56.77
2020-01-01,3,General Ward,100,79,15,16,2,25,79.69
2020-01-02,3,General Ward,100,91,15,15,4,27,91.91
2020-01-03,3,General Ward,100,82,12,14,2,28,82.62
2020-01-04,3,General Ward,100,84,12,17,5,32,84.23
2020-01-05,3,General Ward,100,80,10,8,3,26,80.46
2020-01-06,3,General Ward,100,91,12,12,4,31,91.19
2020-01-07,3,General Ward,100,93,20,17,5,26,93.03
2020-01-08,3,General Ward,100,89,8,17,2,27,89.42
2020-01-09,3,General Ward,100,93,16,22,4,28,93.71
2020-01-10,3,General Ward,100,95,13,16,4,27,95.0
2020-01-11,3,General Ward,100,73,13,7,2,30,73.2
2020-01-12,3,General Ward,100,78,19,16,5,26,78.7
2020-01-13,3,General Ward,100,94,14,13,3,27,94.45
2020-01-14,3,General Ward,100,91,17,15,3,30,91.32
2020-01-15,3,General Ward,100,95,18,16,4,31,95.0
2020-01-16,3,General Ward,100,95,20,11,3,30,95.0
2020-01-17,3,General Ward,100,95,23,11,4,32,95.0
2020-01-18,3,General Ward,100,74,18,15,3,29,74.41
2020-01-19,3,General Ward,100,82,12,17,5,25,82.6
2020-01-20,3,General Ward,100,87,15,17,3,28,87.63
2020-01-21,3,General Ward,100,95,9,12,4,26,95.0
2020-01-22,3,General Ward,100,85,10,12,2,31,85.91
2020-01-23,3,General Ward,100,91,15,23,3,32,91.89
2020-01-24,3,General Ward,100,94,17,11,3,29,94.92
2020-01-25,3,General Ward,100,73,17,12,2,24,73.76
2020-01-26,3,General Ward,100,81,21,8,4,28,81.23
2020-01-27,3,General Ward,100,94,9,16,4,27,94.4
2020-01-28,3,General Ward,100,89,9,16,4,27,89.58
2020-01-29,3,General Ward,100,94,19,7,3,27,94.03
2020-01-30,3,General Ward,100,92,14,14,3,32,92.85
2020-01-31,3,General Ward,100,90,14,12,3,30,90.19
2020-02-01,3,General Ward,100,80,16,8,3,28,80.86
2020-02-02,3,General Ward,100,79,19,10,4,29,79.2
2020-02-03,3,General Ward,100,94,18,10,6,27,94.88
2020-02-04,3,General Ward,100,92,15,12,3,28,92.4
2020-02-05,3,General Ward,100,95,10,13,2,28,95.0
2020-02-06,3,General Ward,100,95,12,11,3,29,95.0
2020-02-07,3,General Ward,100,95,15,9,3,30,95.0
2020-02-08,3,General Ward,100,86,21,9,3,28,86.48
2020-02-09,3,General Ward,100,90,14,17,3,29,90.31
2020-02-10,3,General Ward,100,95,10,15,2,30,95.0
2020-02-11,3,General Ward,100,95,20,14,5,32,95.0
2020-02-12,3,General Ward,100,93,11,19,3,32,93.3
2020-02-13,3,General Ward,100,95,13,8,3,28,95.0
2020-02-14,3,General Ward,100,95,14,12,5,30,95.0
2020-02-15,3,General Ward,100,75,15,17,2,26,75.52
2020-02-16,3,General Ward,100,84,13,11,3,30,84.35
2020-02-17,3,General Ward,100,95,15,15,4,28,95.0
2020-02-18,3,General Ward,100,95,19,21,5,29,95.0
2020-02-19,3,General Ward,100,95,12,13,3,24,95.0
2020-02-20,3,General Ward,100,95,13,8,4,30,95.0
2020-02-21,3,General Ward,100,95,14,12,4,29,95.0
2020-02-22,3,General Ward,100,82,14,20,5,29,82.4
2020-02-23,3,General Ward,100,82,25,15,4,31,82.04
2020-02-24,3,General Ward,100,92,17,13,3,26,92.9
2020-02-25,3,General Ward,100,95,12,14,2,30,95.0
2020-02-26,3,General Ward,100,95,18,15,4,29,95.0
2020-02-27,3,General Ward,100,95,15,9,6,31,95.0
2020-02-28,3,General Ward,100,95,15,18,5,31,95.0
2020-02-29,3,General Ward,100,80,20,10,2,27,80.85
2020-03-01,3,General Ward,100,81,14,13,4,27,81.67
2020-03-02,3,General Ward,100,95,29,13,4,31,95.0
2020-03-03,3,General Ward,100,95,16,18,4,27,95.0
2020-03-04,3,General Ward,100,93,14,15,4,32,93.53
2020-03-05,3,General Ward,100,95,22,13,4,29,95.0
2020-03-06,3,General Ward,100,95,16,10,4,29,95.0
2020-03-07,3,General Ward,100,81,17,14,2,25,81.26
2020-03-08,3,General Ward,100,92,14,14,6,26,92.37
2020-03-09,3,General Ward,100,95,17,11,4,31,95.0
2020-03-10,3,General Ward,100,95,12,19,4,29,95.0
2020-03-11,3,General Ward,100,95,11,12,4,31,95.0
2020-03-12,3,General Ward,100,95,15,14,2,27,95.0
2020-03-13,3,General Ward,100,89,17,7,4,29,89.45
2020-03-14,3,General Ward,100,89,14,14,2,29,89.28
2020-03-15,3,General Ward,100,87,15,11,5,26,87.48
2020-03-16,3,General Ward,100,95,21,12,1,31,95.0
2020-03-17,3,General Ward,100,95,20,12,5,28,95.0
2020-03-18,3,General Ward,100,95,11,19,2,26,95.0
2020-03-19,3,General Ward,100,92,14,11,3,26,92.27
2020-03-20,3,General Ward,100,95,17,18,3,29,95.0
2020-03-21,3,General Ward,100,90,14,19,2,27,90.17
2020-03-22,3,General Ward,100,81,13,7,4,27,81.9
2020-03-23,3,General Ward,100,95,8,15,4,28,95.0
2020-03-24,3,General Ward,100,95,19,10,5,28,95.0
2020-03-25,3,General Ward,100,95,11,9,4,24,95.0
2020-03-26,3,General Ward,100,95,17,11,4,32,95.0
2020-03-27,3,General Ward,100,95,12,15,3,28,95.0
2020-03-28,3,General Ward,100,90,15,12,3,26,90.45
2020-03-29,3,General Ward,100,90,23,11,2,27,90.51
2020-03-30,3,General Ward,100,95,8,17,4,28,95.0
2020-03-31,3,General Ward,100,95,18,12,4,29,95.0
2020-04-01,3,General Ward,100,95,23,15,2,30,95.0
2020-04-02,3,General Ward,100,95,12,9,4,27,95.0
2020-04-03,3,General Ward,100,95,13,13,3,27,95.0
2020-04-04,3,General Ward,100,84,17,15,2,27,84.14
2020-04-05,3,General Ward,100,77,15,21,4,31,77.8
2020-04-06,3,General Ward,100,95,20,15,1,30,95.0
2020-04-07,3,General Ward,100,88,11,14,5,32,88.21
2020-04-08,3,General Ward,100,95,14,12,4,29,95.0
2020-04-09,3,General Ward,100,85,20,14,4,29,85.94
2020-04-10,3,General Ward,100,95,20,17,4,30,95.0
2020-04-11,3,General Ward,100,90,22,9,4,29,90.19
2020-04-12,3,General Ward,100,86,14,7,2,28,86.8
2020-04-13,3,General Ward,100,89,11,9,5,29,89.28
2020-04-14,3,General Ward,100,93,21,9,5,31,93.1
2020-04-15,3,General Ward,100,95,10,14,4,30,95.0
2020-04-16,3,General Ward,100,95,14,22,5,27,95.0
2020-04-17,3,General Ward,100,93,15,19,5,28,93.68
2020-04-18,3,General Ward,100,87,10,15,4,27,87.23
2020-04-19,3,General Ward,100,85,15,12,5,29,85.32
2020-04-20,3,General Ward,100,95,20,16,4,28,95.0
2020-04-21,3,General Ward,100,95,13,22,3,30,95.0
2020-04-22,3,General Ward,100,95,15,14,2,31,95.0
2020-04-23,3,General Ward,100,95,12,10,2,27,95.0
2020-04-24,3,General Ward,100,95,20,12,3,31,95.0
2020-04-25,3,General Ward,100,84,14,18,5,26,84.17
2020-04-26,3,General Ward,100,72,18,16,3,29,72.73
2020-04-27,3,General Ward,100,88,14,13,2,28,88.45
2020-04-28,3,General Ward,100,95,15,12,5,26,95.0
2020-04-29,3,General Ward,100,95,14,11,3,29,95.0
2020-04-30,3,General Ward,100,95,13,15,5,29,95.0
2020-05-01,3,General Ward,100,90,14,21,3,26,90.14
2020-05-02,3,General Ward,100,79,11,6,4,26,79.29
2020-05-03,3,General Ward,100,70,19,17,4,30,70.83
2020-05-04,3,General Ward,100,83,13,12,4,28,83.44
2020-05-05,3,General Ward,100,86,14,15,3,30,86.34
2020-05-06,3,General Ward,100,95,14,17,6,27,95.0
2020-05-07,3,General Ward,100,95,17,18,3,27,95.0
2020-05-08,3,General Ward,100,95,17,12,3,27,95.0
2020-05-09,3,General Ward,100,77,16,15,3,24,77.68
2020-05-10,3,General Ward,100,89,18,8,3,33,89.59
2020-05-11,3,General Ward,100,88,13,12,4,28,88.88
2020-05-12,3,General Ward,100,95,17,10,4,31,95.0
2020-05-13,3,General Ward,100,80,11,15,3,29,80.6
2020-05-14,3,General Ward,100,95,12,18,2,28,95.0
2020-05-15,3,General Ward,100,85,21,15,6,30,85.46
2020-05-16,3,General Ward,100,88,19,13,3,26,88.23
2020-05-17,3,General Ward,100,76,16,19,6,29,76.94
2020-05-18,3,General Ward,100,87,24,19,2,31,87.54
2020-05-19,3,General Ward,100,83,13,12,4,28,83.32
2020-05-20,3,General Ward,100,91,14,11,2,28,91.72
2020-05-21,3,General Ward,100,84,11,14,2,26,84.93
2020-05-22,3,General Ward,100,95,16,16,4,27,95.0
2020-05-23,3,General Ward,100,81,20,14,3,28,81.03
2020-05-24,3,General Ward,100,74,13,19,3,27,74.1
2020-05-25,3,General Ward,100,80,10,10,3,29,80.99
2020-05-26,3,General Ward,100,87,20,16,3,25,87.5
2020-05-27,3,General Ward,100,95,19,16,4,29,95.0
2020-05-28,3,General Ward,100,94,12,16,4,29,94.15
2020-05-29,3,General Ward,100,90,11,13,3,26,90.37
2020-05-30,3,General Ward,100,79,16,16,5,28,79.75
2020-05-31,3,General Ward,100,81,10,12,2,29,81.91
2020-06-01,3,General Ward,100,94,17,12,4,31,94.7
2020-06-02,3,General Ward,100,88,16,20,4,28,88.08
2020-06-03,3,General Ward,100,91,5,17,4,28,91.51
2020-06-04,3,General Ward,100,90,13,18,3,31,90.05
2020-06-05,3,General Ward,100,83,17,22,3,29,83.03
2020-06-06,3,General Ward,100,66,12,6,3,25,66.3
2020-06-07,3,General Ward,100,74,18,8,3,27,74.56
2020-06-08,3,General Ward,100,84,8,10,3,31,84.82
2020-06-09,3,General Ward,100,86,15,11,2,30,86.34
2020-06-10,3,General Ward,100,88,11,16,2,30,88.33
2020-06-11,3,General Ward,100,80,13,17,3,30,80.55
2020-06-12,3,General Ward,100,93,20,15,3,32,93.44
2020-06-13,3,General Ward,100,70,22,11,3,27,70.25
2020-06-14,3,General Ward,100,65,17,12,4,27,65.01
2020-06-15,3,General Ward,100,88,16,14,3,30,88.38
2020-06-16,3,General Ward,100,91,17,7,4,30,91.78
2020-06-17,3,General Ward,100,81,14,16,3,30,81.47
2020-06-18,3,General Ward,100,77,11,16,4,30,77.01
2020-06-19,3,General Ward,100,83,16,17,2,26,83.72
2020-06-20,3,General Ward,100,70,17,8,4,23,70.81
2020-06-21,3,General Ward,100,77,17,19,4,29,77.47
2020-06-22,3,General Ward,100,82,17,10,4,28,82.72
2020-06-23,3,General Ward,100,85,15,8,3,26,85.01
2020-06-24,3,General Ward,100,86,14,8,3,31,86.83
2020-06-25,3,General Ward,100,77,15,11,3,27,77.57
2020-06-26,3,General Ward,100,77,12,11,3,25,77.49
2020-06-27,3,General Ward,100,66,18,12,2,27,66.2
2020-06-28,3,General Ward,100,78,22,12,4,28,78.67
2020-06-29,3,General Ward,100,88,10,22,4,28,88.45
2020-06-30,3,General Ward,100,93,18,12,2,29,93.88
2020-07-01,3,General Ward,100,84,13,11,2,29,84.95
2020-07-02,3,General Ward,100,70,16,18,3,26,70.71
2020-07-03,3,General Ward,100,86,12,11,5,27,86.35
2020-07-04,3,General Ward,100,62,20,11,5,29,62.96
2020-07-05,3,General Ward,100,62,15,6,4,24,62.7
2020-07-06,3,General Ward,100,77,8,15,3,25,77.31
2020-07-07,3,General Ward,100,71,16,15,3,26,71.48
2020-07-08,3,General Ward,100,80,19,10,5,29,80.71
2020-07-09,3,General Ward,100,78,10,10,2,27,78.02
2020-07-10,3,General Ward,100,75,15,13,2,28,75.47
2020-07-11,3,General Ward,100,72,11,20,3,29,72.67
2020-07-12,3,General Ward,100,66,12,16,3,23,66.15
2020-07-13,3,General Ward,100,71,16,19,3,26,71.24
2020-07-14,3,General Ward,100,80,24,15,3,32,80.38
2020-07-15,3,General Ward,100,74,12,12,4,26,74.23
2020-07-16,3,General Ward,100,80,17,21,2,26,80.25
2020-07-17,3,General Ward,100,65,7,14,4,27,65.73
2020-07-18,3,General Ward,100,75,17,19,4,26,75.54
2020-07-19,3,General Ward,100,59,16,9,2,26,59.22
2020-07-20,3,General Ward,100,86,10,14,4,29,86.16
2020-07-21,3,General Ward,100,68,11,6,3,24,68.13
2020-07-22,3,General Ward,100,81,20,15,5,26,81.94
2020-07-23,3,General Ward,100,78,9,13,3,26,78.19
2020-07-24,3,General Ward,100,74,18,18,5,27,74.72
2020-07-25,3,General Ward,100,65,18,12,3,22,65.54
2020-07-26,3,General Ward,100,63,16,24,3,27,63.05
2020-07-27,3,General Ward,100,69,15,8,5,26,69.75
2020-07-28,3,General Ward,100,81,15,16,1,29,81.12
2020-07-29,3,General Ward,100,77,17,7,4,30,77.39
2020-07-30,3,General Ward,100,78,11,17,5,28,78.67
2020-07-31,3,General Ward,100,87,17,16,3,29,87.52
2020-08-01,3,General Ward,100,57,9,14,3,27,57.01
2020-08-02,3,General Ward,100,56,20,18,3,26,56.33
2020-08-03,3,General Ward,100,78,15,11,1,29,78.47
2020-08-04,3,General Ward,100,71,14,13,3,28,71.68
2020-08-05,3,General Ward,100,66,13,19,2,26,66.44
2020-08-06,3,General Ward,100,72,19,23,3,28,72.14
2020-08-07,3,General Ward,100,74,22,21,4,25,74.7
2020-08-08,3,General Ward,100,62,15,20,3,25,62.99
2020-08-09,3,General Ward,100,59,16,16,4,25,59.24
2020-08-10,3,General Ward,100,79,20,15,1,28,79.91
2020-08-11,3,General Ward,100,75,14,7,4,27,75.99
2020-08-12,3,General Ward,100,75,10,11,3,26,75.74
2020-08-13,3,General Ward,100,64,12,15,2,23,64.33
2020-08-14,3,General Ward,100,72,14,15,4,27,72.93
2020-08-15,3,General Ward,100,64,16,5,5,24,64.89
2020-08-16,3,General Ward,100,52,12,15,3,28,52.98
2020-08-17,3,General Ward,100,78,14,17,4,26,78.5
2020-08-18,3,General Ward,100,78,19,20,2,28,78.99
2020-08-19,3,General Ward,100,64,19,7,4,25,64.84
2020-08-20,3,General Ward,100,69,13,17,4,27,69.98
2020-08-21,3,General Ward,100,70,14,13,6,27,70.35
2020-08-22,3,General Ward,100,46,12,10,4,26,46.79
2020-08-23,3,General Ward,100,56,17,13,6,27,56.99
2020-08-24,3,General Ward,100,73,15,15,3,27,73.18
2020-08-25,3,General Ward,100,67,20,16,4,27,67.43
2020-08-26,3,General Ward,100,70,13,14,3,26,70.01
2020-08-27,3,General Ward,100,73,11,13,4,24,73.65
2020-08-28,3,General Ward,100,76,13,18,4,26,76.3
2020-08-29,3,General Ward,100,60,13,10,3,27,60.92
2020-08-30,3,General Ward,100,55,9,16,4,29,55.65
2020-08-31,3,General Ward,100,71,19,15,4,26,71.69
2020-09-01,3,General Ward,100,73,12,20,3,32,73.55
2020-09-02,3,General Ward,100,73,14,18,2,27,73.94
2020-09-03,3,General Ward,100,69,15,22,4,26,69.92
2020-09-04,3,General Ward,100,67,11,12,4,27,67.22
2020-09-05,3,General Ward,100,49,15,14,4,23,49.72
2020-09-06,3,General Ward,100,44,19,6,4,21,44.05
2020-09-07,3,General Ward,100,69,12,14,5,25,69.35
2020-09-08,3,General Ward,100,69,9,12,4,27,69.89
2020-09-09,3,General Ward,100,65,16,10,6,23,65.83
2020-09-10,3,General Ward,100,64,13,18,3,28,64.98
2020-09-11,3,General Ward,100,75,10,13,2,27,75.98
2020-09-12,3,General Ward,100,52,17,20,4,26,52.98
2020-09-13,3,General Ward,100,53,10,11,3,22,53.53
2020-09-14,3,General Ward,100,76,13,13,3,25,76.35
2020-09-15,3,General Ward,100,65,15,15,3,25,65.93
2020-09-16,3,General Ward,100,66,16,16,4,25,66.3
2020-09-17,3,General Ward,100,64,11,16,4,27,64.17
2020-09-18,3,General Ward,100,70,14,17,4,29,70.71
2020-09-19,3,General Ward,100,49,24,10,6,23,49.74
2020-09-20,3,General Ward,100,54,18,14,4,27,54.51
2020-09-21,3,General Ward,100,75,23,17,3,25,75.06
2020-09-22,3,General Ward,100,69,11,12,5,25,69.54
2020-09-23,3,General Ward,100,62,11,13,4,23,62.48
2020-09-24,3,General Ward,100,72,16,22,4,29,72.19
2020-09-25,3,General Ward,100,79,13,17,3,28,79.6
2020-09-26,3,General Ward,100,62,15,21,3,25,62.6
2020-09-27,3,General Ward,100,56,14,16,3,26,56.86
2020-09-28,3,General Ward,100,72,13,14,3,29,72.24
2020-09-29,3,General Ward,100,67,7,19,4,26,67.44
2020-09-30,3,General Ward,100,69,12,17,5,27,69.44
2020-10-01,3,General Ward,100,62,10,12,6,26,62.78
2020-10-02,3,General Ward,100,71,14,17,4,30,71.28
2020-10-03,3,General Ward,100,45,10,18,4,22,45.86
2020-10-04,3,General Ward,100,55,18,13,3,25,55.98
2020-10-05,3,General Ward,100,74,13,11,4,23,74.34
2020-10-06,3,General Ward,100,75,14,21,3,26,75.7
2020-10-07,3,General Ward,100,64,13,16,4,25,64.23
2020-10-08,3,General Ward,100,65,14,13,3,27,65.24
2020-10-09,3,General Ward,100,67,11,19,4,27,67.96
2020-10-10,3,General Ward,100,57,18,10,2,25,57.36
2020-10-11,3,General Ward,100,56,21,21,4,25,56.59
2020-10-12,3,General Ward,100,74,16,17,4,31,74.81
2020-10-13,3,General Ward,100,76,16,15,3,24,76.0
2020-10-14,3,General Ward,100,75,8,9,3,25,75.05
2020-10-15,3,General Ward,100,74,13,17,3,27,74.76
2020-10-16,3,General Ward,100,72,15,10,1,26,72.63
2020-10-17,3,General Ward,100,50,20,18,4,25,50.49
2020-10-18,3,General Ward,100,59,13,14,3,25,59.21
2020-10-19,3,General Ward,100,66,15,22,6,24,66.3
2020-10-20,3,General Ward,100,69,15,10,4,26,69.43
2020-10-21,3,General Ward,100,65,20,20,4,27,65.75
2020-10-22,3,General Ward,100,76,20,16,3,24,76.35
2020-10-23,3,General Ward,100,73,18,7,3,27,73.56
2020-10-24,3,General Ward,100,55,17,10,2,24,55.73
2020-10-25,3,General Ward,100,55,17,14,3,27,55.76
2020-10-26,3,General Ward,100,78,11,7,1,27,78.9
2020-10-27,3,General Ward,100,73,16,20,2,29,73.12
2020-10-28,3,General Ward,100,66,17,10,4,25,66.94
2020-10-29,3,General Ward,100,63,18,9,3,25,63.4
2020-10-30,3,General Ward,100,74,14,14,4,26,74.75
2020-10-31,3,General Ward,100,63,10,14,3,28,63.84
2020-11-01,3,General Ward,100,59,16,17,2,27,59.02
2020-11-02,3,General Ward,100,79,10,19,3,25,79.19
2020-11-03,3,General Ward,100,81,16,9,2,28,81.7
2020-11-04,3,General Ward,100,80,19,16,3,28,80.28
2020-11-05,3,General Ward,100,84,14,17,3,29,84.25
2020-11-06,3,General Ward,100,76,16,16,1,28,76.98
2020-11-07,3,General Ward,100,70,15,16,4,27,70.27
2020-11-08,3,General Ward,100,60,11,18,4,26,60.3
2020-11-09,3,General Ward,100,77,16,20,3,32,77.56
2020-11-10,3,General Ward,100,74,16,11,4,27,74.25
2020-11-11,3,General Ward,100,90,13,22,3,28,90.58
2020-11-12,3,General Ward,100,78,20,6,3,25,78.13
2020-11-13,3,General Ward,100,79,13,18,5,24,79.75
2020-11-14,3,General Ward,100,64,15,14,2,26,64.2
2020-11-15,3,General Ward,100,61,13,18,4,26,61.7
2020-11-16,3,General Ward,100,76,14,21,5,25,76.48
2020-11-17,3,General Ward,100,72,23,10,4,24,72.17
2020-11-18,3,General Ward,100,77,10,23,4,30,77.64
2020-11-19,3,General Ward,100,82,9,12,3,29,82.07
2020-11-20,3,General Ward,100,78,21,9,1,28,78.17
2020-11-21,3,General Ward,100,57,17,22,4,26,57.3
2020-11-22,3,General Ward,100,64,12,13,3,25,64.9
2020-11-23,3,General Ward,100,79,6,8,5,28,79.11
2020-11-24,3,General Ward,100,87,15,14,5,29,87.5
2020-11-25,3,General Ward,100,75,17,16,4,28,75.49
2020-11-26,3,General Ward,100,79,16,17,4,26,79.36
2020-11-27,3,General Ward,100,71,27,20,5,27,71.16
2020-11-28,3,General Ward,100,70,15,8,3,28,71.0
2020-11-29,3,General Ward,100,72,16,10,3,25,72.31
2020-11-30,3,General Ward,100,84,20,15,4,23,84.33
2020-12-01,3,General Ward,100,89,17,17,3,29,89.46
2020-12-02,3,General Ward,100,79,17,15,4,27,79.75
2020-12-03,3,General Ward,100,85,17,10,4,28,85.55
2020-12-04,3,General Ward,100,88,13,19,3,28,88.87
2020-12-05,3,General Ward,100,65,12,15,2,27,65.77
2020-12-06,3,General Ward,100,65,14,11,4,24,65.74
2020-12-07,3,General Ward,100,83,15,10,3,22,83.2
2020-12-08,3,General Ward,100,87,12,12,3,27,87.35
2020-12-09,3,General Ward,100,85,17,12,3,28,85.33
2020-12-10,3,General Ward,100,86,19,21,3,25,86.34
2020-12-11,3,General Ward,100,89,16,14,4,29,89.22
2020-12-12,3,General Ward,100,77,16,13,3,28,77.3
2020-12-13,3,General Ward,100,68,16,12,3,26,68.25
2020-12-14,3,General Ward,100,79,18,14,2,27,79.4
2020-12-15,3,General Ward,100,86,16,10,3,30,86.65
2020-12-16,3,General Ward,100,87,13,11,2,28,87.33
2020-12-17,3,General Ward,100,90,23,9,4,27,90.41
2020-12-18,3,General Ward,100,79,14,14,3,27,79.82
2020-12-19,3,General Ward,100,70,19,15,5,25,70.26
2020-12-20,3,General Ward,100,66,19,12,3,27,66.75
2020-12-21,3,General Ward,100,88,9,8,5,27,88.57
2020-12-22,3,General Ward,100,90,16,8,5,27,90.62
2020-12-23,3,General Ward,100,83,19,18,4,28,83.8
2020-12-24,3,General Ward,100,87,13,18,5,29,87.71
2020-12-25,3,General Ward,100,87,13,18,2,28,87.7
2020-12-26,3,General Ward,100,73,18,17,2,26,73.71
2020-12-27,3,General Ward,100,70,13,21,3,26,70.5
2020-12-28,3,General Ward,100,86,22,14,4,29,86.28
2020-12-29,3,General Ward,100,73,12,8,5,29,73.85
2020-12-30,3,General Ward,100,88,13,12,3,30,88.43
2020-12-31,3,General Ward,100,84,11,12,2,28,84.11
2021-01-01,3,General Ward,100,95,12,14,3,28,95.0
2021-01-02,3,General Ward,100,87,15,13,2,26,87.27
2021-01-03,3,General Ward,100,74,12,17,4,26,74.58
2021-01-04,3,General Ward,100,91,22,15,3,26,91.96
2021-01-05,3,General Ward,100,95,17,16,4,32,95.0
2021-01-06,3,General Ward,100,95,9,19,4,29,95.0
2021-01-07,3,General Ward,100,93,11,11,4,31,93.35
2021-01-08,3,General Ward,100,95,8,14,3,28,95.0
2021-01-09,3,General Ward,100,72,17,19,3,24,72.44
2021-01-10,3,General Ward,100,76,11,9,3,27,76.67
2021-01-11,3,General Ward,100,92,15,16,3,32,92.74
2021-01-12,3,General Ward,100,95,15,15,4,29,95.0
2021-01-13,3,General Ward,100,94,23,13,5,25,94.21
2021-01-14,3,General Ward,100,91,15,17,3,29,91.34
2021-01-15,3,General Ward,100,91,17,9,3,28,91.03
2021-01-16,3,General Ward,100,76,15,16,4,25,76.83
2021-01-17,3,General Ward,100,73,14,15,3,26,73.88
2021-01-18,3,General Ward,100,95,19,10,2,24,95.0
2021-01-19,3,General Ward,100,95,17,17,4,29,95.0
2021-01-20,3,General Ward,100,95,17,16,4,28,95.0
2021-01-21,3,General Ward,100,90,20,10,3,25,90.52
2021-01-22,3,General Ward,100,95,14,18,1,29,95.0
2021-01-23,3,General Ward,100,79,14,23,5,30,79.05
2021-01-24,3,General Ward,100,64,13,8,3,25,64.84
2021-01-25,3,General Ward,100,90,18,14,6,28,90.89
2021-01-26,3,General Ward,100,86,13,14,3,31,86.63
2021-01-27,3,General Ward,100,95,14,10,4,30,95.0
2021-01-28,3,General Ward,100,92,23,11,4,27,92.78
2021-01-29,3,General Ward,100,95,16,15,5,29,95.0
2021-01-30,3,General Ward,100,77,15,12,4,25,77.41
2021-01-31,3,General Ward,100,75,11,14,4,31,75.29
2021-02-01,3,General Ward,100,95,20,13,3,28,95.0
2021-02-02,3,General Ward,100,95,15,7,3,30,95.0
2021-02-03,3,General Ward,100,94,17,19,4,31,94.36
2021-02-04,3,General Ward,100,95,12,13,2,30,95.0
2021-02-05,3,General Ward,100,91,10,14,3,30,91.8
2021-02-06,3,General Ward,100,88,17,15,3,24,88.1
2021-02-07,3,General Ward,100,84,10,14,4,27,84.55
2021-02-08,3,General Ward,100,95,17,15,4,27,95.0
2021-02-09,3,General Ward,100,95,11,11,5,32,95.0
2021-02-10,3,General Ward,100,95,21,13,2,29,95.0
2021-02-11,3,General Ward,100,95,13,14,3,28,95.0
2021-02-12,3,General Ward,100,95,16,13,2,29,95.0
2021-02-13,3,General Ward,100,77,11,24,5,25,77.23
2021-02-14,3,General Ward,100,91,17,20,4,30,91.42
2021-02-15,3,General Ward,100,95,16,14,3,27,95.0
2021-02-16,3,General Ward,100,95,18,11,4,28,95.0
2021-02-17,3,General Ward,100,95,9,18,3,30,95.0
2021-02-18,3,General Ward,100,95,20,20,3,31,95.0
2021-02-19,3,General Ward,100,95,19,16,4,29,95.0
2021-02-20,3,General Ward,100,85,12,14,4,32,85.15
2021-02-21,3,General Ward,100,81,10,11,3,30,81.63
2021-02-22,3,General Ward,100,95,16,14,3,29,95.0
2021-02-23,3,General Ward,100,95,11,7,5,29,95.0
2021-02-24,3,General Ward,100,95,13,9,4,28,95.0
2021-02-25,3,General Ward,100,91,9,23,4,29,91.17
2021-02-26,3,General Ward,100,95,24,21,4,28,95.0
2021-02-27,3,General Ward,100,81,13,12,2,29,81.27
2021-02-28,3,General Ward,100,80,15,8,3,31,80.43
2021-03-01,3,General Ward,100,95,16,8,3,32,95.0
2021-03-02,3,General Ward,100,95,17,8,2,32,95.0
2021-03-03,3,General Ward,100,95,22,9,4,29,95.0
2021-03-04,3,General Ward,100,95,16,14,5,29,95.0
2021-03-05,3,General Ward,100,95,14,11,2,27,95.0
2021-03-06,3,General Ward,100,76,13,18,6,29,76.19
2021-03-07,3,General Ward,100,91,17,15,4,29,91.18
2021-03-08,3,General Ward,100,95,11,19,6,30,95.0
2021-03-09,3,General Ward,100,95,18,10,4,28,95.0
2021-03-10,3,General Ward,100,95,13,18,3,29,95.0
2021-03-11,3,General Ward,100,94,16,11,2,31,94.86
2021-03-12,3,General Ward,100,95,15,13,3,30,95.0
2021-03-13,3,General Ward,100,85,16,14,4,26,85.08
2021-03-14,3,General Ward,100,84,13,15,5,30,84.83
2021-03-15,3,General Ward,100,95,10,13,5,28,95.0
2021-03-16,3,General Ward,100,95,19,11,4,29,95.0
2021-03-17,3,General Ward,100,95,16,10,4,26,95.0
2021-03-18,3,General Ward,100,95,10,13,3,31,95.0
2021-03-19,3,General Ward,100,90,15,19,4,28,90.31
2021-03-20,3,General Ward,100,79,8,10,3,29,79.64
2021-03-21,3,General Ward,100,91,15,16,4,28,91.56
2021-03-22,3,General Ward,100,95,12,10,2,27,95.0
2021-03-23,3,General Ward,100,95,11,13,2,30,95.0
2021-03-24,3,General Ward,100,95,15,17,5,28,95.0
2021-03-25,3,General Ward,100,95,18,14,4,29,95.0
2021-03-26,3,General Ward,100,95,17,13,3,29,95.0
2021-03-27,3,General Ward,100,87,18,7,5,31,87.25
2021-03-28,3,General Ward,100,87,21,11,5,29,87.42
2021-03-29,3,General Ward,100,95,18,13,2,29,95.0
2021-03-30,3,General Ward,100,95,10,14,5,28,95.0
2021-03-31,3,General Ward,100,95,23,8,3,29,95.0
2021-04-01,3,General Ward,100,95,17,17,1,26,95.0
2021-04-02,3,General Ward,100,95,9,9,5,31,95.0
2021-04-03,3,General Ward,100,66,13,13,4,26,66.58
2021-04-04,3,General Ward,100,83,17,14,3,30,83.49
2021-04-05,3,General Ward,100,95,15,22,3,29,95.0
2021-04-06,3,General Ward,100,95,10,13,3,31,95.0
2021-04-07,3,General Ward,100,95,15,14,2,32,95.0
2021-04-08,3,General Ward,100,92,9,18,4,26,92.73
2021-04-09,3,General Ward,100,95,14,16,4,34,95.0
2021-04-10,3,General Ward,100,80,16,12,2,28,80.79
2021-04-11,3,General Ward,100,77,20,12,4,33,77.14
2021-04-12,3,General Ward,100,95,9,11,3,26,95.0
2021-04-13,3,General Ward,100,93,11,10,3,28,93.81
2021-04-14,3,General Ward,100,88,15,9,4,24,88.93
2021-04-15,3,General Ward,100,91,14,13,5,26,91.72
2021-04-16,3,General Ward,100,95,15,13,3,30,95.0
2021-04-17,3,General Ward,100,79,11,9,2,28,79.51
2021-04-18,3,General Ward,100,83,17,7,4,26,83.14
2021-04-19,3,General Ward,100,95,19,12,4,30,95.0
2021-04-20,3,General Ward,100,95,13,13,2,27,95.0
2021-04-21,3,General Ward,100,94,13,13,2,30,94.09
2021-04-22,3,General Ward,100,95,18,19,3,26,95.0
2021-04-23,3,General Ward,100,95,16,18,3,28,95.0
2021-04-24,3,General Ward,100,85,12,15,4,30,85.75
2021-04-25,3,General Ward,100,87,11,16,4,25,87.28
2021-04-26,3,General Ward,100,95,8,17,4,31,95.0
2021-04-27,3,General Ward,100,94,22,11,4,29,94.8
2021-04-28,3,General Ward,100,95,21,19,2,28,95.0
2021-04-29,3,General Ward,100,95,10,22,5,31,95.0
2021-04-30,3,General Ward,100,95,22,18,6,30,95.0
2021-05-01,3,General Ward,100,74,14,13,3,28,74.97
2021-05-02,3,General Ward,100,85,22,18,4,31,85.48
2021-05-03,3,General Ward,100,95,19,10,4,32,95.0
2021-05-04,3,General Ward,100,87,16,15,3,30,87.39
2021-05-05,3,General Ward,100,93,19,14,2,32,93.74
2021-05-06,3,General Ward,100,85,14,16,1,24,85.17
2021-05-07,3,General Ward,100,95,22,11,2,28,95.0
2021-05-08,3,General Ward,100,73,10,10,5,28,73.98
2021-05-09,3,General Ward,100,80,18,8,3,25,80.64
2021-05-10,3,General Ward,100,95,11,15,3,30,95.0
2021-05-11,3,General Ward,100,83,14,11,4,29,83.43
2021-05-12,3,General Ward,100,88,15,11,4,30,88.28
2021-05-13,3,General Ward,100,89,15,15,3,29,89.32
2021-05-14,3,General Ward,100,95,13,10,5,29,95.0
2021-05-15,3,General Ward,100,76,21,8,5,24,76.61
2021-05-16,3,General Ward,100,74,12,11,2,28,74.1
2021-05-17,3,General Ward,100,95,14,13,4,27,95.0
2021-05-18,3,General Ward,100,92,15,12,3,27,92.94
2021-05-19,3,General Ward,100,93,17,10,4,29,93.97
2021-05-20,3,General Ward,100,94,17,17,2,29,94.59
2021-05-21,3,General Ward,100,86,11,15,3,27,86.49
2021-05-22,3,General Ward,100,76,13,11,4,24,76.69
2021-05-23,3,General Ward,100,67,20,7,5,26,67.3
2021-05-24,3,General Ward,100,88,17,19,1,29,88.91
2021-05-25,3,General Ward,100,94,15,10,3,29,94.87
2021-05-26,3,General Ward,100,95,10,13,3,31,95.0
2021-05-27,3,General Ward,100,89,22,8,5,27,89.6
2021-05-28,3,General Ward,100,92,16,10,5,26,92.95
2021-05-29,3,General Ward,100,76,20,22,7,28,76.31
2021-05-30,3,General Ward,100,79,20,14,3,27,79.37
2021-05-31,3,General Ward,100,92,20,17,3,30,92.11
2021-06-01,3,General Ward,100,83,12,16,3,29,83.29
2021-06-02,3,General Ward,100,90,13,11,5,29,90.87
2021-06-03,3,General Ward,100,95,23,16,4,29,95.0
2021-06-04,3,General Ward,100,85,13,16,4,25,85.15
2021-06-05,3,General Ward,100,73,17,11,3,25,73.91
2021-06-06,3,General Ward,100,73,14,11,3,27,73.61
2021-06-07,3,General Ward,100,78,19,8,3,29,78.62
2021-06-08,3,General Ward,100,83,19,14,4,24,83.42
2021-06-09,3,General Ward,100,90,21,8,2,30,90.66
2021-06-10,3,General Ward,100,89,8,9,5,31,89.08
2021-06-11,3,General Ward,100,90,20,15,4,30,90.06
2021-06-12,3,General Ward,100,69,23,12,4,28,69.87
2021-06-13,3,General Ward,100,68,11,9,5,25,68.81
2021-06-14,3,General Ward,100,76,15,13,3,25,76.67
2021-06-15,3,General Ward,100,91,20,6,4,29,91.9
2021-06-16,3,General Ward,100,81,12,12,5,25,81.8
2021-06-17,3,General Ward,100,88,23,12,4,27,88.5
2021-06-18,3,General Ward,100,82,22,19,4,28,82.19
2021-06-19,3,General Ward,100,76,18,18,4,26,76.19
2021-06-20,3,General Ward,100,72,13,7,3,26,72.2
2021-06-21,3,General Ward,100,85,13,16,5,32,85.74
2021-06-22,3,General Ward,100,84,10,8,5,29,84.12
2021-06-23,3,General Ward,100,79,19,15,4,28,79.51
2021-06-24,3,General Ward,100,92,9,14,2,26,92.86
2021-06-25,3,General Ward,100,83,12,20,5,25,83.14
2021-06-26,3,General Ward,100,74,8,13,3,29,74.42
2021-06-27,3,General Ward,100,72,14,20,3,27,72.82
2021-06-28,3,General Ward,100,85,15,10,2,28,85.68
2021-06-29,3,General Ward,100,74,14,9,3,27,74.61
2021-06-30,3,General Ward,100,87,14,19,3,29,87.82
2021-07-01,3,General Ward,100,76,10,11,3,28,76.82
2021-07-02,3,General Ward,100,77,15,14,2,28,77.76
2021-07-03,3,General Ward,100,64,19,10,4,27,64.91
2021-07-04,3,General Ward,100,69,15,10,4,28,69.54
2021-07-05,3,General Ward,100,74,14,16,3,31,74.97
2021-07-06,3,General Ward,100,81,17,15,3,29,81.41
2021-07-07,3,General Ward,100,77,17,20,3,28,77.25
2021-07-08,3,General Ward,100,86,13,17,3,23,86.93
2021-07-09,3,General Ward,100,75,12,11,4,26,75.14
2021-07-10,3,General Ward,100,57,12,10,6,25,57.76
2021-07-11,3,General Ward,100,66,14,13,3,23,66.95
2021-07-12,3,General Ward,100,75,10,13,5,27,75.5
2021-07-13,3,General Ward,100,69,13,12,4,29,69.71
2021-07-14,3,General Ward,100,66,19,11,4,26,66.47
2021-07-15,3,General Ward,100,71,16,11,4,25,71.28
2021-07-16,3,General Ward,100,79,17,13,4,30,79.32
2021-07-17,3,General Ward,100,57,13,15,3,23,57.14
2021-07-18,3,General Ward,100,55,12,16,5,26,55.76
2021-07-19,3,General Ward,100,75,13,23,4,28,75.11
2021-07-20,3,General Ward,100,78,11,10,5,28,78.96
2021-07-21,3,General Ward,100,74,14,13,4,26,74.2
2021-07-22,3,General Ward,100,76,20,8,4,25,76.17
2021-07-23,3,General Ward,100,73,14,19,4,30,73.88
2021-07-24,3,General Ward,100,69,15,17,4,25,69.81
2021-07-25,3,General Ward,100,76,14,18,4,30,76.56
2021-07-26,3,General Ward,100,86,15,11,5,27,86.85
2021-07-27,3,General Ward,100,74,15,17,3,24,74.77
2021-07-28,3,General Ward,100,72,19,16,3,29,72.53
2021-07-29,3,General Ward,100,79,16,17,2,26,79.63
2021-07-30,3,General Ward,100,81,10,13,3,28,81.24
2021-07-31,3,General Ward,100,61,20,11,3,25,61.96
2021-08-01,3,General Ward,100,56,10,15,4,28,56.9
2021-08-02,3,General Ward,100,76,17,18,4,28,76.8
2021-08-03,3,General Ward,100,65,13,15,2,24,65.33
2021-08-04,3,General Ward,100,70,16,7,2,24,70.41
2021-08-05,3,General Ward,100,70,21,18,4,25,70.34
2021-08-06,3,General Ward,100,82,12,24,4,26,82.83
2021-08-07,3,General Ward,100,49,16,15,5,26,49.06
2021-08-08,3,General Ward,100,60,19,18,3,26,60.04
2021-08-09,3,General Ward,100,75,14,16,3,25,75.11
2021-08-10,3,General Ward,100,70,6,11,4,26,70.46
2021-08-11,3,General Ward,100,69,7,15,4,27,69.34
2021-08-12,3,General Ward,100,74,18,11,3,28,74.33
2021-08-13,3,General Ward,100,69,10,7,2,26,69.68
2021-08-14,3,General Ward,100,60,13,15,3,25,60.05
2021-08-15,3,General Ward,100,55,16,10,3,23,55.13
2021-08-16,3,General Ward,100,70,20,15,2,30,70.28
2021-08-17,3,General Ward,100,68,16,12,3,27,68.79
2021-08-18,3,General Ward,100,71,16,19,5,28,71.74
2021-08-19,3,General Ward,100,67,22,11,4,21,67.59
2021-08-20,3,General Ward,100,76,12,10,5,26,76.66
2021-08-21,3,General Ward,100,58,18,17,5,23,58.97
2021-08-22,3,General Ward,100,48,13,19,5,24,48.36
2021-08-23,3,General Ward,100,73,11,15,4,24,73.47
2021-08-24,3,General Ward,100,71,20,13,4,24,71.77
2021-08-25,3,General Ward,100,76,12,18,3,30,76.63
2021-08-26,3,General Ward,100,68,14,12,6,30,68.95
2021-08-27,3,General Ward,100,70,25,13,4,29,70.89
2021-08-28,3,General Ward,100,54,10,11,4,27,54.86
2021-08-29,3,General Ward,100,63,15,11,3,25,63.72
2021-08-30,3,General Ward,100,68,10,17,3,28,68.29
2021-08-31,3,General Ward,100,71,12,13,3,29,71.39
2021-09-01,3,General Ward,100,78,19,11,3,32,78.38
2021-09-02,3,General Ward,100,71,11,15,4,27,71.42
2021-09-03,3,General Ward,100,57,13,11,2,24,57.15
2021-09-04,3,General Ward,100,53,14,14,4,24,53.86
2021-09-05,3,General Ward,100,50,20,15,3,21,50.06
2021-09-06,3,General Ward,100,71,14,10,2,25,71.75
2021-09-07,3,General Ward,100,74,11,18,3,24,74.72
2021-09-08,3,General Ward,100,71,18,14,5,31,71.37
2021-09-09,3,General Ward,100,76,14,15,2,27,76.37
2021-09-10,3,General Ward,100,74,17,12,3,28,74.49
2021-09-11,3,General Ward,100,51,12,17,3,24,51.52
2021-09-12,3,General Ward,100,54,12,13,4,25,54.13
2021-09-13,3,General Ward,100,69,13,16,4,26,69.86
2021-09-14,3,General Ward,100,69,11,14,1,26,69.75
2021-09-15,3,General Ward,100,65,12,11,3,24,65.66
2021-09-16,3,General Ward,100,66,21,14,4,28,66.42
2021-09-17,3,General Ward,100,73,11,19,5,29,73.31
2021-09-18,3,General Ward,100,52,10,13,3,24,52.24
2021-09-19,3,General Ward,100,51,15,13,3,28,51.59
2021-09-20,3,General Ward,100,65,17,13,4,26,65.21
2021-09-21,3,General Ward,100,78,13,15,3,23,78.44
2021-09-22,3,General Ward,100,64,24,14,5,25,64.11
2021-09-23,3,General Ward,100,69,23,15,5,27,69.74
2021-09-24,3,General Ward,100,75,14,13,5,27,75.54
2021-09-25,3,General Ward,100,49,17,15,3,23,49.84
2021-09-26,3,General Ward,100,50,18,19,3,22,50.46
2021-09-27,3,General Ward,100,66,7,15,5,29,66.18
2021-09-28,3,General Ward,100,71,21,7,4,27,71.32
2021-09-29,3,General Ward,100,76,14,16,4,25,76.07
2021-09-30,3,General Ward,100,66,12,16,4,24,66.88
2021-10-01,3,General Ward,100,79,15,16,3,31,79.77
2021-10-02,3,General Ward,100,59,17,16,3,28,59.0
2021-10-03,3,General Ward,100,56,15,15,2,27,56.94
2021-10-04,3,General Ward,100,78,12,10,4,30,78.62
2021-10-05,3,General Ward,100,67,12,24,5,28,67.33
2021-10-06,3,General Ward,100,75,17,4,3,25,75.83
2021-10-07,3,General Ward,100,81,21,13,2,26,81.18
2021-10-08,3,General Ward,100,67,9,15,3,27,67.88
2021-10-09,3,General Ward,100,57,14,16,3,24,57.56
2021-10-10,3,General Ward,100,56,14,14,4,23,56.58
2021-10-11,3,General Ward,100,72,24,21,5,27,72.61
2021-10-12,3,General Ward,100,74,18,17,4,27,74.87
2021-10-13,3,General Ward,100,75,15,10,4,28,75.99
2021-10-14,3,General Ward,100,73,19,17,5,26,73.72
2021-10-15,3,General Ward,100,74,13,9,3,26,74.29
2021-10-16,3,General Ward,100,59,21,17,4,28,59.12
2021-10-17,3,General Ward,100,61,16,13,4,24,61.35
2021-10-18,3,General Ward,100,71,20,12,4,26,71.64
2021-10-19,3,General Ward,100,69,18,10,2,29,69.9
2021-10-20,3,General Ward,100,81,15,9,3,27,81.25
2021-10-21,3,General Ward,100,77,21,5,2,26,77.39
2021-10-22,3,General Ward,100,73,13,17,3,26,73.34
2021-10-23,3,General Ward,100,50,9,17,5,29,50.95
2021-10-24,3,General Ward,100,61,16,17,2,27,61.92
2021-10-25,3,General Ward,100,70,14,5,3,23,70.82
2021-10-26,3,General Ward,100,66,17,17,5,23,66.51
2021-10-27,3,General Ward,100,77,15,13,1,27,77.99
2021-10-28,3,General Ward,100,70,11,12,2,29,70.69
2021-10-29,3,General Ward,100,70,20,16,4,22,70.9
2021-10-30,3,General Ward,100,58,12,16,3,25,58.74
2021-10-31,3,General Ward,100,55,13,12,4,26,55.5
2021-11-01,3,General Ward,100,74,19,18,4,25,74.24
2021-11-02,3,General Ward,100,66,13,16,3,27,66.98
2021-11-03,3,General Ward,100,79,18,19,5,27,79.3
2021-11-04,3,General Ward,100,72,16,10,4,24,72.72
2021-11-05,3,General Ward,100,75,13,15,3,26,75.25
2021-11-06,3,General Ward,100,56,15,15,4,23,56.14
2021-11-07,3,General Ward,100,67,17,7,5,27,67.22
2021-11-08,3,General Ward,100,73,17,16,2,27,73.59
2021-11-09,3,General Ward,100,75,16,18,5,28,75.64
2021-11-10,3,General Ward,100,73,10,22,4,27,73.96
2021-11-11,3,General Ward,100,73,26,15,1,28,73.5
2021-11-12,3,General Ward,100,74,16,12,6,22,74.02
2021-11-13,3,General Ward,100,64,17,16,4,26,64.12
2021-11-14,3,General Ward,100,67,16,18,5,23,67.26
2021-11-15,3,General Ward,100,73,12,11,3,29,73.97
2021-11-16,3,General Ward,100,73,17,13,2,29,73.58
2021-11-17,3,General Ward,100,76,16,16,4,27,76.91
2021-11-18,3,General Ward,100,81,20,17,4,31,81.67
2021-11-19,3,General Ward,100,83,11,12,4,27,83.5
2021-11-20,3,General Ward,100,57,18,18,5,27,57.07
2021-11-21,3,General Ward,100,61,11,11,3,25,61.06
2021-11-22,3,General Ward,100,77,6,15,3,25,77.26
2021-11-23,3,General Ward,100,78,13,13,3,24,78.08
2021-11-24,3,General Ward,100,73,13,11,3,25,73.43
2021-11-25,3,General Ward,100,79,12,12,5,28,79.79
2021-11-26,3,General Ward,100,82,22,8,6,26,82.1
2021-11-27,3,General Ward,100,61,10,15,3,29,61.86
2021-11-28,3,General Ward,100,74,19,12,6,26,74.57
2021-11-29,3,General Ward,100,78,15,14,1,28,78.4
2021-11-30,3,General Ward,100,86,11,22,3,26,86.76
2021-12-01,3,General Ward,100,85,19,9,4,28,85.72
2021-12-02,3,General Ward,100,81,13,16,4,27,81.62
2021-12-03,3,General Ward,100,85,13,18,4,27,85.5
2021-12-04,3,General Ward,100,64,16,14,3,25,64.08
2021-12-05,3,General Ward,100,68,15,14,4,31,68.84
2021-12-06,3,General Ward,100,85,12,13,2,25,85.44
2021-12-07,3,General Ward,100,94,13,17,5,30,94.25
2021-12-08,3,General Ward,100,80,15,17,5,31,80.61
2021-12-09,3,General Ward,100,75,13,10,5,30,75.42
2021-12-10,3,General Ward,100,95,11,18,4,26,95.0
2021-12-11,3,General Ward,100,71,19,11,3,28,71.99
2021-12-12,3,General Ward,100,65,21,17,4,28,65.35
2021-12-13,3,General Ward,100,87,13,22,4,26,87.08
2021-12-14,3,General Ward,100,85,16,14,3,29,85.94
2021-12-15,3,General Ward,100,77,12,17,4,23,77.02
2021-12-16,3,General Ward,100,84,16,11,4,28,84.3
2021-12-17,3,General Ward,100,78,13,17,2,27,78.14
2021-12-18,3,General Ward,100,65,15,12,3,24,65.46
2021-12-19,3,General Ward,100,66,19,12,2,29,66.33
2021-12-20,3,General Ward,100,78,16,16,5,26,78.01
2021-12-21,3,General Ward,100,90,14,8,1,27,90.85
2021-12-22,3,General Ward,100,89,12,19,5,29,89.05
2021-12-23,3,General Ward,100,81,16,12,4,26,81.86
2021-12-24,3,General Ward,100,84,13,16,2,28,84.66
2021-12-25,3,General Ward,100,78,11,20,5,26,78.93
2021-12-26,3,General Ward,100,86,13,11,4,26,86.14
2021-12-27,3,General Ward,100,82,16,14,4,28,82.71
2021-12-28,3,General Ward,100,88,14,4,5,25,88.06
2021-12-29,3,General Ward,100,84,13,14,4,29,84.66
2021-12-30,3,General Ward,100,91,21,10,4,29,91.98
2021-12-31,3,General Ward,100,80,14,9,4,30,80.84
2022-01-01,3,General Ward,100,56,20,15,4,24,56.7
2022-01-02,3,General Ward,100,63,14,13,3,25,63.41
2022-01-03,3,General Ward,100,70,9,19,4,28,70.09
2022-01-04,3,General Ward,100,71,10,12,3,27,71.86
2022-01-05,3,General Ward,100,73,13,14,4,23,73.21
2022-01-06,3,General Ward,100,72,9,12,3,26,72.33
2022-01-07,3,General Ward,100,72,15,13,5,23,72.97
2022-01-08,3,General Ward,100,55,16,13,4,26,55.35
2022-01-09,3,General Ward,100,55,15,10,4,27,55.2
2022-01-10,3,General Ward,100,66,15,12,3,24,66.55
2022-01-11,3,General Ward,100,69,12,12,3,26,69.33
2022-01-12,3,General Ward,100,67,11,14,2,25,67.7
2022-01-13,3,General Ward,100,79,21,14,4,26,79.51
2022-01-14,3,General Ward,100,69,21,10,2,28,69.01
2022-01-15,3,General Ward,100,54,15,23,4,23,54.66
2022-01-16,3,General Ward,100,50,12,17,1,25,50.97
2022-01-17,3,General Ward,100,71,16,16,3,30,71.06
2022-01-18,3,General Ward,100,56,15,12,3,26,56.32
2022-01-19,3,General Ward,100,76,14,9,3,27,76.31
2022-01-20,3,General Ward,100,76,14,10,2,28,76.39
2022-01-21,3,General Ward,100,79,17,13,4,29,79.06
2022-01-22,3,General Ward,100,55,9,12,3,27,55.75
2022-01-23,3,General Ward,100,62,18,15,1,26,62.21
2022-01-24,3,General Ward,100,74,15,16,5,29,74.42
2022-01-25,3,General Ward,100,74,10,14,3,24,74.27
2022-01-26,3,General Ward,100,78,17,7,4,24,78.02
2022-01-27,3,General Ward,100,63,18,18,3,27,63.42
2022-01-28,3,General Ward,100,70,16,13,3,26,70.15
2022-01-29,3,General Ward,100,62,20,15,2,26,62.31
2022-01-30,3,General Ward,100,60,15,17,3,27,60.42
2022-01-31,3,General Ward,100,73,13,17,3,28,73.67
2022-02-01,3,General Ward,100,71,11,16,4,29,71.01
2022-02-02,3,General Ward,100,81,4,11,3,30,81.63
2022-02-03,3,General Ward,100,77,18,14,2,29,77.24
2022-02-04,3,General Ward,100,82,19,17,4,30,82.85
2022-02-05,3,General Ward,100,53,12,12,3,26,53.46
2022-02-06,3,General Ward,100,66,19,12,4,27,66.75
2022-02-07,3,General Ward,100,74,24,16,3,27,74.9
2022-02-08,3,General Ward,100,76,18,12,4,31,76.28
2022-02-09,3,General Ward,100,74,14,6,3,30,74.73
2022-02-10,3,General Ward,100,82,21,13,4,25,82.31
2022-02-11,3,General Ward,100,78,14,16,6,26,78.39
2022-02-12,3,General Ward,100,67,18,10,3,26,67.63
2022-02-13,3,General Ward,100,64,17,12,2,25,64.39
2022-02-14,3,General Ward,100,77,17,14,4,26,77.23
2022-02-15,3,General Ward,100,82,11,10,3,32,83.0
2022-02-16,3,General Ward,100,78,17,9,4,24,78.51
2022-02-17,3,General Ward,100,77,20,7,2,25,77.11
2022-02-18,3,General Ward,100,74,9,7,4,28,74.77
2022-02-19,3,General Ward,100,60,17,14,5,25,60.49
2022-02-20,3,General Ward,100,53,11,17,4,27,53.95
2022-02-21,3,General Ward,100,80,11,11,3,28,80.39
2022-02-22,3,General Ward,100,72,18,14,5,24,72.22
2022-02-23,3,General Ward,100,82,15,19,3,28,82.29
2022-02-24,3,General Ward,100,78,10,17,4,26,78.12
2022-02-25,3,General Ward,100,77,18,16,3,25,77.88
2022-02-26,3,General Ward,100,55,14,11,5,30,55.76
2022-02-27,3,General Ward,100,64,9,15,5,25,64.4
2022-02-28,3,General Ward,100,86,17,19,4,26,86.04
2022-03-01,3,General Ward,100,80,13,9,2,30,80.53
2022-03-02,3,General Ward,100,77,16,16,3,24,77.51
2022-03-03,3,General Ward,100,72,21,16,5,26,72.99
2022-03-04,3,General Ward,100,74,18,18,2,27,74.46
2022-03-05,3,General Ward,100,66,12,16,4,27,66.72
2022-03-06,3,General Ward,100,66,18,17,6,30,66.08
2022-03-07,3,General Ward,100,86,18,12,6,27,86.17
2022-03-08,3,General Ward,100,77,8,17,2,28,77.26
2022-03-09,3,General Ward,100,78,9,11,3,22,78.81
2022-03-10,3,General Ward,100,80,12,17,5,24,80.7
2022-03-11,3,General Ward,100,76,13,16,3,29,76.28
2022-03-12,3,General Ward,100,72,12,15,2,25,72.53
2022-03-13,3,General Ward,100,68,14,20,3,31,68.9
2022-03-14,3,General Ward,100,78,29,10,3,29,78.49
2022-03-15,3,General Ward,100,86,15,18,4,29,86.51
2022-03-16,3,General Ward,100,82,19,13,4,29,82.34
2022-03-17,3,General Ward,100,77,17,10,5,33,77.06
2022-03-18,3,General Ward,100,72,13,13,3,23,72.93
2022-03-19,3,General Ward,100,73,13,13,4,23,73.54
2022-03-20,3,General Ward,100,66,13,17,2,23,66.4
2022-03-21,3,General Ward,100,77,18,17,3,30,77.56
2022-03-22,3,General Ward,100,71,13,7,3,26,71.01
2022-03-23,3,General Ward,100,66,11,13,3,26,66.44
2022-03-24,3,General Ward,100,77,15,14,2,29,77.99
2022-03-25,3,General Ward,100,75,12,14,3,26,75.46
2022-03-26,3,General Ward,100,61,20,17,4,23,61.87
2022-03-27,3,General Ward,100,71,11,7,6,24,71.95
2022-03-28,3,General Ward,100,84,9,7,5,25,84.95
2022-03-29,3,General Ward,100,81,12,10,3,26,81.44
2022-03-30,3,General Ward,100,81,17,17,4,29,81.93
2022-03-31,3,General Ward,100,67,12,16,2,28,67.26
2022-04-01,3,General Ward,100,74,16,13,5,28,74.33
2022-04-02,3,General Ward,100,68,19,12,4,24,68.28
2022-04-03,3,General Ward,100,63,14,20,3,28,63.23
2022-04-04,3,General Ward,100,69,18,11,2,22,69.26
2022-04-05,3,General Ward,100,76,9,8,3,29,76.15
2022-04-06,3,General Ward,100,82,14,7,2,31,82.31
2022-04-07,3,General Ward,100,82,14,13,4,25,82.24
2022-04-08,3,General Ward,100,75,17,13,3,28,75.25
2022-04-09,3,General Ward,100,66,11,9,4,26,66.78
2022-04-10,3,General Ward,100,65,12,12,4,25,65.13
2022-04-11,3,General Ward,100,74,12,17,4,28,74.16
2022-04-12,3,General Ward,100,84,20,14,3,25,84.3
2022-04-13,3,General Ward,100,85,9,26,3,30,85.08
2022-04-14,3,General Ward,100,70,14,8,4,26,70.68
2022-04-15,3,General Ward,100,78,16,25,4,29,78.98
2022-04-16,3,General Ward,100,77,12,13,4,26,77.96
2022-04-17,3,General Ward,100,60,5,17,4,27,60.73
2022-04-18,3,General Ward,100,80,21,14,3,26,80.73
2022-04-19,3,General Ward,100,79,7,12,4,29,79.79
2022-04-20,3,General Ward,100,78,15,15,3,25,78.91
2022-04-21,3,General Ward,100,80,13,13,3,29,80.51
2022-04-22,3,General Ward,100,70,11,13,3,25,70.62
2022-04-23,3,General Ward,100,62,16,24,3,26,62.88
2022-04-24,3,General Ward,100,61,10,9,3,27,61.66
2022-04-25,3,General Ward,100,80,12,21,3,24,80.27
2022-04-26,3,General Ward,100,84,16,13,3,30,84.57
2022-04-27,3,General Ward,100,75,13,15,3,26,75.35
2022-04-28,3,General Ward,100,74,22,21,2,29,74.86
2022-04-29,3,General Ward,100,80,7,10,3,30,80.38
2022-04-30,3,General Ward,100,61,13,15,5,27,61.74
2022-05-01,3,General Ward,100,58,12,6,4,24,58.04
2022-05-02,3,General Ward,100,79,16,17,4,26,79.93
2022-05-03,3,General Ward,100,73,21,11,3,25,73.16
2022-05-04,3,General Ward,100,70,15,19,3,27,70.88
2022-05-05,3,General Ward,100,78,13,14,5,27,78.8
2022-05-06,3,General Ward,100,74,16,15,2,26,74.37
2022-05-07,3,General Ward,100,58,17,14,3,26,58.31
2022-05-08,3,General Ward,100,62,17,13,3,22,62.36
2022-05-09,3,General Ward,100,69,22,15,3,26,69.38
2022-05-10,3,General Ward,100,68,10,15,3,25,68.65
2022-05-11,3,General Ward,100,72,14,14,4,26,72.4
2022-05-12,3,General Ward,100,63,14,19,5,26,63.49
2022-05-13,3,General Ward,100,68,14,10,3,29,68.32
2022-05-14,3,General Ward,100,58,13,10,5,26,58.31
2022-05-15,3,General Ward,100,61,15,14,3,23,61.96
2022-05-16,3,General Ward,100,72,13,8,3,24,72.09
2022-05-17,3,General Ward,100,72,15,11,4,30,72.2
2022-05-18,3,General Ward,100,70,13,11,4,29,70.5
2022-05-19,3,General Ward,100,74,12,11,3,25,74.45
2022-05-20,3,General Ward,100,82,16,15,4,25,82.01
2022-05-21,3,General Ward,100,54,8,17,2,26,54.24
2022-05-22,3,General Ward,100,60,15,9,5,26,60.31
2022-05-23,3,General Ward,100,72,15,8,3,28,72.21
2022-05-24,3,General Ward,100,65,17,24,3,24,65.56
2022-05-25,3,General Ward,100,79,20,10,4,30,79.68
2022-05-26,3,General Ward,100,63,10,14,3,29,63.76
2022-05-27,3,General Ward,100,76,19,16,3,28,76.54
2022-05-28,3,General Ward,100,56,17,13,4,26,56.43
2022-05-29,3,General Ward,100,59,14,14,5,26,59.66
2022-05-30,3,General Ward,100,74,17,18,2,29,74.67
2022-05-31,3,General Ward,100,67,18,11,2,27,67.99
2022-06-01,3,General Ward,100,64,9,16,2,29,64.78
2022-06-02,3,General Ward,100,72,11,13,3,26,72.31
2022-06-03,3,General Ward,100,65,23,10,4,28,65.84
2022-06-04,3,General Ward,100,49,17,15,3,24,49.71
2022-06-05,3,General Ward,100,53,19,14,3,26,53.11
2022-06-06,3,General Ward,100,65,8,11,3,24,65.36
2022-06-07,3,General Ward,100,71,16,16,4,27,71.62
2022-06-08,3,General Ward,100,66,16,14,4,25,66.67
2022-06-09,3,General Ward,100,64,11,14,3,24,64.86
2022-06-10,3,General Ward,100,59,16,16,4,22,59.34
2022-06-11,3,General Ward,100,48,14,18,2,26,48.37
2022-06-12,3,General Ward,100,58,14,13,5,24,58.48
2022-06-13,3,General Ward,100,60,16,17,3,24,60.16
2022-06-14,3,General Ward,100,63,13,21,5,25,63.1
2022-06-15,3,General Ward,100,70,23,10,2,27,70.11
2022-06-16,3,General Ward,100,61,11,13,4,25,61.43
2022-06-17,3,General Ward,100,64,22,12,4,30,64.19
2022-06-18,3,General Ward,100,41,17,17,3,21,41.89
2022-06-19,3,General Ward,100,51,12,24,4,24,51.77
2022-06-20,3,General Ward,100,67,13,11,5,28,67.67
2022-06-21,3,General Ward,100,65,12,13,4,24,65.16
2022-06-22,3,General Ward,100,66,17,20,4,25,66.39
2022-06-23,3,General Ward,100,61,14,13,4,24,61.36
2022-06-24,3,General Ward,100,63,17,14,4,25,63.6
2022-06-25,3,General Ward,100,58,10,14,2,25,58.8
2022-06-26,3,General Ward,100,52,13,17,4,26,52.92
2022-06-27,3,General Ward,100,72,14,13,2,29,72.11
2022-06-28,3,General Ward,100,66,18,15,2,26,66.63
2022-06-29,3,General Ward,100,65,14,12,4,27,65.18
2022-06-30,3,General Ward,100,65,11,14,4,29,65.47
2022-07-01,3,General Ward,100,49,15,12,3,24,49.25
2022-07-02,3,General Ward,100,41,13,18,4,24,41.28
2022-07-03,3,General Ward,100,37,18,17,2,23,37.76
2022-07-04,3,General Ward,100,51,21,12,4,24,51.03
2022-07-05,3,General Ward,100,52,16,19,2,27,52.8
2022-07-06,3,General Ward,100,65,12,24,5,29,65.19
2022-07-07,3,General Ward,100,55,18,13,4,23,55.98
2022-07-08,3,General Ward,100,58,19,15,4,23,58.97
2022-07-09,3,General Ward,100,44,16,17,3,24,44.6
2022-07-10,3,General Ward,100,42,14,10,3,22,42.22
2022-07-11,3,General Ward,100,62,12,11,4,24,62.28
2022-07-12,3,General Ward,100,63,19,15,2,24,63.52
2022-07-13,3,General Ward,100,52,23,13,4,26,52.97
2022-07-14,3,General Ward,100,54,22,17,4,25,54.09
2022-07-15,3,General Ward,100,60,12,19,3,22,60.53
2022-07-16,3,General Ward,100,40,10,14,5,23,40.27
2022-07-17,3,General Ward,100,43,18,15,6,24,43.89
2022-07-18,3,General Ward,100,58,10,20,3,27,58.79
2022-07-19,3,General Ward,100,51,12,11,3,27,51.92
2022-07-20,3,General Ward,100,57,15,7,4,27,57.99
2022-07-21,3,General Ward,100,63,16,14,4,28,63.31
2022-07-22,3,General Ward,100,50,13,16,3,26,50.68
2022-07-23,3,General Ward,100,43,23,13,4,26,43.15
2022-07-24,3,General Ward,100,40,12,15,3,23,40.64
2022-07-25,3,General Ward,100,58,13,16,3,23,58.33
2022-07-26,3,General Ward,100,66,13,19,4,25,66.03
2022-07-27,3,General Ward,100,57,14,17,2,25,57.77
2022-07-28,3,General Ward,100,55,6,19,5,25,55.72
2022-07-29,3,General Ward,100,58,12,18,5,26,58.63
2022-07-30,3,General Ward,100,43,16,6,2,25,43.06
2022-07-31,3,General Ward,100,50,19,23,5,26,50.53
2022-08-01,3,General Ward,100,57,13,20,3,25,57.77
2022-08-02,3,General Ward,100,47,17,12,4,24,47.36
2022-08-03,3,General Ward,100,43,13,14,1,23,43.55
2022-08-04,3,General Ward,100,57,11,18,5,25,57.25
2022-08-05,3,General Ward,100,54,13,8,3,23,54.28
2022-08-06,3,General Ward,100,37,13,15,3,24,37.59
2022-08-07,3,General Ward,100,34,9,10,5,26,34.12
2022-08-08,3,General Ward,100,56,8,17,5,24,56.74
2022-08-09,3,General Ward,100,51,12,18,3,22,51.28
2022-08-10,3,General Ward,100,48,11,10,4,24,48.68
2022-08-11,3,General Ward,100,51,27,12,4,23,51.94
2022-08-12,3,General Ward,100,47,18,17,4,26,47.65
2022-08-13,3,General Ward,100,35,21,21,3,23,35.35
2022-08-14,3,General Ward,100,38,8,22,4,24,38.48
2022-08-15,3,General Ward,100,64,8,13,4,28,64.25
2022-08-16,3,General Ward,100,46,18,10,3,26,46.66
2022-08-17,3,General Ward,100,55,13,11,3,25,55.93
2022-08-18,3,General Ward,100,53,13,21,4,27,53.37
2022-08-19,3,General Ward,100,50,14,8,2,25,50.48
2022-08-20,3,General Ward,100,44,12,15,3,25,44.46
2022-08-21,3,General Ward,100,34,10,15,3,20,34.5
2022-08-22,3,General Ward,100,61,16,18,5,25,61.32
2022-08-23,3,General Ward,100,49,14,7,3,25,49.89
2022-08-24,3,General Ward,100,57,20,10,3,21,57.11
2022-08-25,3,General Ward,100,52,20,9,3,29,52.81
2022-08-26,3,General Ward,100,54,21,17,6,25,54.76
2022-08-27,3,General Ward,100,36,12,16,4,26,36.1
2022-08-28,3,General Ward,100,33,20,13,4,21,33.91
2022-08-29,3,General Ward,100,56,18,11,3,25,56.46
2022-08-30,3,General Ward,100,54,13,11,3,28,54.55
2022-08-31,3,General Ward,100,49,14,19,4,25,49.99
2022-09-01,3,General Ward,100,50,21,17,3,27,50.02
2022-09-02,3,General Ward,100,51,18,14,3,23,51.8
2022-09-03,3,General Ward,100,37,17,20,3,24,37.0
2022-09-04,3,General Ward,100,34,5,11,2,22,34.41
2022-09-05,3,General Ward,100,65,14,13,5,23,65.43
2022-09-06,3,General Ward,100,47,14,20,3,22,47.51
2022-09-07,3,General Ward,100,57,12,17,5,24,57.69
2022-09-08,3,General Ward,100,42,19,18,3,24,42.16
2022-09-09,3,General Ward,100,51,23,10,6,21,52.0
2022-09-10,3,General Ward,100,30,11,8,2,22,30.0
2022-09-11,3,General Ward,100,31,7,11,1,23,31.22
2022-09-12,3,General Ward,100,48,10,16,4,28,48.95
2022-09-13,3,General Ward,100,45,18,19,2,27,45.46
2022-09-14,3,General Ward,100,52,13,18,5,25,52.58
2022-09-15,3,General Ward,100,59,21,16,4,21,59.75
2022-09-16,3,General Ward,100,48,14,6,4,25,48.84
2022-09-17,3,General Ward,100,33,16,13,2,18,33.28
2022-09-18,3,General Ward,100,41,14,9,2,27,41.56
2022-09-19,3,General Ward,100,53,23,23,4,23,53.81
2022-09-20,3,General Ward,100,49,17,12,4,28,49.15
2022-09-21,3,General Ward,100,37,12,7,6,24,37.94
2022-09-22,3,General Ward,100,42,13,17,4,27,42.5
2022-09-23,3,General Ward,100,47,14,11,3,24,47.22
2022-09-24,3,General Ward,100,32,14,11,4,23,32.53
2022-09-25,3,General Ward,100,39,17,19,2,23,39.05
2022-09-26,3,General Ward,100,49,12,19,3,26,49.58
2022-09-27,3,General Ward,100,55,22,16,5,26,55.19
2022-09-28,3,General Ward,100,41,14,12,2,26,41.64
2022-09-29,3,General Ward,100,44,12,16,1,25,44.3
2022-09-30,3,General Ward,100,41,14,13,3,26,41.92
2022-10-01,3,General Ward,100,32,11,12,3,22,32.39
2022-10-02,3,General Ward,100,41,7,16,3,22,41.29
2022-10-03,3,General Ward,100,55,14,13,2,27,55.34
2022-10-04,3,General Ward,100,46,12,17,2,25,46.36
2022-10-05,3,General Ward,100,52,14,13,5,26,52.44
2022-10-06,3,General Ward,100,55,12,9,5,26,55.64
2022-10-07,3,General Ward,100,48,18,9,4,21,48.92
2022-10-08,3,General Ward,100,49,14,13,4,22,49.05
2022-10-09,3,General Ward,100,36,13,17,4,26,36.59
2022-10-10,3,General Ward,100,50,16,19,4,23,50.9
2022-10-11,3,General Ward,100,50,14,13,4,25,50.74
2022-10-12,3,General Ward,100,61,12,12,4,25,61.85
2022-10-13,3,General Ward,100,56,8,14,4,26,56.08
2022-10-14,3,General Ward,100,48,14,17,3,25,48.82
2022-10-15,3,General Ward,100,34,25,16,4,18,34.87
2022-10-16,3,General Ward,100,36,16,8,2,23,36.03
2022-10-17,3,General Ward,100,54,12,15,2,28,54.84
2022-10-18,3,General Ward,100,54,9,22,1,25,54.96
2022-10-19,3,General Ward,100,59,11,16,3,23,59.29
2022-10-20,3,General Ward,100,48,15,12,4,26,48.11
2022-10-21,3,General Ward,100,57,18,11,4,27,57.53
2022-10-22,3,General Ward,100,33,16,22,5,20,33.42
2022-10-23,3,General Ward,100,37,19,17,4,21,37.07
2022-10-24,3,General Ward,100,39,7,16,4,22,39.88
2022-10-25,3,General Ward,100,46,20,8,3,24,46.49
2022-10-26,3,General Ward,100,52,14,13,2,25,52.2
2022-10-27,3,General Ward,100,54,11,13,5,23,54.58
2022-10-28,3,General Ward,100,55,11,8,5,24,55.25
2022-10-29,3,General Ward,100,35,16,9,4,19,35.02
2022-10-30,3,General Ward,100,32,9,15,4,22,32.17
2022-10-31,3,General Ward,100,58,15,11,2,23,58.21
2022-11-01,3,General Ward,100,59,14,13,3,24,59.01
2022-11-02,3,General Ward,100,47,16,14,5,25,47.04
2022-11-03,3,General Ward,100,55,11,14,3,26,55.67
2022-11-04,3,General Ward,100,58,20,7,5,27,58.67
2022-11-05,3,General Ward,100,38,17,17,3,22,38.12
2022-11-06,3,General Ward,100,38,17,15,3,27,38.5
2022-11-07,3,General Ward,100,58,17,6,3,25,58.21
2022-11-08,3,General Ward,100,61,13,16,6,29,61.45
2022-11-09,3,General Ward,100,56,17,15,2,24,56.71
2022-11-10,3,General Ward,100,53,15,8,3,21,53.83
2022-11-11,3,General Ward,100,59,17,21,3,25,59.07
2022-11-12,3,General Ward,100,50,12,12,3,23,50.66
2022-11-13,3,General Ward,100,37,15,11,5,22,37.96
2022-11-14,3,General Ward,100,59,15,16,2,28,59.84
2022-11-15,3,General Ward,100,58,11,24,4,26,58.32
2022-11-16,3,General Ward,100,56,15,10,3,25,56.47
2022-11-17,3,General Ward,100,52,13,15,2,28,52.47
2022-11-18,3,General Ward,100,58,11,11,4,23,58.33
2022-11-19,3,General Ward,100,41,18,16,4,23,41.22
2022-11-20,3,General Ward,100,45,23,12,4,26,45.86
2022-11-21,3,General Ward,100,62,18,11,5,26,62.58
2022-11-22,3,General Ward,100,57,7,12,6,24,57.99
2022-11-23,3,General Ward,100,52,15,22,2,26,52.21
2022-11-24,3,General Ward,100,50,9,7,4,24,50.82
2022-11-25,3,General Ward,100,58,12,10,4,27,58.26
2022-11-26,3,General Ward,100,33,16,10,4,19,33.36
2022-11-27,3,General Ward,100,37,16,17,6,25,37.81
2022-11-28,3,General Ward,100,58,17,14,5,23,58.64
2022-11-29,3,General Ward,100,57,16,15,5,27,57.39
2022-11-30,3,General Ward,100,55,17,14,4,25,55.97
2022-12-01,3,General Ward,100,58,14,18,3,25,58.57
2022-12-02,3,General Ward,100,69,18,16,5,23,69.09
2022-12-03,3,General Ward,100,58,10,17,4,27,58.31
2022-12-04,3,General Ward,100,43,17,15,3,23,43.78
2022-12-05,3,General Ward,100,64,16,16,4,27,64.86
2022-12-06,3,General Ward,100,65,14,12,4,26,65.5
2022-12-07,3,General Ward,100,63,14,14,3,25,63.91
2022-12-08,3,General Ward,100,62,12,16,4,25,62.38
2022-12-09,3,General Ward,100,65,17,10,2,25,65.86
2022-12-10,3,General Ward,100,42,16,13,3,24,42.26
2022-12-11,3,General Ward,100,55,15,10,3,25,55.5
2022-12-12,3,General Ward,100,60,14,15,3,27,60.06
2022-12-13,3,General Ward,100,70,9,11,3,26,70.97
2022-12-14,3,General Ward,100,72,11,15,2,28,72.64
2022-12-15,3,General Ward,100,72,9,22,4,29,72.47
2022-12-16,3,General Ward,100,63,16,15,2,24,63.68
2022-12-17,3,General Ward,100,53,25,20,3,25,53.45
2022-12-18,3,General Ward,100,54,17,12,3,26,54.05
2022-12-19,3,General Ward,100,68,15,9,4,25,68.68
2022-12-20,3,General Ward,100,57,24,17,5,25,57.61
2022-12-21,3,General Ward,100,72,15,15,3,27,72.83
2022-12-22,3,General Ward,100,68,15,12,5,30,68.2
2022-12-23,3,General Ward,100,63,17,19,2,25,63.19
2022-12-24,3,General Ward,100,49,18,15,4,20,49.48
2022-12-25,3,General Ward,100,46,14,10,5,22,46.77
2022-12-26,3,General Ward,100,59,13,14,3,25,59.12
2022-12-27,3,General Ward,100,69,18,15,4,26,69.02
2022-12-28,3,General Ward,100,60,14,11,5,22,60.49
2022-12-29,3,General Ward,100,72,19,17,4,28,73.0
2022-12-30,3,General Ward,100,73,11,15,5,27,73.81
2022-12-31,3,General Ward,100,47,16,8,4,23,47.18
2023-01-01,3,General Ward,100,51,10,10,6,22,51.53
2023-01-02,3,General Ward,100,67,14,8,4,29,67.59
2023-01-03,3,General Ward,100,76,8,9,3,26,76.35
2023-01-04,3,General Ward,100,65,10,15,2,24,65.59
2023-01-05,3,General Ward,100,73,14,10,3,23,73.74
2023-01-06,3,General Ward,100,71,25,14,3,30,71.91
2023-01-07,3,General Ward,100,56,16,10,4,23,56.44
2023-01-08,3,General Ward,100,55,17,8,3,23,55.62
2023-01-09,3,General Ward,100,76,8,13,4,27,76.78
2023-01-10,3,General Ward,100,72,11,12,3,25,72.0
2023-01-11,3,General Ward,100,72,10,10,2,26,72.12
2023-01-12,3,General Ward,100,79,18,13,4,32,79.55
2023-01-13,3,General Ward,100,70,19,15,1,28,70.61
2023-01-14,3,General Ward,100,55,12,11,3,26,55.67
2023-01-15,3,General Ward,100,60,12,8,4,25,60.91
2023-01-16,3,General Ward,100,71,14,8,4,27,71.42
2023-01-17,3,General Ward,100,80,21,12,3,31,80.62
2023-01-18,3,General Ward,100,75,14,11,3,24,75.15
2023-01-19,3,General Ward,100,80,14,14,1,31,80.65
2023-01-20,3,General Ward,100,65,17,11,3,28,65.61
2023-01-21,3,General Ward,100,53,8,9,5,26,53.21
2023-01-22,3,General Ward,100,55,22,18,4,26,55.5
2023-01-23,3,General Ward,100,71,15,18,4,26,71.75
2023-01-24,3,General Ward,100,72,12,20,3,23,72.55
2023-01-25,3,General Ward,100,77,15,12,3,24,77.49
2023-01-26,3,General Ward,100,62,13,14,3,27,62.79
2023-01-27,3,General Ward,100,72,12,12,2,26,72.01
2023-01-28,3,General Ward,100,52,23,10,2,27,52.54
2023-01-29,3,General Ward,100,68,14,21,2,27,68.87
2023-01-30,3,General Ward,100,73,15,9,2,27,73.68
2023-01-31,3,General Ward,100,68,17,9,4,29,68.6
2023-02-01,3,General Ward,100,85,8,20,2,32,85.99
2023-02-02,3,General Ward,100,77,17,11,4,24,77.87
2023-02-03,3,General Ward,100,69,16,11,4,27,69.31
2023-02-04,3,General Ward,100,67,11,18,3,27,67.7
2023-02-05,3,General Ward,100,62,17,13,4,26,62.13
2023-02-06,3,General Ward,100,83,15,12,3,29,83.62
2023-02-07,3,General Ward,100,84,11,13,5,27,84.45
2023-02-08,3,General Ward,100,72,16,10,3,31,72.74
2023-02-09,3,General Ward,100,79,15,10,4,26,79.14
2023-02-10,3,General Ward,100,76,13,7,2,30,76.83
2023-02-11,3,General Ward,100,60,13,16,5,27,60.63
2023-02-12,3,General Ward,100,63,12,18,4,27,63.18
2023-02-13,3,General Ward,100,76,14,8,5,27,76.86
2023-02-14,3,General Ward,100,67,14,14,4,30,67.92
2023-02-15,3,General Ward,100,83,11,14,4,29,83.35
2023-02-16,3,General Ward,100,69,12,13,2,30,69.98
2023-02-17,3,General Ward,100,66,13,15,4,24,66.26
2023-02-18,3,General Ward,100,47,10,12,4,25,47.51
2023-02-19,3,General Ward,100,58,15,15,3,23,58.4
2023-02-20,3,General Ward,100,84,12,11,4,29,84.32
2023-02-21,3,General Ward,100,83,18,6,4,25,83.97
2023-02-22,3,General Ward,100,88,17,13,3,26,88.37
2023-02-23,3,General Ward,100,73,27,11,4,26,73.09
2023-02-24,3,General Ward,100,77,14,13,4,29,77.47
2023-02-25,3,General Ward,100,70,14,10,4,27,70.54
2023-02-26,3,General Ward,100,66,17,18,2,27,66.28
2023-02-27,3,General Ward,100,73,17,13,4,26,73.88
2023-02-28,3,General Ward,100,77,11,8,2,29,77.75
2023-03-01,3,General Ward,100,70,16,10,3,26,70.88
2023-03-02,3,General Ward,100,77,12,17,3,30,77.97
2023-03-03,3,General Ward,100,81,15,18,3,27,81.3
2023-03-04,3,General Ward,100,57,18,13,4,27,57.01
2023-03-05,3,General Ward,100,65,20,11,3,27,65.11
2023-03-06,3,General Ward,100,77,14,11,4,30,77.53
2023-03-07,3,General Ward,100,70,10,14,4,25,70.56
2023-03-08,3,General Ward,100,81,21,15,4,26,81.66
2023-03-09,3,General Ward,100,75,21,10,4,28,75.61
2023-03-10,3,General Ward,100,80,15,9,4,26,80.12
2023-03-11,3,General Ward,100,62,21,6,2,25,62.76
2023-03-12,3,General Ward,100,64,16,14,6,24,64.63
2023-03-13,3,General Ward,100,80,13,11,5,29,80.32
2023-03-14,3,General Ward,100,86,19,14,2,28,86.99
2023-03-15,3,General Ward,100,84,15,9,2,28,84.93
2023-03-16,3,General Ward,100,80,16,21,3,29,80.0
2023-03-17,3,General Ward,100,78,6,15,4,24,78.38
2023-03-18,3,General Ward,100,70,12,10,3,28,70.96
2023-03-19,3,General Ward,100,66,17,14,2,25,66.17
2023-03-20,3,General Ward,100,86,14,18,4,30,86.07
2023-03-21,3,General Ward,100,76,14,15,3,26,76.31
2023-03-22,3,General Ward,100,76,25,14,4,26,76.83
2023-03-23,3,General Ward,100,85,11,14,2,29,85.74
2023-03-24,3,General Ward,100,77,28,14,4,27,77.12
2023-03-25,3,General Ward,100,74,17,21,2,25,74.18
2023-03-26,3,General Ward,100,65,20,16,3,25,65.95
2023-03-27,3,General Ward,100,75,20,16,4,27,75.57
2023-03-28,3,General Ward,100,80,14,11,4,33,80.06
2023-03-29,3,General Ward,100,76,16,12,4,29,76.49
2023-03-30,3,General Ward,100,78,14,13,4,23,78.11
2023-03-31,3,General Ward,100,88,20,14,5,26,88.18
2023-04-01,3,General Ward,100,67,21,10,4,22,67.52
2023-04-02,3,General Ward,100,60,14,14,6,27,60.69
2023-04-03,3,General Ward,100,81,17,13,5,23,81.85
2023-04-04,3,General Ward,100,83,15,7,4,28,83.08
2023-04-05,3,General Ward,100,74,14,13,5,24,74.61
2023-04-06,3,General Ward,100,86,13,15,3,28,86.61
2023-04-07,3,General Ward,100,74,13,13,2,24,74.26
2023-04-08,3,General Ward,100,64,20,14,4,22,64.65
2023-04-09,3,General Ward,100,66,16,13,3,29,66.61
2023-04-10,3,General Ward,100,69,13,18,3,26,69.59
2023-04-11,3,General Ward,100,78,15,21,4,26,78.95
2023-04-12,3,General Ward,100,78,14,10,5,27,78.73
2023-04-13,3,General Ward,100,76,20,19,4,26,76.52
2023-04-14,3,General Ward,100,78,19,14,4,27,78.95
2023-04-15,3,General Ward,100,59,13,16,3,27,59.14
2023-04-16,3,General Ward,100,68,9,13,4,26,68.05
2023-04-17,3,General Ward,100,75,13,14,4,29,75.1
2023-04-18,3,General Ward,100,75,18,12,2,29,75.89
2023-04-19,3,General Ward,100,82,21,12,2,27,82.46
2023-04-20,3,General Ward,100,69,16,19,4,25,69.9
2023-04-21,3,General Ward,100,80,14,17,4,28,80.72
2023-04-22,3,General Ward,100,54,16,12,5,22,54.57
2023-04-23,3,General Ward,100,71,10,11,4,23,71.99
2023-04-24,3,General Ward,100,84,22,16,3,24,84.1
2023-04-25,3,General Ward,100,80,12,10,4,28,80.38
2023-04-26,3,General Ward,100,84,13,16,6,30,84.41
2023-04-27,3,General Ward,100,76,4,12,1,29,76.25
2023-04-28,3,General Ward,100,77,16,6,3,27,77.86
2023-04-29,3,General Ward,100,58,14,11,3,25,58.95
2023-04-30,3,General Ward,100,53,10,16,3,26,53.44
2023-05-01,3,General Ward,100,76,20,25,4,26,76.55
2023-05-02,3,General Ward,100,74,12,14,4,24,74.52
2023-05-03,3,General Ward,100,81,15,11,3,25,81.47
2023-05-04,3,General Ward,100,69,17,12,1,23,69.56
2023-05-05,3,General Ward,100,71,20,12,3,25,71.23
2023-05-06,3,General Ward,100,54,14,10,3,22,54.37
2023-05-07,3,General Ward,100,50,18,16,4,26,50.12
2023-05-08,3,General Ward,100,77,20,12,3,28,77.23
2023-05-09,3,General Ward,100,74,12,17,3,26,74.08
2023-05-10,3,General Ward,100,69,15,9,3,28,69.42
2023-05-11,3,General Ward,100,70,15,12,2,27,70.05
2023-05-12,3,General Ward,100,77,20,15,4,30,77.67
2023-05-13,3,General Ward,100,53,11,8,1,25,53.83
2023-05-14,3,General Ward,100,53,8,8,4,22,53.97
2023-05-15,3,General Ward,100,75,7,12,4,28,75.12
2023-05-16,3,General Ward,100,68,22,9,3,28,68.9
2023-05-17,3,General Ward,100,66,17,11,4,23,66.53
2023-05-18,3,General Ward,100,78,9,14,3,31,78.32
2023-05-19,3,General Ward,100,76,14,11,3,26,76.37
2023-05-20,3,General Ward,100,68,16,11,1,29,68.1
2023-05-21,3,General Ward,100,53,14,15,4,23,53.05
2023-05-22,3,General Ward,100,66,15,13,4,27,66.64
2023-05-23,3,General Ward,100,79,7,15,2,27,79.21
2023-05-24,3,General Ward,100,73,15,20,5,27,73.56
2023-05-25,3,General Ward,100,73,11,13,3,27,73.56
2023-05-26,3,General Ward,100,72,17,16,4,29,72.68
2023-05-27,3,General Ward,100,60,18,24,3,25,60.69
2023-05-28,3,General Ward,100,54,15,11,5,25,54.86
2023-05-29,3,General Ward,100,77,19,20,4,29,77.82
2023-05-30,3,General Ward,100,81,13,15,4,30,81.39
2023-05-31,3,General Ward,100,75,17,21,4,28,75.99
2023-06-01,3,General Ward,100,63,18,8,2,27,63.08
2023-06-02,3,General Ward,100,70,19,15,4,25,70.52
2023-06-03,3,General Ward,100,57,12,19,5,27,57.37
2023-06-04,3,General Ward,100,51,13,15,4,23,51.17
2023-06-05,3,General Ward,100,66,11,20,4,27,66.4
2023-06-06,3,General Ward,100,62,22,15,4,22,62.65
2023-06-07,3,General Ward,100,65,13,12,3,24,65.08
2023-06-08,3,General Ward,100,72,13,15,2,25,72.76
2023-06-09,3,General Ward,100,65,11,13,2,26,65.54
2023-06-10,3,General Ward,100,44,22,11,4,26,44.51
2023-06-11,3,General Ward,100,36,13,11,5,22,36.48
2023-06-12,3,General Ward,100,59,14,17,4,26,59.35
2023-06-13,3,General Ward,100,72,22,15,3,25,72.72
2023-06-14,3,General Ward,100,65,5,14,2,27,65.3
2023-06-15,3,General Ward,100,71,14,13,4,24,71.1
2023-06-16,3,General Ward,100,61,11,17,3,26,61.72
2023-06-17,3,General Ward,100,52,15,14,3,24,52.92
2023-06-18,3,General Ward,100,50,15,13,4,29,50.2
2023-06-19,3,General Ward,100,66,16,15,4,23,66.61
2023-06-20,3,General Ward,100,63,22,13,4,26,63.07
2023-06-21,3,General Ward,100,65,20,19,1,25,65.79
2023-06-22,3,General Ward,100,61,15,19,3,26,61.02
2023-06-23,3,General Ward,100,57,24,21,4,22,57.75
2023-06-24,3,General Ward,100,48,14,13,3,23,48.25
2023-06-25,3,General Ward,100,46,17,11,3,30,46.02
2023-06-26,3,General Ward,100,61,17,14,4,25,61.5
2023-06-27,3,General Ward,100,67,13,16,6,27,67.34
2023-06-28,3,General Ward,100,54,10,14,4,28,54.51
2023-06-29,3,General Ward,100,64,15,13,3,27,64.02
2023-06-30,3,General Ward,100,68,15,15,3,28,68.79
2023-07-01,3,General Ward,100,42,15,17,4,25,42.55
2023-07-02,3,General Ward,100,44,13,17,4,21,44.12
2023-07-03,3,General Ward,100,56,12,17,3,23,56.62
2023-07-04,3,General Ward,100,67,12,15,3,26,67.23
2023-07-05,3,General Ward,100,62,13,15,3,26,62.65
2023-07-06,3,General Ward,100,57,12,17,3,28,57.39
2023-07-07,3,General Ward,100,52,8,22,4,26,52.92
2023-07-08,3,General Ward,100,32,14,23,4,25,32.95
2023-07-09,3,General Ward,100,47,10,18,4,23,47.76
2023-07-10,3,General Ward,100,58,13,12,2,27,58.57
2023-07-11,3,General Ward,100,64,14,13,5,26,64.59
2023-07-12,3,General Ward,100,60,14,11,4,28,60.79
2023-07-13,3,General Ward,100,60,12,17,4,27,60.47
2023-07-14,3,General Ward,100,48,13,14,4,24,48.28
2023-07-15,3,General Ward,100,39,18,20,3,22,39.94
2023-07-16,3,General Ward,100,45,12,16,4,23,45.12
2023-07-17,3,General Ward,100,52,14,10,3,26,52.85
2023-07-18,3,General Ward,100,47,13,14,3,25,47.96
2023-07-19,3,General Ward,100,47,13,17,3,23,47.11
2023-07-20,3,General Ward,100,49,19,23,4,24,49.99
2023-07-21,3,General Ward,100,60,10,12,2,28,60.47
2023-07-22,3,General Ward,100,46,17,15,3,26,46.6
2023-07-23,3,General Ward,100,45,15,20,4,24,45.14
2023-07-24,3,General Ward,100,57,18,17,2,25,58.0
2023-07-25,3,General Ward,100,61,20,13,3,25,61.36
2023-07-26,3,General Ward,100,69,14,12,5,26,69.77
2023-07-27,3,General Ward,100,53,22,10,3,27,53.96
2023-07-28,3,General Ward,100,59,17,7,3,27,59.92
2023-07-29,3,General Ward,100,38,15,15,4,24,38.41
2023-07-30,3,General Ward,100,33,9,13,4,21,34.0
2023-07-31,3,General Ward,100,62,18,16,4,26,62.92
2023-08-01,3,General Ward,100,45,22,10,4,25,45.11
2023-08-02,3,General Ward,100,57,18,12,3,25,57.47
2023-08-03,3,General Ward,100,53,12,13,4,25,53.33
2023-08-04,3,General Ward,100,51,9,16,5,24,51.46
2023-08-05,3,General Ward,100,36,17,9,2,24,36.99
2023-08-06,3,General Ward,100,34,12,12,1,20,34.08
2023-08-07,3,General Ward,100,48,8,11,5,21,48.71
2023-08-08,3,General Ward,100,58,21,14,2,25,58.57
2023-08-09,3,General Ward,100,49,13,12,3,24,49.12
2023-08-10,3,General Ward,100,50,14,4,3,21,50.23
2023-08-11,3,General Ward,100,52,9,11,3,25,52.16
2023-08-12,3,General Ward,100,34,16,9,4,22,34.35
2023-08-13,3,General Ward,100,33,14,14,2,25,33.85
2023-08-14,3,General Ward,100,56,14,14,3,29,56.7
2023-08-15,3,General Ward,100,53,21,15,4,23,53.11
2023-08-16,3,General Ward,100,46,11,13,3,24,46.86
2023-08-17,3,General Ward,100,49,12,15,3,25,49.29
2023-08-18,3,General Ward,100,46,23,16,2,25,46.84
2023-08-19,3,General Ward,100,32,15,15,1,25,32.0
2023-08-20,3,General Ward,100,34,14,19,3,26,34.26
2023-08-21,3,General Ward,100,49,21,18,5,29,49.33
2023-08-22,3,General Ward,100,44,13,16,2,21,44.38
2023-08-23,3,General Ward,100,42,19,13,2,21,42.65
2023-08-24,3,General Ward,100,45,14,20,4,22,45.65
2023-08-25,3,General Ward,100,50,22,9,4,27,50.46
2023-08-26,3,General Ward,100,30,15,18,3,22,30.0
2023-08-27,3,General Ward,100,31,15,13,5,19,31.87
2023-08-28,3,General Ward,100,51,16,13,4,25,51.31
2023-08-29,3,General Ward,100,50,12,21,3,21,50.83
2023-08-30,3,General Ward,100,44,8,15,4,22,44.95
2023-08-31,3,General Ward,100,45,26,6,2,21,45.66
2023-09-01,3,General Ward,100,50,14,16,3,23,50.21
2023-09-02,3,General Ward,100,31,10,10,3,22,31.69
2023-09-03,3,General Ward,100,40,20,15,4,25,40.18
2023-09-04,3,General Ward,100,43,20,10,4,25,43.96
2023-09-05,3,General Ward,100,54,6,19,5,26,55.0
2023-09-06,3,General Ward,100,53,12,16,4,23,53.65
2023-09-07,3,General Ward,100,53,14,20,3,23,53.12
2023-09-08,3,General Ward,100,46,17,15,3,22,46.01
2023-09-09,3,General Ward,100,32,23,19,5,25,32.06
2023-09-10,3,General Ward,100,30,11,17,3,21,30.57
2023-09-11,3,General Ward,100,49,17,13,5,24,49.57
2023-09-12,3,General Ward,100,53,16,14,4,25,53.26
2023-09-13,3,General Ward,100,48,13,14,2,19,48.34
2023-09-14,3,General Ward,100,51,15,15,2,25,51.14
2023-09-15,3,General Ward,100,47,12,16,2,29,47.11
2023-09-16,3,General Ward,100,30,19,11,4,25,30.0
2023-09-17,3,General Ward,100,30,15,12,3,27,30.0
2023-09-18,3,General Ward,100,50,13,16,5,23,50.96
2023-09-19,3,General Ward,100,57,11,20,2,25,57.75
2023-09-20,3,General Ward,100,44,8,22,3,24,44.01
2023-09-21,3,General Ward,100,49,13,19,5,23,49.14
2023-09-22,3,General Ward,100,51,13,15,4,25,51.97
2023-09-23,3,General Ward,100,35,20,24,2,19,35.58
2023-09-24,3,General Ward,100,39,11,11,3,25,39.55
2023-09-25,3,General Ward,100,55,16,11,5,24,55.81
2023-09-26,3,General Ward,100,49,20,9,4,25,49.56
2023-09-27,3,General Ward,100,59,21,14,5,25,59.06
2023-09-28,3,General Ward,100,52,8,12,5,26,52.91
2023-09-29,3,General Ward,100,48,16,18,3,25,48.39
2023-09-30,3,General Ward,100,33,13,9,3,23,33.87
2023-10-01,3,General Ward,100,35,19,14,4,22,35.61
2023-10-02,3,General Ward,100,45,20,6,5,22,45.93
2023-10-03,3,General Ward,100,53,20,23,3,25,53.13
2023-10-04,3,General Ward,100,51,15,8,4,26,51.54
2023-10-05,3,General Ward,100,49,15,9,4,23,49.81
2023-10-06,3,General Ward,100,56,9,12,4,23,56.16
2023-10-07,3,General Ward,100,44,14,14,6,23,44.01
2023-10-08,3,General Ward,100,37,14,20,4,22,37.51
2023-10-09,3,General Ward,100,51,18,14,4,25,51.82
2023-10-10,3,General Ward,100,54,17,8,6,26,54.83
2023-10-11,3,General Ward,100,59,19,12,5,27,59.72
2023-10-12,3,General Ward,100,41,12,25,6,21,41.76
2023-10-13,3,General Ward,100,52,19,15,3,30,52.78
2023-10-14,3,General Ward,100,38,14,18,3,22,38.34
2023-10-15,3,General Ward,100,35,11,12,3,23,35.73
2023-10-16,3,General Ward,100,46,12,19,1,28,46.64
2023-10-17,3,General Ward,100,60,14,25,2,26,60.17
2023-10-18,3,General Ward,100,55,22,18,2,28,55.27
2023-10-19,3,General Ward,100,54,21,15,4,26,54.98
2023-10-20,3,General Ward,100,59,14,9,3,28,59.44
2023-10-21,3,General Ward,100,34,16,13,2,26,34.53
2023-10-22,3,General Ward,100,33,16,11,3,27,33.43
2023-10-23,3,General Ward,100,49,17,11,3,22,49.72
2023-10-24,3,General Ward,100,47,15,21,3,26,47.3
2023-10-25,3,General Ward,100,42,21,17,6,25,42.57
2023-10-26,3,General Ward,100,55,17,16,2,20,55.51
2023-10-27,3,General Ward,100,54,13,18,1,21,54.67
2023-10-28,3,General Ward,100,32,10,13,4,25,32.29
2023-10-29,3,General Ward,100,41,14,16,4,23,41.31
2023-10-30,3,General Ward,100,55,14,9,3,25,55.49
2023-10-31,3,General Ward,100,51,14,8,2,23,51.85
2023-11-01,3,General Ward,100,62,22,11,3,26,62.28
2023-11-02,3,General Ward,100,53,12,13,1,29,53.88
2023-11-03,3,General Ward,100,59,11,13,3,25,59.62
2023-11-04,3,General Ward,100,40,17,14,4,21,40.04
2023-11-05,3,General Ward,100,48,16,12,5,24,48.39
2023-11-06,3,General Ward,100,58,13,22,3,25,58.84
2023-11-07,3,General Ward,100,52,18,19,2,25,52.53
2023-11-08,3,General Ward,100,61,18,19,4,24,61.73
2023-11-09,3,General Ward,100,52,13,10,4,25,52.16
2023-11-10,3,General Ward,100,56,17,17,3,22,56.81
2023-11-11,3,General Ward,100,40,14,18,4,25,40.74
2023-11-12,3,General Ward,100,39,16,11,2,23,39.18
2023-11-13,3,General Ward,100,58,19,11,3,28,58.85
2023-11-14,3,General Ward,100,56,11,8,2,28,56.94
2023-11-15,3,General Ward,100,56,18,12,3,21,56.92
2023-11-16,3,General Ward,100,63,13,13,3,25,63.5
2023-11-17,3,General Ward,100,62,15,15,4,28,62.35
2023-11-18,3,General Ward,100,44,13,9,2,25,44.41
2023-11-19,3,General Ward,100,41,21,13,3,21,41.23
2023-11-20,3,General Ward,100,60,14,14,3,27,60.41
2023-11-21,3,General Ward,100,63,16,14,5,25,63.15
2023-11-22,3,General Ward,100,60,18,11,4,23,60.27
2023-11-23,3,General Ward,100,62,19,11,3,25,62.4
2023-11-24,3,General Ward,100,49,8,15,4,26,49.87
2023-11-25,3,General Ward,100,39,21,12,5,23,39.01
2023-11-26,3,General Ward,100,34,17,12,2,21,34.2
2023-11-27,3,General Ward,100,51,17,11,3,24,51.91
2023-11-28,3,General Ward,100,63,18,12,3,23,63.78
2023-11-29,3,General Ward,100,61,14,14,2,24,61.99
2023-11-30,3,General Ward,100,70,11,15,5,26,70.99
2023-12-01,3,General Ward,100,63,19,20,4,26,63.24
2023-12-02,3,General Ward,100,49,13,12,3,25,49.37
2023-12-03,3,General Ward,100,51,19,10,2,23,51.54
2023-12-04,3,General Ward,100,72,16,13,3,26,72.31
2023-12-05,3,General Ward,100,74,17,10,3,29,74.51
2023-12-06,3,General Ward,100,54,15,16,2,26,54.81
2023-12-07,3,General Ward,100,66,12,9,5,27,66.24
2023-12-08,3,General Ward,100,65,15,16,3,23,65.15
2023-12-09,3,General Ward,100,46,9,9,3,23,46.67
2023-12-10,3,General Ward,100,50,16,10,3,23,50.96
2023-12-11,3,General Ward,100,71,10,16,4,26,71.95
2023-12-12,3,General Ward,100,52,12,11,5,23,52.53
2023-12-13,3,General Ward,100,56,9,11,4,25,56.85
2023-12-14,3,General Ward,100,71,17,14,4,24,71.69
2023-12-15,3,General Ward,100,75,14,19,5,28,75.38
2023-12-16,3,General Ward,100,51,15,6,3,25,51.53
2023-12-17,3,General Ward,100,59,12,13,3,24,59.98
2023-12-18,3,General Ward,100,64,10,19,6,25,64.25
2023-12-19,3,General Ward,100,59,13,10,2,26,59.61
2023-12-20,3,General Ward,100,69,12,11,5,26,69.16
2023-12-21,3,General Ward,100,71,10,13,3,26,71.05
2023-12-22,3,General Ward,100,66,14,17,3,29,66.98
2023-12-23,3,General Ward,100,44,14,25,5,24,44.72
2023-12-24,3,General Ward,100,39,8,9,3,20,39.37
2023-12-25,3,General Ward,100,62,12,11,5,24,62.04
2023-12-26,3,General Ward,100,71,15,14,3,25,71.5
2023-12-27,3,General Ward,100,70,15,10,5,27,70.64
2023-12-28,3,General Ward,100,67,13,9,2,26,67.73
2023-12-29,3,General Ward,100,61,14,22,4,25,61.33
2023-12-30,3,General Ward,100,48,16,17,4,24,48.32
2023-12-31,3,General Ward,100,50,13,14,5,25,50.83
2019-01-01,3,ICU,30,25,6,2,5,17,86.0
2019-01-02,3,ICU,30,24,2,2,4,16,83.22
2019-01-03,3,ICU,30,26,2,5,5,16,87.48
2019-01-04,3,ICU,30,24,5,3,3,15,82.56
2019-01-05,3,ICU,30,22,6,6,7,17,75.45
2019-01-06,3,ICU,30,23,6,2,7,16,77.77
2019-01-07,3,ICU,30,27,3,4,5,18,90.74
2019-01-08,3,ICU,30,27,7,2,4,14,93.15
2019-01-09,3,ICU,30,23,6,1,5,17,78.38
2019-01-10,3,ICU,30,28,9,3,5,17,94.07
2019-01-11,3,ICU,30,25,9,8,4,16,86.12
2019-01-12,3,ICU,30,21,2,4,5,16,72.43
2019-01-13,3,ICU,30,22,8,6,4,16,73.4
2019-01-14,3,ICU,30,26,1,3,5,15,88.04
2019-01-15,3,ICU,30,27,6,2,4,16,91.27
2019-01-16,3,ICU,30,24,5,3,4,15,80.74
2019-01-17,3,ICU,30,22,3,2,5,14,74.71
2019-01-18,3,ICU,30,27,6,5,6,19,92.57
2019-01-19,3,ICU,30,19,3,1,3,14,66.21
2019-01-20,3,ICU,30,23,9,7,4,15,78.32
2019-01-21,3,ICU,30,26,6,3,6,20,87.13
2019-01-22,3,ICU,30,25,6,0,5,14,85.64
2019-01-23,3,ICU,30,25,8,5,3,18,84.04
2019-01-24,3,ICU,30,26,3,3,4,16,89.13
2019-01-25,3,ICU,30,28,4,3,3,17,95.0
2019-01-26,3,ICU,30,18,1,5,3,14,61.97
2019-01-27,3,ICU,30,21,9,5,6,14,70.42
2019-01-28,3,ICU,30,25,3,9,5,15,84.47
2019-01-29,3,ICU,30,23,6,7,4,18,79.15
2019-01-30,3,ICU,30,26,5,6,3,19,87.06
2019-01-31,3,ICU,30,26,2,4,5,16,87.01
2019-02-01,3,ICU,30,25,3,3,3,13,85.35
2019-02-02,3,ICU,30,25,4,2,5,15,83.89
2019-02-03,3,ICU,30,24,1,5,6,18,82.15
2019-02-04,3,ICU,30,28,2,1,5,17,95.0
2019-02-05,3,ICU,30,28,5,5,4,17,95.0
2019-02-06,3,ICU,30,28,5,5,5,17,95.0
2019-02-07,3,ICU,30,28,5,3,5,16,95.0
2019-02-08,3,ICU,30,28,6,3,5,19,95.0
2019-02-09,3,ICU,30,21,3,3,6,13,71.49
2019-02-10,3,ICU,30,22,3,3,6,14,74.68
2019-02-11,3,ICU,30,27,7,4,5,20,93.03
2019-02-12,3,ICU,30,27,6,2,2,18,91.19
2019-02-13,3,ICU,30,25,4,2,5,18,85.09
2019-02-14,3,ICU,30,28,6,4,5,16,95.0
2019-02-15,3,ICU,30,27,3,1,4,15,92.24
2019-02-16,3,ICU,30,22,4,4,4,16,75.77
2019-02-17,3,ICU,30,22,2,5,5,17,75.58
2019-02-18,3,ICU,30,26,4,4,4,18,86.78
2019-02-19,3,ICU,30,27,10,3,3,21,90.98
2019-02-20,3,ICU,30,28,6,3,5,18,95.0
2019-02-21,3,ICU,30,28,5,0,4,16,95.0
2019-02-22,3,ICU,30,28,3,5,5,18,93.45
2019-02-23,3,ICU,30,22,6,4,4,14,76.59
2019-02-24,3,ICU,30,24,4,3,6,18,83.14
2019-02-25,3,ICU,30,26,3,3,4,14,87.35
2019-02-26,3,ICU,30,27,5,2,3,19,90.01
2019-02-27,3,ICU,30,27,0,3,5,18,91.39
2019-02-28,3,ICU,30,25,3,3,5,15,84.41
2019-03-01,3,ICU,30,28,3,6,4,18,94.2
2019-03-02,3,ICU,30,22,2,1,5,17,74.66
2019-03-03,3,ICU,30,22,3,1,5,17,74.91
2019-03-04,3,ICU,30,27,8,5,2,17,90.61
2019-03-05,3,ICU,30,28,5,10,2,15,95.0
2019-03-06,3,ICU,30,26,3,8,3,16,88.77
2019-03-07,3,ICU,30,28,2,3,5,15,95.0
2019-03-08,3,ICU,30,28,7,6,5,18,93.38
2019-03-09,3,ICU,30,24,6,2,3,18,80.73
2019-03-10,3,ICU,30,23,4,4,5,18,79.95
2019-03-11,3,ICU,30,28,2,2,6,20,95.0
2019-03-12,3,ICU,30,28,9,4,6,14,95.0
2019-03-13,3,ICU,30,28,3,6,4,19,95.0
2019-03-14,3,ICU,30,28,3,4,6,19,95.0
2019-03-15,3,ICU,30,27,8,4,3,16,92.78
2019-03-16,3,ICU,30,25,4,2,4,18,86.66
2019-03-17,3,ICU,30,24,2,1,6,17,80.61
2019-03-18,3,ICU,30,27,5,8,3,17,91.58
2019-03-19,3,ICU,30,28,3,3,5,16,95.0
2019-03-20,3,ICU,30,28,6,8,6,18,94.39
2019-03-21,3,ICU,30,27,5,4,4,14,92.33
2019-03-22,3,ICU,30,27,6,2,4,21,91.29
2019-03-23,3,ICU,30,24,4,2,6,17,80.89
2019-03-24,3,ICU,30,26,5,2,4,15,89.17
2019-03-25,3,ICU,30,26,8,6,6,17,88.55
2019-03-26,3,ICU,30,28,2,3,4,15,93.94
2019-03-27,3,ICU,30,28,2,2,4,17,95.0
2019-03-28,3,ICU,30,28,4,1,4,17,95.0
2019-03-29,3,ICU,30,28,3,4,6,16,95.0
2019-03-30,3,ICU,30,22,6,5,5,19,74.85
2019-03-31,3,ICU,30,22,4,4,7,15,76.14
2019-04-01,3,ICU,30,28,8,1,6,17,95.0
2019-04-02,3,ICU,30,27,3,3,5,18,90.42
2019-04-03,3,ICU,30,24,4,4,4,14,81.17
2019-04-04,3,ICU,30,28,5,3,5,16,93.64
2019-04-05,3,ICU,30,25,3,7,4,18,85.16
2019-04-06,3,ICU,30,23,2,2,5,17,78.75
2019-04-07,3,ICU,30,23,5,4,5,18,77.15
2019-04-08,3,ICU,30,24,4,6,4,15,81.73
2019-04-09,3,ICU,30,25,7,10,3,16,84.4
2019-04-10,3,ICU,30,27,0,6,7,17,90.41
2019-04-11,3,ICU,30,28,3,6,4,14,95.0
2019-04-12,3,ICU,30,28,5,3,4,19,95.0
2019-04-13,3,ICU,30,22,3,2,2,14,74.89
2019-04-14,3,ICU,30,25,7,7,5,19,83.5
2019-04-15,3,ICU,30,27,2,4,6,21,91.3
2019-04-16,3,ICU,30,28,2,0,3,20,94.78
2019-04-17,3,ICU,30,24,5,2,3,15,82.95
2019-04-18,3,ICU,30,27,9,5,3,16,92.07
2019-04-19,3,ICU,30,26,2,7,4,16,89.03
2019-04-20,3,ICU,30,23,4,1,5,17,79.09
2019-04-21,3,ICU,30,24,2,9,4,14,81.96
2019-04-22,3,ICU,30,28,4,2,5,16,95.0
2019-04-23,3,ICU,30,26,5,4,4,13,87.9
2019-04-24,3,ICU,30,27,6,8,3,19,91.91
2019-04-25,3,ICU,30,28,7,4,6,15,95.0
2019-04-26,3,ICU,30,25,7,3,4,15,85.32
2019-04-27,3,ICU,30,24,6,5,4,16,81.3
2019-04-28,3,ICU,30,24,4,3,5,19,81.67
2019-04-29,3,ICU,30,27,5,8,5,13,90.99
2019-04-30,3,ICU,30,28,7,3,7,17,94.25
2019-05-01,3,ICU,30,26,1,4,5,16,87.03
2019-05-02,3,ICU,30,27,3,4,4,13,90.72
2019-05-03,3,ICU,30,27,4,9,6,17,91.17
2019-05-04,3,ICU,30,21,11,4,6,14,73.19
2019-05-05,3,ICU,30,23,5,3,5,17,79.19
2019-05-06,3,ICU,30,25,7,5,6,16,85.88
2019-05-07,3,ICU,30,24,3,3,4,17,81.49
2019-05-08,3,ICU,30,24,7,4,5,19,81.94
2019-05-09,3,ICU,30,27,8,2,4,18,92.18
2019-05-10,3,ICU,30,25,2,6,4,16,86.37
2019-05-11,3,ICU,30,23,4,5,4,18,77.42
2019-05-12,3,ICU,30,21,5,9,4,16,72.87
2019-05-13,3,ICU,30,27,3,3,3,17,92.01
2019-05-14,3,ICU,30,24,2,10,4,19,83.3
2019-05-15,3,ICU,30,24,6,6,4,14,81.91
2019-05-16,3,ICU,30,25,6,7,5,18,83.96
2019-05-17,3,ICU,30,25,5,3,6,14,85.57
2019-05-18,3,ICU,30,22,4,4,5,21,75.07
2019-05-19,3,ICU,30,22,6,6,4,20,76.3
2019-05-20,3,ICU,30,25,4,6,4,13,84.92
2019-05-21,3,ICU,30,26,5,5,5,18,86.71
2019-05-22,3,ICU,30,25,6,4,4,18,86.3
2019-05-23,3,ICU,30,26,3,7,5,18,86.93
2019-05-24,3,ICU,30,26,1,5,5,14,89.5
2019-05-25,3,ICU,30,20,8,5,5,17,69.1
2019-05-26,3,ICU,30,20,4,3,2,14,69.6
2019-05-27,3,ICU,30,24,5,4,4,15,82.16
2019-05-28,3,ICU,30,28,3,9,5,16,95.0
2019-05-29,3,ICU,30,26,2,3,4,17,87.25
2019-05-30,3,ICU,30,26,6,4,4,15,88.35
2019-05-31,3,ICU,30,24,5,3,6,17,83.29
2019-06-01,3,ICU,30,17,8,4,5,14,57.38
2019-06-02,3,ICU,30,17,3,3,6,13,57.76
2019-06-03,3,ICU,30,23,3,1,3,17,78.11
2019-06-04,3,ICU,30,23,5,6,5,17,78.45
2019-06-05,3,ICU,30,26,4,6,5,15,86.77
2019-06-06,3,ICU,30,23,11,0,4,16,77.7
2019-06-07,3,ICU,30,24,3,6,4,14,81.3
2019-06-08,3,ICU,30,19,5,4,5,14,64.85
2019-06-09,3,ICU,30,18,6,3,4,17,60.03
2019-06-10,3,ICU,30,22,4,4,2,13,74.0
2019-06-11,3,ICU,30,22,4,2,4,19,75.69
2019-06-12,3,ICU,30,25,6,3,5,19,85.43
2019-06-13,3,ICU,30,25,2,4,5,16,86.42
2019-06-14,3,ICU,30,23,8,5,4,18,78.38
2019-06-15,3,ICU,30,18,9,3,6,18,62.7
2019-06-16,3,ICU,30,18,8,8,5,17,61.71
2019-06-17,3,ICU,30,24,3,0,4,17,82.27
2019-06-18,3,ICU,30,22,2,1,5,14,74.71
2019-06-19,3,ICU,30,22,5,2,5,16,76.11
2019-06-20,3,ICU,30,22,5,5,3,13,74.2
2019-06-21,3,ICU,30,24,6,4,4,15,82.96
2019-06-22,3,ICU,30,20,4,8,2,15,67.9
2019-06-23,3,ICU,30,19,4,4,5,14,63.73
2019-06-24,3,ICU,30,22,3,3,5,13,75.14
2019-06-25,3,ICU,30,21,1,3,3,15,72.66
2019-06-26,3,ICU,30,25,4,5,5,14,83.71
2019-06-27,3,ICU,30,25,6,2,4,15,84.55
2019-06-28,3,ICU,30,23,1,1,6,20,79.32
2019-06-29,3,ICU,30,20,5,8,4,15,69.54
2019-06-30,3,ICU,30,17,1,3,3,15,58.43
2019-07-01,3,ICU,30,21,7,2,5,16,71.05
2019-07-02,3,ICU,30,22,4,8,3,16,73.36
2019-07-03,3,ICU,30,20,6,1,6,17,69.43
2019-07-04,3,ICU,30,23,6,5,4,14,77.94
2019-07-05,3,ICU,30,22,5,2,7,16,75.37
2019-07-06,3,ICU,30,17,5,4,4,15,56.69
2019-07-07,3,ICU,30,14,7,6,4,12,49.29
2019-07-08,3,ICU,30,20,3,1,5,17,67.24
2019-07-09,3,ICU,30,22,5,4,4,12,74.52
2019-07-10,3,ICU,30,21,4,5,6,17,73.07
2019-07-11,3,ICU,30,21,4,6,5,15,70.03
2019-07-12,3,ICU,30,21,8,4,4,19,72.11
2019-07-13,3,ICU,30,16,4,2,5,15,53.72
2019-07-14,3,ICU,30,17,5,5,6,13,59.94
2019-07-15,3,ICU,30,20,3,6,3,15,67.53
2019-07-16,3,ICU,30,19,4,5,3,13,65.16
2019-07-17,3,ICU,30,20,4,5,3,14,67.07
2019-07-18,3,ICU,30,22,2,2,5,14,75.17
2019-07-19,3,ICU,30,23,4,7,3,18,76.88
2019-07-20,3,ICU,30,16,4,10,4,16,56.53
2019-07-21,3,ICU,30,20,6,5,5,16,67.21
2019-07-22,3,ICU,30,24,5,2,3,15,80.23
2019-07-23,3,ICU,30,24,3,4,5,13,80.09
2019-07-24,3,ICU,30,19,7,4,5,14,64.37
2019-07-25,3,ICU,30,21,7,2,4,16,73.2
2019-07-26,3,ICU,30,21,7,6,4,13,70.05
2019-07-27,3,ICU,30,17,6,10,6,11,57.37
2019-07-28,3,ICU,30,18,5,5,6,12,61.06
2019-07-29,3,ICU,30,17,1,5,5,17,59.23
2019-07-30,3,ICU,30,21,4,3,5,17,70.31
2019-07-31,3,ICU,30,20,1,4,4,13,67.71
2019-08-01,3,ICU,30,20,8,5,5,14,67.83
2019-08-02,3,ICU,30,19,7,11,4,20,65.03
2019-08-03,3,ICU,30,15,5,7,4,10,52.4
2019-08-04,3,ICU,30,15,7,6,5,15,53.15
2019-08-05,3,ICU,30,19,4,2,4,12,65.39
2019-08-06,3,ICU,30,21,2,3,5,16,71.76
2019-08-07,3,ICU,30,18,6,0,6,16,61.3
2019-08-08,3,ICU,30,20,4,4,5,18,66.82
2019-08-09,3,ICU,30,21,2,4,3,17,70.77
2019-08-10,3,ICU,30,15,3,2,5,15,51.31
2019-08-11,3,ICU,30,16,6,5,4,11,56.57
2019-08-12,3,ICU,30,22,4,0,4,15,73.62
2019-08-13,3,ICU,30,19,2,2,3,17,65.34
2019-08-14,3,ICU,30,19,3,4,6,18,65.19
2019-08-15,3,ICU,30,20,3,7,6,15,67.7
2019-08-16,3,ICU,30,19,3,7,4,16,66.64
2019-08-17,3,ICU,30,15,10,2,4,11,51.85
2019-08-18,3,ICU,30,15,1,0,5,15,52.82
2019-08-19,3,ICU,30,19,4,2,3,15,66.25
2019-08-20,3,ICU,30,19,6,4,3,16,63.84
2019-08-21,3,ICU,30,22,5,3,5,16,75.82
2019-08-22,3,ICU,30,21,3,1,4,13,70.15
2019-08-23,3,ICU,30,18,6,3,5,17,60.36
2019-08-24,3,ICU,30,14,3,8,6,15,48.78
2019-08-25,3,ICU,30,16,3,8,5,16,53.86
2019-08-26,3,ICU,30,21,6,6,4,16,72.99
2019-08-27,3,ICU,30,18,5,8,6,13,61.76
2019-08-28,3,ICU,30,20,4,12,4,18,69.94
2019-08-29,3,ICU,30,23,7,2,4,18,76.98
2019-08-30,3,ICU,30,19,4,4,4,16,65.08
2019-08-31,3,ICU,30,15,1,2,5,16,50.11
2019-09-01,3,ICU,30,14,8,7,4,11,48.4
2019-09-02,3,ICU,30,18,6,3,4,15,61.07
2019-09-03,3,ICU,30,16,4,2,6,14,55.33
2019-09-04,3,ICU,30,19,1,3,5,17,63.52
2019-09-05,3,ICU,30,21,5,6,3,19,70.81
2019-09-06,3,ICU,30,19,5,7,3,19,66.22
2019-09-07,3,ICU,30,15,2,3,5,15,53.29
2019-09-08,3,ICU,30,14,3,4,5,15,48.8
2019-09-09,3,ICU,30,19,5,2,3,20,65.7
2019-09-10,3,ICU,30,20,8,6,4,12,68.26
2019-09-11,3,ICU,30,18,6,2,4,15,62.79
2019-09-12,3,ICU,30,15,6,6,3,14,53.2
2019-09-13,3,ICU,30,19,7,2,5,16,65.54
2019-09-14,3,ICU,30,17,8,6,4,16,58.44
2019-09-15,3,ICU,30,14,5,6,2,16,48.78
2019-09-16,3,ICU,30,18,3,8,5,18,61.78
2019-09-17,3,ICU,30,17,5,6,5,12,57.33
2019-09-18,3,ICU,30,19,2,2,5,17,64.75
2019-09-19,3,ICU,30,18,3,6,5,16,63.07
2019-09-20,3,ICU,30,19,4,4,4,18,63.96
2019-09-21,3,ICU,30,16,4,7,3,16,55.58
2019-09-22,3,ICU,30,15,10,3,4,14,51.69
2019-09-23,3,ICU,30,18,4,3,3,15,61.05
2019-09-24,3,ICU,30,20,1,3,4,20,66.95
2019-09-25,3,ICU,30,19,6,2,3,17,65.34
2019-09-26,3,ICU,30,17,7,7,4,14,59.98
2019-09-27,3,ICU,30,17,0,2,4,14,59.99
2019-09-28,3,ICU,30,13,9,4,4,11,45.57
2019-09-29,3,ICU,30,16,2,4,3,16,54.5
2019-09-30,3,ICU,30,17,2,7,5,14,56.9
2019-10-01,3,ICU,30,19,11,1,4,16,66.15
2019-10-02,3,ICU,30,20,3,4,5,13,67.69
2019-10-03,3,ICU,30,19,0,2,4,12,65.87
2019-10-04,3,ICU,30,19,3,7,6,14,65.26
2019-10-05,3,ICU,30,15,4,7,4,15,51.55
2019-10-06,3,ICU,30,14,7,7,4,11,49.61
2019-10-07,3,ICU,30,20,3,4,6,18,68.06
2019-10-08,3,ICU,30,19,8,4,5,17,64.02
2019-10-09,3,ICU,30,18,9,6,5,15,63.01
2019-10-10,3,ICU,30,19,7,1,5,19,66.11
2019-10-11,3,ICU,30,19,3,5,5,18,63.52
2019-10-12,3,ICU,30,15,3,4,3,14,53.19
2019-10-13,3,ICU,30,18,7,0,4,16,61.64
2019-10-14,3,ICU,30,20,8,4,4,16,67.19
2019-10-15,3,ICU,30,21,6,6,4,17,70.5
2019-10-16,3,ICU,30,19,5,3,4,16,66.54
2019-10-17,3,ICU,30,21,4,4,6,13,71.28
2019-10-18,3,ICU,30,23,3,1,4,16,77.58
2019-10-19,3,ICU,30,17,4,6,3,16,57.86
2019-10-20,3,ICU,30,15,3,5,5,15,50.8
2019-10-21,3,ICU,30,21,4,5,5,16,71.95
2019-10-22,3,ICU,30,20,5,3,5,15,68.36
2019-10-23,3,ICU,30,19,3,8,4,16,66.08
2019-10-24,3,ICU,30,20,3,4,3,15,69.08
2019-10-25,3,ICU,30,21,4,8,5,17,72.31
2019-10-26,3,ICU,30,14,6,6,4,19,48.84
2019-10-27,3,ICU,30,13,7,3,5,14,46.63
2019-10-28,3,ICU,30,20,3,0,4,17,67.36
2019-10-29,3,ICU,30,21,4,5,4,18,73.21
2019-10-30,3,ICU,30,18,2,1,5,19,60.86
2019-10-31,3,ICU,30,17,5,5,4,15,58.63
2019-11-01,3,ICU,30,21,6,5,4,14,72.96
2019-11-02,3,ICU,30,13,7,1,4,15,46.2
2019-11-03,3,ICU,30,16,1,1,4,14,56.18
2019-11-04,3,ICU,30,19,4,3,5,19,63.35
2019-11-05,3,ICU,30,21,3,2,6,17,72.4
2019-11-06,3,ICU,30,23,7,7,6,19,77.35
2019-11-07,3,ICU,30,19,2,4,6,16,65.32
2019-11-08,3,ICU,30,22,2,5,3,14,75.43
2019-11-09,3,ICU,30,17,1,3,6,16,58.57
2019-11-10,3,ICU,30,16,6,3,5,18,54.03
2019-11-11,3,ICU,30,18,5,8,5,15,61.37
2019-11-12,3,ICU,30,20,2,4,5,16,67.95
2019-11-13,3,ICU,30,19,8,6,5,18,64.08
2019-11-14,3,ICU,30,20,7,6,4,16,69.61
2019-11-15,3,ICU,30,26,4,5,4,18,88.97
2019-11-16,3,ICU,30,15,5,7,5,15,50.49
2019-11-17,3,ICU,30,16,3,3,4,14,53.76
2019-11-18,3,ICU,30,19,6,7,3,17,65.61
2019-11-19,3,ICU,30,21,3,3,5,17,72.54
2019-11-20,3,ICU,30,21,9,1,5,13,71.31
2019-11-21,3,ICU,30,20,3,6,6,16,69.62
2019-11-22,3,ICU,30,21,4,5,4,18,72.22
2019-11-23,3,ICU,30,19,5,3,5,17,65.38
2019-11-24,3,ICU,30,16,6,4,5,18,54.56
2019-11-25,3,ICU,30,20,5,4,6,15,67.48
2019-11-26,3,ICU,30,22,6,7,6,17,76.29
2019-11-27,3,ICU,30,20,9,5,5,11,68.18
2019-11-28,3,ICU,30,21,4,4,6,15,71.37
2019-11-29,3,ICU,30,22,3,6,4,16,73.72
2019-11-30,3,ICU,30,16,4,7,5,16,53.4
2019-12-01,3,ICU,30,17,8,3,5,17,59.95
2019-12-02,3,ICU,30,21,4,1,4,16,73.29
2019-12-03,3,ICU,30,24,7,3,5,19,80.68
2019-12-04,3,ICU,30,22,13,0,6,17,73.84
2019-12-05,3,ICU,30,21,5,1,4,19,72.51
2019-12-06,3,ICU,30,24,6,0,4,15,80.38
2019-12-07,3,ICU,30,18,7,5,5,13,61.83
2019-12-08,3,ICU,30,20,9,2,5,15,66.89
2019-12-09,3,ICU,30,21,3,5,5,17,70.16
2019-12-10,3,ICU,30,19,6,1,5,14,65.17
2019-12-11,3,ICU,30,22,2,4,7,17,74.72
2019-12-12,3,ICU,30,23,5,1,3,16,78.54
2019-12-13,3,ICU,30,24,4,4,5,15,80.4
2019-12-14,3,ICU,30,17,3,4,6,14,58.57
2019-12-15,3,ICU,30,19,6,5,4,15,63.72
2019-12-16,3,ICU,30,28,3,5,5,15,93.79
2019-12-17,3,ICU,30,24,7,2,4,19,82.53
2019-12-18,3,ICU,30,23,4,4,5,18,78.7
2019-12-19,3,ICU,30,23,3,6,5,18,77.75
2019-12-20,3,ICU,30,24,5,1,6,14,82.08
2019-12-21,3,ICU,30,20,4,8,3,17,67.12
2019-12-22,3,ICU,30,20,6,5,3,14,67.03
2019-12-23,3,ICU,30,24,5,3,4,12,83.31
2019-12-24,3,ICU,30,22,10,5,3,13,74.07
2019-12-25,3,ICU,30,24,8,6,5,16,82.9
2019-12-26,3,ICU,30,24,7,2,4,16,81.28
2019-12-27,3,ICU,30,24,6,3,3,16,81.23
2019-12-28,3,ICU,30,20,6,1,6,17,68.52
2019-12-29,3,ICU,30,21,9,4,5,18,72.52
2019-12-30,3,ICU,30,21,3,2,5,18,72.62
2019-12-31,3,ICU,30,24,1,3,5,14,81.59
2020-01-01,3,ICU,30,28,1,6,5,19,95.0
2020-01-02,3,ICU,30,28,3,3,5,19,95.0
2020-01-03,3,ICU,30,28,3,4,7,20,95.0
2020-01-04,3,ICU,30,28,7,2,6,16,95.0
2020-01-05,3,ICU,30,26,3,5,3,16,87.91
2020-01-06,3,ICU,30,28,3,4,4,18,95.0
2020-01-07,3,ICU,30,28,2,5,3,15,94.55
2020-01-08,3,ICU,30,28,5,5,4,19,95.0
2020-01-09,3,ICU,30,28,3,4,4,16,95.0
2020-01-10,3,ICU,30,28,2,6,5,18,95.0
2020-01-11,3,ICU,30,28,3,5,4,14,93.85
2020-01-12,3,ICU,30,25,8,4,5,18,85.94
2020-01-13,3,ICU,30,28,2,5,4,20,95.0
2020-01-14,3,ICU,30,28,5,5,3,14,95.0
2020-01-15,3,ICU,30,28,4,3,6,18,95.0
2020-01-16,3,ICU,30,28,7,5,5,15,95.0
2020-01-17,3,ICU,30,28,7,6,4,21,95.0
2020-01-18,3,ICU,30,28,6,4,4,18,95.0
2020-01-19,3,ICU,30,27,1,4,6,19,92.85
2020-01-20,3,ICU,30,28,8,1,5,14,95.0
2020-01-21,3,ICU,30,28,4,4,5,14,95.0
2020-01-22,3,ICU,30,28,2,9,6,16,95.0
2020-01-23,3,ICU,30,28,5,2,5,16,95.0
2020-01-24,3,ICU,30,27,3,1,2,14,91.17
2020-01-25,3,ICU,30,28,3,2,2,15,94.77
2020-01-26,3,ICU,30,27,1,7,5,15,92.26
2020-01-27,3,ICU,30,28,7,3,5,17,95.0
2020-01-28,3,ICU,30,28,4,2,4,16,95.0
2020-01-29,3,ICU,30,28,2,3,4,16,95.0
2020-01-30,3,ICU,30,28,2,2,4,15,95.0
2020-01-31,3,ICU,30,28,7,3,5,16,95.0
2020-02-01,3,ICU,30,28,4,4,7,16,95.0
2020-02-02,3,ICU,30,28,5,8,3,19,95.0
2020-02-03,3,ICU,30,28,3,4,6,23,95.0
2020-02-04,3,ICU,30,28,5,4,4,15,95.0
2020-02-05,3,ICU,30,28,4,5,6,16,95.0
2020-02-06,3,ICU,30,28,7,4,7,19,95.0
2020-02-07,3,ICU,30,28,6,1,6,20,95.0
2020-02-08,3,ICU,30,28,9,3,5,16,95.0
2020-02-09,3,ICU,30,28,4,3,4,20,95.0
2020-02-10,3,ICU,30,28,8,4,4,19,95.0
2020-02-11,3,ICU,30,28,6,1,3,18,95.0
2020-02-12,3,ICU,30,28,7,13,4,17,95.0
2020-02-13,3,ICU,30,28,4,4,5,19,95.0
2020-02-14,3,ICU,30,28,8,3,5,14,95.0
2020-02-15,3,ICU,30,27,4,5,5,17,91.34
2020-02-16,3,ICU,30,28,4,3,5,18,95.0
2020-02-17,3,ICU,30,28,5,4,6,14,95.0
2020-02-18,3,ICU,30,28,6,6,4,19,95.0
2020-02-19,3,ICU,30,28,6,4,4,16,95.0
2020-02-20,3,ICU,30,28,3,2,4,19,95.0
2020-02-21,3,ICU,30,28,1,4,4,17,95.0
2020-02-22,3,ICU,30,28,7,4,5,18,95.0
2020-02-23,3,ICU,30,28,9,4,6,15,95.0
2020-02-24,3,ICU,30,28,1,4,4,19,95.0
2020-02-25,3,ICU,30,28,5,3,4,17,95.0
2020-02-26,3,ICU,30,28,4,5,5,19,95.0
2020-02-27,3,ICU,30,28,2,6,3,16,95.0
2020-02-28,3,ICU,30,28,2,3,5,17,95.0
2020-02-29,3,ICU,30,27,1,6,4,17,90.36
2020-03-01,3,ICU,30,28,3,6,6,19,95.0
2020-03-02,3,ICU,30,28,5,7,4,16,95.0
2020-03-03,3,ICU,30,28,5,3,5,17,95.0
2020-03-04,3,ICU,30,28,3,3,4,16,95.0
2020-03-05,3,ICU,30,28,4,1,4,17,95.0
2020-03-06,3,ICU,30,28,5,4,4,19,95.0
2020-03-07,3,ICU,30,28,7,5,4,17,93.98
2020-03-08,3,ICU,30,28,9,2,6,18,95.0
2020-03-09,3,ICU,30,28,2,3,5,19,95.0
2020-03-10,3,ICU,30,28,6,6,4,20,95.0
2020-03-11,3,ICU,30,28,2,5,4,16,95.0
2020-03-12,3,ICU,30,28,7,0,4,18,95.0
2020-03-13,3,ICU,30,28,4,5,4,18,95.0
2020-03-14,3,ICU,30,28,2,4,3,16,95.0
2020-03-15,3,ICU,30,28,6,2,6,17,95.0
2020-03-16,3,ICU,30,28,6,3,5,16,95.0
2020-03-17,3,ICU,30,28,10,3,6,15,95.0
2020-03-18,3,ICU,30,28,4,3,5,17,95.0
2020-03-19,3,ICU,30,28,6,5,4,15,95.0
2020-03-20,3,ICU,30,28,4,2,5,17,95.0
2020-03-21,3,ICU,30,28,5,5,5,20,95.0
2020-03-22,3,ICU,30,28,0,5,5,17,95.0
2020-03-23,3,ICU,30,28,5,5,4,17,95.0
2020-03-24,3,ICU,30,28,2,2,3,17,95.0
2020-03-25,3,ICU,30,28,1,1,5,18,95.0
2020-03-26,3,ICU,30,28,4,8,3,20,95.0
2020-03-27,3,ICU,30,28,7,4,4,17,95.0
2020-03-28,3,ICU,30,28,7,2,4,16,95.0
2020-03-29,3,ICU,30,28,4,1,3,17,95.0
2020-03-30,3,ICU,30,28,2,2,5,16,95.0
2020-03-31,3,ICU,30,28,3,1,5,18,95.0
2020-04-01,3,ICU,30,28,3,5,6,18,95.0
2020-04-02,3,ICU,30,28,3,4,5,17,95.0
2020-04-03,3,ICU,30,28,3,3,4,19,95.0
2020-04-04,3,ICU,30,27,3,2,3,17,93.3
2020-04-05,3,ICU,30,26,9,4,4,18,89.33
2020-04-06,3,ICU,30,28,8,2,4,16,95.0
2020-04-07,3,ICU,30,28,9,3,7,20,95.0
2020-04-08,3,ICU,30,28,5,12,4,15,95.0
2020-04-09,3,ICU,30,28,3,5,6,19,95.0
2020-04-10,3,ICU,30,28,2,5,5,17,95.0
2020-04-11,3,ICU,30,26,5,5,5,18,88.67
2020-04-12,3,ICU,30,28,5,8,6,18,95.0
2020-04-13,3,ICU,30,28,3,2,4,16,95.0
2020-04-14,3,ICU,30,28,5,2,4,16,95.0
2020-04-15,3,ICU,30,28,3,9,5,14,95.0
2020-04-16,3,ICU,30,28,6,4,5,20,95.0
2020-04-17,3,ICU,30,28,5,5,3,19,95.0
2020-04-18,3,ICU,30,28,5,5,4,16,95.0
2020-04-19,3,ICU,30,28,1,1,6,14,94.71
2020-04-20,3,ICU,30,28,3,3,3,17,95.0
2020-04-21,3,ICU,30,28,5,5,5,17,95.0
2020-04-22,3,ICU,30,28,2,7,4,18,95.0
2020-04-23,3,ICU,30,28,6,3,2,15,95.0
2020-04-24,3,ICU,30,28,3,6,3,15,95.0
2020-04-25,3,ICU,30,28,4,7,3,14,95.0
2020-04-26,3,ICU,30,28,3,5,5,18,93.36
2020-04-27,3,ICU,30,28,3,4,5,18,95.0
2020-04-28,3,ICU,30,28,0,6,5,18,95.0
2020-04-29,3,ICU,30,28,2,4,4,15,95.0
2020-04-30,3,ICU,30,28,5,2,6,19,95.0
2020-05-01,3,ICU,30,28,2,6,6,18,95.0
2020-05-02,3,ICU,30,26,4,2,4,18,89.37
2020-05-03,3,ICU,30,26,6,4,3,16,88.85
2020-05-04,3,ICU,30,28,2,4,4,15,95.0
2020-05-05,3,ICU,30,28,5,5,4,18,95.0
2020-05-06,3,ICU,30,28,6,0,4,17,95.0
2020-05-07,3,ICU,30,28,7,3,4,17,95.0
2020-05-08,3,ICU,30,28,6,2,6,18,95.0
2020-05-09,3,ICU,30,28,3,4,3,18,95.0
2020-05-10,3,ICU,30,28,3,5,3,18,95.0
2020-05-11,3,ICU,30,28,3,1,5,16,95.0
2020-05-12,3,ICU,30,28,6,0,5,17,95.0
2020-05-13,3,ICU,30,28,5,2,6,18,95.0
2020-05-14,3,ICU,30,28,3,3,4,16,95.0
2020-05-15,3,ICU,30,28,7,4,5,15,95.0
2020-05-16,3,ICU,30,28,0,6,5,16,95.0
2020-05-17,3,ICU,30,28,6,5,5,15,93.75
2020-05-18,3,ICU,30,28,3,2,5,20,95.0
2020-05-19,3,ICU,30,28,6,1,4,17,95.0
2020-05-20,3,ICU,30,28,5,2,3,19,95.0
2020-05-21,3,ICU,30,28,7,3,5,24,95.0
2020-05-22,3,ICU,30,28,0,4,4,17,95.0
2020-05-23,3,ICU,30,27,7,6,3,16,91.22
2020-05-24,3,ICU,30,25,10,7,4,13,84.54
2020-05-25,3,ICU,30,28,7,2,4,13,95.0
2020-05-26,3,ICU,30,28,2,3,6,15,95.0
2020-05-27,3,ICU,30,28,1,1,4,17,95.0
2020-05-28,3,ICU,30,28,4,1,5,16,95.0
2020-05-29,3,ICU,30,28,3,6,4,21,95.0
2020-05-30,3,ICU,30,28,4,5,5,16,95.0
2020-05-31,3,ICU,30,26,6,7,4,15,89.85
2020-06-01,3,ICU,30,28,9,4,4,18,95.0
2020-06-02,3,ICU,30,28,4,8,5,16,95.0
2020-06-03,3,ICU,30,28,5,4,5,14,95.0
2020-06-04,3,ICU,30,28,4,5,4,18,94.41
2020-06-05,3,ICU,30,28,1,3,5,21,95.0
2020-06-06,3,ICU,30,27,4,4,4,15,91.79
2020-06-07,3,ICU,30,27,2,10,6,20,91.96
2020-06-08,3,ICU,30,28,4,2,4,17,95.0
2020-06-09,3,ICU,30,28,3,5,4,16,95.0
2020-06-10,3,ICU,30,28,4,2,4,19,95.0
2020-06-11,3,ICU,30,28,5,6,4,17,95.0
2020-06-12,3,ICU,30,28,4,4,6,16,95.0
2020-06-13,3,ICU,30,25,5,0,5,20,83.97
2020-06-14,3,ICU,30,25,4,6,4,14,85.56
2020-06-15,3,ICU,30,28,5,5,7,15,95.0
2020-06-16,3,ICU,30,28,3,7,5,17,95.0
2020-06-17,3,ICU,30,28,4,1,4,16,95.0
2020-06-18,3,ICU,30,28,1,3,5,20,95.0
2020-06-19,3,ICU,30,28,6,4,5,18,95.0
2020-06-20,3,ICU,30,26,4,3,5,21,88.41
2020-06-21,3,ICU,30,26,7,2,5,18,89.57
2020-06-22,3,ICU,30,28,4,5,6,18,95.0
2020-06-23,3,ICU,30,28,4,5,3,16,93.7
2020-06-24,3,ICU,30,28,5,4,6,17,95.0
2020-06-25,3,ICU,30,28,7,5,4,21,95.0
2020-06-26,3,ICU,30,28,2,6,6,18,95.0
2020-06-27,3,ICU,30,25,2,7,5,13,84.08
2020-06-28,3,ICU,30,25,5,4,5,20,83.41
2020-06-29,3,ICU,30,28,3,1,2,18,95.0
2020-06-30,3,ICU,30,28,2,5,4,17,95.0
2020-07-01,3,ICU,30,28,0,4,5,18,94.6
2020-07-02,3,ICU,30,26,2,5,1,18,89.81
2020-07-03,3,ICU,30,27,6,6,4,18,93.1
2020-07-04,3,ICU,30,23,3,4,5,15,79.91
2020-07-05,3,ICU,30,24,6,5,5,14,82.84
2020-07-06,3,ICU,30,25,4,3,5,17,83.56
2020-07-07,3,ICU,30,28,4,2,4,15,95.0
2020-07-08,3,ICU,30,28,2,8,4,17,95.0
2020-07-09,3,ICU,30,27,2,4,3,16,92.85
2020-07-10,3,ICU,30,28,5,3,5,19,95.0
2020-07-11,3,ICU,30,24,3,8,6,17,81.63
2020-07-12,3,ICU,30,26,2,7,4,15,88.55
2020-07-13,3,ICU,30,27,2,4,4,18,91.29
2020-07-14,3,ICU,30,27,4,9,5,17,91.47
2020-07-15,3,ICU,30,25,4,2,4,16,84.05
2020-07-16,3,ICU,30,28,3,6,2,17,95.0
2020-07-17,3,ICU,30,26,3,4,5,14,87.55
2020-07-18,3,ICU,30,24,4,6,3,19,82.61
2020-07-19,3,ICU,30,21,3,4,5,15,72.92
2020-07-20,3,ICU,30,28,5,3,5,17,95.0
2020-07-21,3,ICU,30,28,4,8,5,15,95.0
2020-07-22,3,ICU,30,28,6,8,5,20,95.0
2020-07-23,3,ICU,30,28,5,4,6,13,95.0
2020-07-24,3,ICU,30,25,4,1,6,16,85.62
2020-07-25,3,ICU,30,26,4,3,4,18,88.86
2020-07-26,3,ICU,30,27,4,4,4,17,90.84
2020-07-27,3,ICU,30,25,5,3,2,12,85.6
2020-07-28,3,ICU,30,27,6,5,5,16,92.85
2020-07-29,3,ICU,30,27,6,8,5,13,90.47
2020-07-30,3,ICU,30,26,5,1,4,18,89.06
2020-07-31,3,ICU,30,27,6,2,5,15,92.16
2020-08-01,3,ICU,30,21,1,5,5,18,71.78
2020-08-02,3,ICU,30,17,4,3,4,16,59.95
2020-08-03,3,ICU,30,24,7,6,4,14,81.68
2020-08-04,3,ICU,30,26,7,2,5,16,88.43
2020-08-05,3,ICU,30,27,2,1,5,19,91.12
2020-08-06,3,ICU,30,26,3,2,5,13,87.07
2020-08-07,3,ICU,30,27,3,7,3,18,92.05
2020-08-08,3,ICU,30,21,5,6,4,13,72.44
2020-08-09,3,ICU,30,20,4,4,5,17,69.14
2020-08-10,3,ICU,30,26,1,3,4,18,88.51
2020-08-11,3,ICU,30,28,3,7,5,17,95.0
2020-08-12,3,ICU,30,26,8,3,5,16,87.08
2020-08-13,3,ICU,30,27,6,2,4,19,91.18
2020-08-14,3,ICU,30,26,1,4,6,16,87.81
2020-08-15,3,ICU,30,22,3,2,6,14,74.54
2020-08-16,3,ICU,30,21,1,5,5,21,71.42
2020-08-17,3,ICU,30,25,1,1,5,17,86.38
2020-08-18,3,ICU,30,24,3,2,5,19,80.84
2020-08-19,3,ICU,30,27,6,3,5,17,92.22
2020-08-20,3,ICU,30,26,2,2,4,16,89.14
2020-08-21,3,ICU,30,27,5,8,6,16,90.57
2020-08-22,3,ICU,30,20,5,2,6,15,68.39
2020-08-23,3,ICU,30,22,7,5,4,18,75.41
2020-08-24,3,ICU,30,26,6,4,3,13,89.93
2020-08-25,3,ICU,30,26,4,5,6,17,87.98
2020-08-26,3,ICU,30,27,2,4,3,17,92.25
2020-08-27,3,ICU,30,26,4,4,6,19,86.79
2020-08-28,3,ICU,30,26,4,4,4,16,86.95
2020-08-29,3,ICU,30,23,2,6,5,16,79.25
2020-08-30,3,ICU,30,21,3,4,4,14,71.33
2020-08-31,3,ICU,30,24,0,3,7,18,80.87
2020-09-01,3,ICU,30,24,2,5,4,15,80.09
2020-09-02,3,ICU,30,22,4,2,4,17,75.53
2020-09-03,3,ICU,30,24,2,4,7,15,81.95
2020-09-04,3,ICU,30,26,5,5,6,18,88.47
2020-09-05,3,ICU,30,19,1,1,3,12,64.94
2020-09-06,3,ICU,30,22,7,1,5,21,73.41
2020-09-07,3,ICU,30,24,3,7,5,14,82.33
2020-09-08,3,ICU,30,25,4,8,3,15,86.1
2020-09-09,3,ICU,30,26,1,6,6,19,87.28
2020-09-10,3,ICU,30,26,5,3,4,17,87.53
2020-09-11,3,ICU,30,26,5,4,3,13,86.74
2020-09-12,3,ICU,30,20,3,6,6,18,67.58
2020-09-13,3,ICU,30,21,8,5,5,15,72.1
2020-09-14,3,ICU,30,27,6,5,2,20,92.61
2020-09-15,3,ICU,30,25,3,1,6,17,85.2
2020-09-16,3,ICU,30,26,4,4,5,16,89.89
2020-09-17,3,ICU,30,26,5,3,5,11,88.89
2020-09-18,3,ICU,30,23,2,4,3,14,78.53
2020-09-19,3,ICU,30,18,2,5,5,13,63.1
2020-09-20,3,ICU,30,19,4,3,4,16,64.71
2020-09-21,3,ICU,30,24,3,6,4,19,80.8
2020-09-22,3,ICU,30,24,5,4,4,17,80.41
2020-09-23,3,ICU,30,23,6,4,4,18,77.56
2020-09-24,3,ICU,30,24,5,7,4,19,83.06
2020-09-25,3,ICU,30,24,5,2,5,18,81.77
2020-09-26,3,ICU,30,21,5,1,4,14,70.34
2020-09-27,3,ICU,30,20,2,5,4,16,69.09
2020-09-28,3,ICU,30,26,7,3,4,14,88.57
2020-09-29,3,ICU,30,25,8,1,5,16,83.81
2020-09-30,3,ICU,30,26,5,7,4,18,86.73
2020-10-01,3,ICU,30,25,3,3,6,14,85.81
2020-10-02,3,ICU,30,28,4,7,4,18,93.66
2020-10-03,3,ICU,30,20,5,4,4,15,69.82
2020-10-04,3,ICU,30,19,8,3,4,15,66.29
2020-10-05,3,ICU,30,24,4,3,5,19,81.35
2020-10-06,3,ICU,30,25,3,1,6,20,85.14
2020-10-07,3,ICU,30,25,6,3,4,16,85.82
2020-10-08,3,ICU,30,27,2,4,5,14,92.21
2020-10-09,3,ICU,30,25,12,3,5,19,86.21
2020-10-10,3,ICU,30,22,8,4,4,15,74.45
2020-10-11,3,ICU,30,19,4,4,3,14,64.16
2020-10-12,3,ICU,30,25,3,3,4,17,83.85
2020-10-13,3,ICU,30,25,4,4,6,16,84.4
2020-10-14,3,ICU,30,26,4,3,5,16,89.54
2020-10-15,3,ICU,30,25,1,5,3,18,84.3
2020-10-16,3,ICU,30,27,1,2,5,21,90.76
2020-10-17,3,ICU,30,22,6,3,5,18,74.43
2020-10-18,3,ICU,30,22,3,3,4,17,73.34
2020-10-19,3,ICU,30,25,2,5,3,15,86.45
2020-10-20,3,ICU,30,24,6,3,5,15,83.07
2020-10-21,3,ICU,30,23,4,6,4,15,78.02
2020-10-22,3,ICU,30,28,1,2,6,19,95.0
2020-10-23,3,ICU,30,26,3,4,5,12,88.08
2020-10-24,3,ICU,30,21,3,7,6,16,72.86
2020-10-25,3,ICU,30,21,3,6,5,19,71.26
2020-10-26,3,ICU,30,28,11,4,5,17,94.24
2020-10-27,3,ICU,30,26,5,2,5,14,89.91
2020-10-28,3,ICU,30,26,4,1,4,17,89.39
2020-10-29,3,ICU,30,27,6,3,4,17,91.57
2020-10-30,3,ICU,30,26,4,2,4,14,88.3
2020-10-31,3,ICU,30,21,2,3,4,20,72.53
2020-11-01,3,ICU,30,24,5,3,5,19,81.22
2020-11-02,3,ICU,30,26,6,2,5,16,89.73
2020-11-03,3,ICU,30,28,6,5,3,20,94.27
2020-11-04,3,ICU,30,27,4,2,5,18,91.72
2020-11-05,3,ICU,30,27,2,2,5,17,93.19
2020-11-06,3,ICU,30,28,2,6,4,16,95.0
2020-11-07,3,ICU,30,22,2,2,6,16,75.79
2020-11-08,3,ICU,30,22,3,3,5,17,74.28
2020-11-09,3,ICU,30,28,12,3,4,17,95.0
2020-11-10,3,ICU,30,27,2,2,4,17,91.21
2020-11-11,3,ICU,30,27,3,2,6,16,90.12
2020-11-12,3,ICU,30,26,6,1,3,15,87.77
2020-11-13,3,ICU,30,26,10,3,4,16,88.74
2020-11-14,3,ICU,30,22,4,7,5,17,76.57
2020-11-15,3,ICU,30,26,4,2,4,18,87.04
2020-11-16,3,ICU,30,23,4,5,3,19,79.87
2020-11-17,3,ICU,30,26,3,5,5,17,86.91
2020-11-18,3,ICU,30,26,2,0,6,19,89.5
2020-11-19,3,ICU,30,28,5,4,4,18,93.4
2020-11-20,3,ICU,30,28,4,3,4,18,94.52
2020-11-21,3,ICU,30,24,9,4,5,16,81.82
2020-11-22,3,ICU,30,21,3,5,3,14,72.12
2020-11-23,3,ICU,30,27,1,5,5,19,91.56
2020-11-24,3,ICU,30,25,2,5,4,15,85.61
2020-11-25,3,ICU,30,28,3,10,3,17,95.0
2020-11-26,3,ICU,30,28,9,3,6,17,94.31
2020-11-27,3,ICU,30,25,6,3,4,16,84.9
2020-11-28,3,ICU,30,25,5,1,5,14,83.5
2020-11-29,3,ICU,30,22,4,2,5,18,75.97
2020-11-30,3,ICU,30,27,3,2,3,18,90.72
2020-12-01,3,ICU,30,28,4,6,4,20,95.0
2020-12-02,3,ICU,30,28,3,6,2,19,95.0
2020-12-03,3,ICU,30,27,5,3,5,17,92.3
2020-12-04,3,ICU,30,28,4,2,5,16,95.0
2020-12-05,3,ICU,30,25,6,5,4,15,84.96
2020-12-06,3,ICU,30,23,10,1,6,16,77.71
2020-12-07,3,ICU,30,28,3,6,3,16,95.0
2020-12-08,3,ICU,30,28,7,3,3,16,95.0
2020-12-09,3,ICU,30,28,2,6,4,16,95.0
2020-12-10,3,ICU,30,28,5,5,4,19,95.0
2020-12-11,3,ICU,30,27,8,4,4,19,91.67
2020-12-12,3,ICU,30,24,3,6,3,20,81.41
2020-12-13,3,ICU,30,23,5,5,4,16,77.72
2020-12-14,3,ICU,30,28,11,4,5,16,95.0
2020-12-15,3,ICU,30,28,2,9,3,17,95.0
2020-12-16,3,ICU,30,28,4,7,4,17,95.0
2020-12-17,3,ICU,30,28,2,2,5,18,95.0
2020-12-18,3,ICU,30,28,5,5,4,17,95.0
2020-12-19,3,ICU,30,24,6,10,5,16,82.92
2020-12-20,3,ICU,30,25,4,7,2,16,86.55
2020-12-21,3,ICU,30,28,5,4,6,18,95.0
2020-12-22,3,ICU,30,28,6,5,5,20,95.0
2020-12-23,3,ICU,30,28,3,4,4,13,94.28
2020-12-24,3,ICU,30,28,4,6,5,15,95.0
2020-12-25,3,ICU,30,27,3,3,3,16,91.68
2020-12-26,3,ICU,30,27,2,7,4,16,90.14
2020-12-27,3,ICU,30,23,7,5,5,15,79.15
2020-12-28,3,ICU,30,28,2,1,5,18,95.0
2020-12-29,3,ICU,30,28,6,1,5,16,95.0
2020-12-30,3,ICU,30,28,6,3,3,17,95.0
2020-12-31,3,ICU,30,28,3,2,4,21,95.0
2021-01-01,3,ICU,30,28,6,2,5,16,95.0
2021-01-02,3,ICU,30,27,5,4,5,17,91.91
2021-01-03,3,ICU,30,27,3,3,5,17,91.58
2021-01-04,3,ICU,30,28,1,4,5,19,95.0
2021-01-05,3,ICU,30,28,4,8,5,19,95.0
2021-01-06,3,ICU,30,28,7,5,5,14,95.0
2021-01-07,3,ICU,30,28,4,5,5,17,95.0
2021-01-08,3,ICU,30,28,2,2,5,18,95.0
2021-01-09,3,ICU,30,28,5,4,5,17,95.0
2021-01-10,3,ICU,30,27,3,9,5,17,90.4
2021-01-11,3,ICU,30,28,5,5,5,18,95.0
2021-01-12,3,ICU,30,28,3,6,5,20,95.0
2021-01-13,3,ICU,30,28,4,4,5,16,95.0
2021-01-14,3,ICU,30,28,9,5,4,21,95.0
2021-01-15,3,ICU,30,28,2,5,3,13,95.0
2021-01-16,3,ICU,30,28,4,2,4,16,95.0
2021-01-17,3,ICU,30,27,6,3,4,17,92.99
2021-01-18,3,ICU,30,28,5,4,5,16,95.0
2021-01-19,3,ICU,30,28,3,5,5,16,95.0
2021-01-20,3,ICU,30,28,0,4,5,17,95.0
2021-01-21,3,ICU,30,28,2,4,5,11,95.0
2021-01-22,3,ICU,30,28,5,4,4,19,95.0
2021-01-23,3,ICU,30,28,8,1,6,16,95.0
2021-01-24,3,ICU,30,28,4,3,6,16,95.0
2021-01-25,3,ICU,30,28,3,2,4,16,95.0
2021-01-26,3,ICU,30,28,3,5,6,17,95.0
2021-01-27,3,ICU,30,28,9,1,4,17,95.0
2021-01-28,3,ICU,30,28,4,5,4,16,95.0
2021-01-29,3,ICU,30,28,3,7,3,17,95.0
2021-01-30,3,ICU,30,24,4,6,6,17,82.63
2021-01-31,3,ICU,30,27,7,6,2,13,90.12
2021-02-01,3,ICU,30,28,5,2,5,16,95.0
2021-02-02,3,ICU,30,28,4,4,2,22,95.0
2021-02-03,3,ICU,30,28,10,4,3,17,95.0
2021-02-04,3,ICU,30,28,4,5,5,19,95.0
2021-02-05,3,ICU,30,28,6,4,4,15,95.0
2021-02-06,3,ICU,30,28,2,7,4,18,94.88
2021-02-07,3,ICU,30,28,2,7,5,14,95.0
2021-02-08,3,ICU,30,28,5,4,4,17,95.0
2021-02-09,3,ICU,30,28,5,5,5,20,95.0
2021-02-10,3,ICU,30,28,5,4,4,16,95.0
2021-02-11,3,ICU,30,28,3,5,4,15,95.0
2021-02-12,3,ICU,30,28,6,2,5,18,95.0
2021-02-13,3,ICU,30,28,6,7,5,16,95.0
2021-02-14,3,ICU,30,28,2,6,2,14,95.0
2021-02-15,3,ICU,30,28,4,3,5,16,95.0
2021-02-16,3,ICU,30,28,6,2,6,17,95.0
2021-02-17,3,ICU,30,28,6,6,4,15,95.0
2021-02-18,3,ICU,30,28,2,9,3,20,95.0
2021-02-19,3,ICU,30,28,4,7,5,16,95.0
2021-02-20,3,ICU,30,28,7,5,4,18,95.0
2021-02-21,3,ICU,30,28,5,2,4,20,95.0
2021-02-22,3,ICU,30,28,6,4,6,21,95.0
2021-02-23,3,ICU,30,28,11,2,3,15,95.0
2021-02-24,3,ICU,30,28,5,5,4,19,95.0
2021-02-25,3,ICU,30,28,3,2,6,15,95.0
2021-02-26,3,ICU,30,28,5,6,5,20,95.0
2021-02-27,3,ICU,30,27,2,7,6,18,91.44
2021-02-28,3,ICU,30,28,3,6,7,15,93.65
2021-03-01,3,ICU,30,28,6,4,5,16,95.0
2021-03-02,3,ICU,30,28,8,4,4,18,95.0
2021-03-03,3,ICU,30,28,3,4,3,16,95.0
2021-03-04,3,ICU,30,28,5,5,5,19,95.0
2021-03-05,3,ICU,30,28,3,6,4,18,95.0
2021-03-06,3,ICU,30,28,3,8,4,17,95.0
2021-03-07,3,ICU,30,28,7,5,4,17,95.0
2021-03-08,3,ICU,30,28,3,4,6,13,95.0
2021-03-09,3,ICU,30,28,5,3,3,17,95.0
2021-03-10,3,ICU,30,28,4,3,3,13,95.0
2021-03-11,3,ICU,30,28,3,1,5,18,95.0
2021-03-12,3,ICU,30,28,2,2,4,17,95.0
2021-03-13,3,ICU,30,28,3,2,3,16,95.0
2021-03-14,3,ICU,30,28,4,5,3,18,95.0
2021-03-15,3,ICU,30,28,4,5,4,15,95.0
2021-03-16,3,ICU,30,28,3,6,4,18,95.0
2021-03-17,3,ICU,30,28,6,3,5,17,95.0
2021-03-18,3,ICU,30,28,2,4,6,16,95.0
2021-03-19,3,ICU,30,28,2,10,5,15,95.0
2021-03-20,3,ICU,30,28,6,4,3,19,95.0
2021-03-21,3,ICU,30,28,3,5,8,18,95.0
2021-03-22,3,ICU,30,28,6,5,3,19,95.0
2021-03-23,3,ICU,30,28,2,2,4,13,95.0
2021-03-24,3,ICU,30,28,10,5,4,18,95.0
2021-03-25,3,ICU,30,28,1,6,5,16,95.0
2021-03-26,3,ICU,30,28,4,4,4,16,95.0
2021-03-27,3,ICU,30,26,3,3,4,15,89.69
2021-03-28,3,ICU,30,28,5,6,5,16,95.0
2021-03-29,3,ICU,30,28,7,6,4,16,95.0
2021-03-30,3,ICU,30,28,1,4,3,19,95.0
2021-03-31,3,ICU,30,28,6,6,4,19,95.0
2021-04-01,3,ICU,30,28,7,1,6,18,95.0
2021-04-02,3,ICU,30,28,8,3,6,16,95.0
2021-04-03,3,ICU,30,28,6,7,5,18,95.0
2021-04-04,3,ICU,30,28,8,4,4,17,95.0
2021-04-05,3,ICU,30,28,4,5,6,19,95.0
2021-04-06,3,ICU,30,28,6,4,4,21,95.0
2021-04-07,3,ICU,30,28,3,3,5,23,95.0
2021-04-08,3,ICU,30,28,2,5,6,18,95.0
2021-04-09,3,ICU,30,28,3,3,4,19,95.0
2021-04-10,3,ICU,30,28,10,8,6,22,95.0
2021-04-11,3,ICU,30,24,3,1,4,18,80.67
2021-04-12,3,ICU,30,28,2,2,4,17,95.0
2021-04-13,3,ICU,30,28,5,7,3,16,95.0
2021-04-14,3,ICU,30,28,5,7,4,21,95.0
2021-04-15,3,ICU,30,28,6,10,5,16,95.0
2021-04-16,3,ICU,30,28,3,5,5,19,95.0
2021-04-17,3,ICU,30,28,9,3,5,19,95.0
2021-04-18,3,ICU,30,28,5,5,4,17,93.34
2021-04-19,3,ICU,30,28,3,5,3,20,95.0
2021-04-20,3,ICU,30,28,9,4,6,15,95.0
2021-04-21,3,ICU,30,28,4,3,5,20,95.0
2021-04-22,3,ICU,30,28,3,7,4,18,95.0
2021-04-23,3,ICU,30,28,4,4,6,17,95.0
2021-04-24,3,ICU,30,28,5,4,3,16,94.65
2021-04-25,3,ICU,30,28,3,6,5,17,95.0
2021-04-26,3,ICU,30,28,5,2,3,19,95.0
2021-04-27,3,ICU,30,28,5,3,4,17,95.0
2021-04-28,3,ICU,30,28,1,5,3,18,95.0
2021-04-29,3,ICU,30,28,8,7,2,18,95.0
2021-04-30,3,ICU,30,28,2,3,5,16,95.0
2021-05-01,3,ICU,30,28,4,4,4,19,95.0
2021-05-02,3,ICU,30,28,5,4,5,20,95.0
2021-05-03,3,ICU,30,28,5,3,3,18,95.0
2021-05-04,3,ICU,30,28,3,5,4,16,95.0
2021-05-05,3,ICU,30,28,9,9,3,17,95.0
2021-05-06,3,ICU,30,28,5,2,4,21,95.0
2021-05-07,3,ICU,30,28,5,2,4,18,95.0
2021-05-08,3,ICU,30,24,4,1,5,15,81.83
2021-05-09,3,ICU,30,27,2,3,5,20,92.09
2021-05-10,3,ICU,30,28,5,2,4,19,95.0
2021-05-11,3,ICU,30,28,6,7,4,19,95.0
2021-05-12,3,ICU,30,28,8,4,5,13,95.0
2021-05-13,3,ICU,30,28,7,3,5,17,95.0
2021-05-14,3,ICU,30,28,2,4,6,19,95.0
2021-05-15,3,ICU,30,28,5,3,6,15,95.0
2021-05-16,3,ICU,30,26,4,2,4,13,87.72
2021-05-17,3,ICU,30,28,4,4,2,18,95.0
2021-05-18,3,ICU,30,28,3,2,4,13,95.0
2021-05-19,3,ICU,30,28,2,4,3,17,95.0
2021-05-20,3,ICU,30,28,4,3,5,18,95.0
2021-05-21,3,ICU,30,28,7,4,4,18,95.0
2021-05-22,3,ICU,30,28,5,8,5,15,95.0
2021-05-23,3,ICU,30,27,4,3,6,18,93.01
2021-05-24,3,ICU,30,28,2,5,3,17,95.0
2021-05-25,3,ICU,30,28,3,2,6,15,95.0
2021-05-26,3,ICU,30,28,3,4,2,20,95.0
2021-05-27,3,ICU,30,28,3,4,5,15,95.0
2021-05-28,3,ICU,30,28,3,6,3,16,95.0
2021-05-29,3,ICU,30,25,5,3,4,17,85.72
2021-05-30,3,ICU,30,25,4,6,4,17,83.91
2021-05-31,3,ICU,30,28,4,5,4,18,95.0
2021-06-01,3,ICU,30,28,4,6,4,16,95.0
2021-06-02,3,ICU,30,26,4,6,3,18,88.87
2021-06-03,3,ICU,30,28,5,9,4,16,95.0
2021-06-04,3,ICU,30,28,2,3,3,18,95.0
2021-06-05,3,ICU,30,26,3,11,5,20,88.08
2021-06-06,3,ICU,30,25,5,6,7,15,83.42
2021-06-07,3,ICU,30,28,2,6,4,14,93.81
2021-06-08,3,ICU,30,28,4,7,4,16,95.0
2021-06-09,3,ICU,30,26,7,2,3,14,87.36
2021-06-10,3,ICU,30,28,9,5,4,16,95.0
2021-06-11,3,ICU,30,28,5,3,5,17,95.0
2021-06-12,3,ICU,30,23,2,3,4,16,79.77
2021-06-13,3,ICU,30,25,2,7,5,15,83.52
2021-06-14,3,ICU,30,28,4,4,4,15,95.0
2021-06-15,3,ICU,30,28,2,9,4,16,95.0
2021-06-16,3,ICU,30,28,4,3,4,16,95.0
2021-06-17,3,ICU,30,28,3,2,4,17,95.0
2021-06-18,3,ICU,30,28,6,3,3,18,95.0
2021-06-19,3,ICU,30,24,4,5,4,13,80.33
2021-06-20,3,ICU,30,25,7,3,3,15,84.72
2021-06-21,3,ICU,30,28,4,3,5,16,95.0
2021-06-22,3,ICU,30,28,5,4,4,13,94.22
2021-06-23,3,ICU,30,28,1,6,5,19,93.67
2021-06-24,3,ICU,30,28,7,7,5,17,95.0
2021-06-25,3,ICU,30,28,3,3,5,17,95.0
2021-06-26,3,ICU,30,24,3,8,4,16,83.04
2021-06-27,3,ICU,30,25,9,4,5,15,85.0
2021-06-28,3,ICU,30,28,6,5,5,18,95.0
2021-06-29,3,ICU,30,28,5,2,5,19,95.0
2021-06-30,3,ICU,30,28,7,1,3,22,95.0
2021-07-01,3,ICU,30,27,3,9,4,21,90.07
2021-07-02,3,ICU,30,27,6,3,6,18,90.9
2021-07-03,3,ICU,30,20,2,5,3,16,69.46
2021-07-04,3,ICU,30,23,3,4,5,16,79.81
2021-07-05,3,ICU,30,28,5,2,6,19,95.0
2021-07-06,3,ICU,30,28,5,4,4,17,95.0
2021-07-07,3,ICU,30,27,2,4,4,21,93.11
2021-07-08,3,ICU,30,28,3,5,3,17,94.85
2021-07-09,3,ICU,30,28,2,0,5,17,95.0
2021-07-10,3,ICU,30,22,8,3,4,16,76.66
2021-07-11,3,ICU,30,21,4,3,3,15,73.06
2021-07-12,3,ICU,30,25,2,3,4,20,85.0
2021-07-13,3,ICU,30,28,5,2,5,20,95.0
2021-07-14,3,ICU,30,28,4,2,4,20,95.0
2021-07-15,3,ICU,30,28,4,1,3,16,93.98
2021-07-16,3,ICU,30,28,3,6,5,18,93.72
2021-07-17,3,ICU,30,23,5,3,5,19,79.1
2021-07-18,3,ICU,30,24,9,7,5,16,81.4
2021-07-19,3,ICU,30,28,3,2,4,20,95.0
2021-07-20,3,ICU,30,28,6,7,4,17,95.0
2021-07-21,3,ICU,30,25,8,2,5,16,84.57
2021-07-22,3,ICU,30,28,0,6,5,16,95.0
2021-07-23,3,ICU,30,27,5,3,4,19,91.39
2021-07-24,3,ICU,30,25,5,2,4,15,84.42
2021-07-25,3,ICU,30,24,4,3,5,13,81.26
2021-07-26,3,ICU,30,25,5,5,5,13,84.83
2021-07-27,3,ICU,30,28,2,7,4,17,95.0
2021-07-28,3,ICU,30,28,6,4,4,22,95.0
2021-07-29,3,ICU,30,26,5,2,6,17,88.82
2021-07-30,3,ICU,30,27,4,2,5,18,91.04
2021-07-31,3,ICU,30,25,3,4,5,19,85.81
2021-08-01,3,ICU,30,23,7,7,4,17,76.89
2021-08-02,3,ICU,30,28,10,1,4,21,95.0
2021-08-03,3,ICU,30,25,8,2,4,17,86.38
2021-08-04,3,ICU,30,28,6,4,4,15,95.0
2021-08-05,3,ICU,30,26,4,5,3,15,89.54
2021-08-06,3,ICU,30,23,5,1,5,12,79.36
2021-08-07,3,ICU,30,20,4,4,5,13,67.92
2021-08-08,3,ICU,30,22,10,5,5,20,75.02
2021-08-09,3,ICU,30,26,1,2,5,13,88.16
2021-08-10,3,ICU,30,28,6,5,6,14,93.92
2021-08-11,3,ICU,30,25,5,2,4,19,86.59
2021-08-12,3,ICU,30,25,3,3,5,15,86.43
2021-08-13,3,ICU,30,24,5,5,3,19,82.46
2021-08-14,3,ICU,30,22,3,6,6,15,73.43
2021-08-15,3,ICU,30,22,1,4,5,16,76.33
2021-08-16,3,ICU,30,26,4,3,5,11,89.98
2021-08-17,3,ICU,30,24,2,4,6,16,80.45
2021-08-18,3,ICU,30,23,6,5,5,18,79.73
2021-08-19,3,ICU,30,25,5,3,7,21,84.81
2021-08-20,3,ICU,30,26,7,3,3,18,87.72
2021-08-21,3,ICU,30,23,4,3,5,17,77.25
2021-08-22,3,ICU,30,23,7,5,4,15,78.17
2021-08-23,3,ICU,30,25,5,4,6,15,83.36
2021-08-24,3,ICU,30,27,3,1,4,18,92.33
2021-08-25,3,ICU,30,26,4,3,5,19,87.12
2021-08-26,3,ICU,30,25,3,5,6,14,85.7
2021-08-27,3,ICU,30,26,2,6,4,13,87.37
2021-08-28,3,ICU,30,21,2,5,6,18,70.66
2021-08-29,3,ICU,30,20,4,3,3,16,68.03
2021-08-30,3,ICU,30,24,2,3,5,17,82.48
2021-08-31,3,ICU,30,25,6,3,5,19,86.44
2021-09-01,3,ICU,30,25,2,4,3,20,86.47
2021-09-02,3,ICU,30,26,3,2,3,13,86.83
2021-09-03,3,ICU,30,24,7,2,5,16,82.64
2021-09-04,3,ICU,30,21,3,2,4,16,70.85
2021-09-05,3,ICU,30,21,2,5,6,17,71.05
2021-09-06,3,ICU,30,24,5,4,4,15,82.3
2021-09-07,3,ICU,30,28,2,3,3,17,95.0
2021-09-08,3,ICU,30,28,6,3,4,21,95.0
2021-09-09,3,ICU,30,24,3,4,4,19,82.13
2021-09-10,3,ICU,30,24,3,4,4,15,81.04
2021-09-11,3,ICU,30,18,7,4,6,15,63.02
2021-09-12,3,ICU,30,25,4,6,2,15,85.83
2021-09-13,3,ICU,30,26,5,3,5,13,89.64
2021-09-14,3,ICU,30,23,3,6,5,14,79.68
2021-09-15,3,ICU,30,26,8,7,4,13,86.75
2021-09-16,3,ICU,30,24,6,5,6,18,82.21
2021-09-17,3,ICU,30,26,9,1,4,15,89.48
2021-09-18,3,ICU,30,21,4,4,3,15,71.33
2021-09-19,3,ICU,30,22,4,5,4,17,74.94
2021-09-20,3,ICU,30,25,6,4,6,16,85.8
2021-09-21,3,ICU,30,27,5,3,6,14,90.07
2021-09-22,3,ICU,30,26,7,2,5,17,88.17
2021-09-23,3,ICU,30,27,7,2,5,14,90.27
2021-09-24,3,ICU,30,27,3,4,2,18,90.47
2021-09-25,3,ICU,30,20,3,4,6,15,69.47
2021-09-26,3,ICU,30,22,7,7,4,15,75.44
2021-09-27,3,ICU,30,26,8,2,4,16,88.13
2021-09-28,3,ICU,30,25,4,3,4,15,84.33
2021-09-29,3,ICU,30,25,4,2,6,20,84.81
2021-09-30,3,ICU,30,24,4,4,5,18,81.25
2021-10-01,3,ICU,30,26,5,3,4,21,87.19
2021-10-02,3,ICU,30,21,6,5,5,16,71.0
2021-10-03,3,ICU,30,20,2,2,5,14,68.06
2021-10-04,3,ICU,30,26,11,5,5,17,86.68
2021-10-05,3,ICU,30,27,2,3,3,20,91.67
2021-10-06,3,ICU,30,26,3,3,5,17,88.39
2021-10-07,3,ICU,30,27,4,4,2,15,90.14
2021-10-08,3,ICU,30,27,3,3,4,14,90.24
2021-10-09,3,ICU,30,18,2,4,4,14,63.11
2021-10-10,3,ICU,30,23,7,1,3,16,76.84
2021-10-11,3,ICU,30,26,4,2,4,17,89.94
2021-10-12,3,ICU,30,28,7,3,5,14,93.77
2021-10-13,3,ICU,30,24,4,5,4,16,80.58
2021-10-14,3,ICU,30,22,7,8,6,13,75.42
2021-10-15,3,ICU,30,27,6,7,3,19,92.6
2021-10-16,3,ICU,30,19,4,2,4,14,63.4
2021-10-17,3,ICU,30,23,2,4,5,16,78.0
2021-10-18,3,ICU,30,27,3,4,4,20,91.47
2021-10-19,3,ICU,30,25,6,4,5,14,84.45
2021-10-20,3,ICU,30,24,12,5,3,20,82.56
2021-10-21,3,ICU,30,24,2,1,5,15,81.06
2021-10-22,3,ICU,30,23,5,7,5,12,77.72
2021-10-23,3,ICU,30,18,3,3,5,15,63.14
2021-10-24,3,ICU,30,22,5,4,3,15,75.18
2021-10-25,3,ICU,30,26,3,6,7,15,89.06
2021-10-26,3,ICU,30,24,5,3,3,16,82.7
2021-10-27,3,ICU,30,25,5,7,5,22,83.88
2021-10-28,3,ICU,30,20,2,5,5,15,68.1
2021-10-29,3,ICU,30,26,5,2,3,16,88.4
2021-10-30,3,ICU,30,23,8,3,5,16,77.46
2021-10-31,3,ICU,30,24,4,1,5,11,80.56
2021-11-01,3,ICU,30,27,4,4,4,21,90.64
2021-11-02,3,ICU,30,26,3,3,4,19,88.69
2021-11-03,3,ICU,30,23,3,6,5,18,78.19
2021-11-04,3,ICU,30,28,5,2,3,18,93.76
2021-11-05,3,ICU,30,26,4,4,4,16,87.86
2021-11-06,3,ICU,30,22,3,5,6,16,76.3
2021-11-07,3,ICU,30,21,7,4,5,19,70.42
2021-11-08,3,ICU,30,28,5,8,6,19,95.0
2021-11-09,3,ICU,30,25,4,4,5,18,86.22
2021-11-10,3,ICU,30,26,4,3,3,18,87.54
2021-11-11,3,ICU,30,27,2,3,5,19,92.33
2021-11-12,3,ICU,30,28,3,3,7,14,95.0
2021-11-13,3,ICU,30,21,8,4,5,17,72.69
2021-11-14,3,ICU,30,21,4,5,5,14,72.31
2021-11-15,3,ICU,30,27,4,6,5,16,91.32
2021-11-16,3,ICU,30,27,8,3,3,21,93.1
2021-11-17,3,ICU,30,26,6,3,4,16,86.84
2021-11-18,3,ICU,30,25,5,4,5,15,86.18
2021-11-19,3,ICU,30,27,4,0,4,17,90.17
2021-11-20,3,ICU,30,23,4,3,5,15,78.83
2021-11-21,3,ICU,30,23,3,3,5,20,78.48
2021-11-22,3,ICU,30,28,2,1,4,20,94.77
2021-11-23,3,ICU,30,23,4,5,3,18,78.62
2021-11-24,3,ICU,30,28,6,2,5,18,95.0
2021-11-25,3,ICU,30,28,1,6,5,21,93.45
2021-11-26,3,ICU,30,26,6,4,3,25,88.24
2021-11-27,3,ICU,30,23,5,6,4,19,76.94
2021-11-28,3,ICU,30,22,7,3,5,18,74.91
2021-11-29,3,ICU,30,27,8,3,5,17,91.13
2021-11-30,3,ICU,30,28,8,1,3,16,94.99
2021-12-01,3,ICU,30,28,5,7,3,19,95.0
2021-12-02,3,ICU,30,28,4,2,3,17,94.95
2021-12-03,3,ICU,30,28,6,5,3,18,95.0
2021-12-04,3,ICU,30,27,3,5,5,22,91.87
2021-12-05,3,ICU,30,22,3,8,4,17,75.25
2021-12-06,3,ICU,30,28,5,6,5,19,95.0
2021-12-07,3,ICU,30,28,6,2,4,16,94.6
2021-12-08,3,ICU,30,27,3,2,6,21,93.29
2021-12-09,3,ICU,30,28,6,7,4,17,95.0
2021-12-10,3,ICU,30,28,2,3,3,11,95.0
2021-12-11,3,ICU,30,25,5,4,5,17,85.86
2021-12-12,3,ICU,30,26,5,7,6,17,88.79
2021-12-13,3,ICU,30,28,9,5,5,15,95.0
2021-12-14,3,ICU,30,28,4,3,5,19,95.0
2021-12-15,3,ICU,30,28,7,6,4,15,95.0
2021-12-16,3,ICU,30,28,7,5,4,16,95.0
2021-12-17,3,ICU,30,28,4,1,4,17,95.0
2021-12-18,3,ICU,30,27,4,2,4,21,90.9
2021-12-19,3,ICU,30,26,6,1,3,17,88.69
2021-12-20,3,ICU,30,28,6,4,5,18,95.0
2021-12-21,3,ICU,30,28,6,2,4,18,95.0
2021-12-22,3,ICU,30,28,3,2,7,19,95.0
2021-12-23,3,ICU,30,27,3,9,4,17,92.32
2021-12-24,3,ICU,30,28,5,4,5,17,95.0
2021-12-25,3,ICU,30,24,4,3,3,18,80.4
2021-12-26,3,ICU,30,24,4,6,5,19,81.13
2021-12-27,3,ICU,30,28,2,3,4,18,95.0
2021-12-28,3,ICU,30,28,4,2,5,16,95.0
2021-12-29,3,ICU,30,28,6,4,4,19,95.0
2021-12-30,3,ICU,30,28,5,6,4,15,95.0
2021-12-31,3,ICU,30,28,8,3,3,20,95.0
2022-01-01,3,ICU,30,19,8,2,5,16,65.08
2022-01-02,3,ICU,30,22,8,5,6,17,76.43
2022-01-03,3,ICU,30,25,2,8,6,14,86.6
2022-01-04,3,ICU,30,26,3,2,4,15,88.32
2022-01-05,3,ICU,30,24,6,3,6,11,81.91
2022-01-06,3,ICU,30,28,10,1,6,18,94.09
2022-01-07,3,ICU,30,26,6,4,4,14,89.39
2022-01-08,3,ICU,30,23,5,2,5,15,76.74
2022-01-09,3,ICU,30,20,4,8,4,18,68.81
2022-01-10,3,ICU,30,25,2,2,5,15,85.09
2022-01-11,3,ICU,30,26,6,2,4,20,86.82
2022-01-12,3,ICU,30,27,5,4,6,18,91.38
2022-01-13,3,ICU,30,25,6,5,4,18,85.28
2022-01-14,3,ICU,30,27,3,6,5,19,90.52
2022-01-15,3,ICU,30,20,2,7,5,17,68.99
2022-01-16,3,ICU,30,21,5,6,5,16,72.38
2022-01-17,3,ICU,30,22,3,7,5,16,74.9
2022-01-18,3,ICU,30,26,6,4,4,18,87.41
2022-01-19,3,ICU,30,23,6,3,6,14,76.89
2022-01-20,3,ICU,30,27,5,8,3,16,92.61
2022-01-21,3,ICU,30,24,7,4,4,18,82.62
2022-01-22,3,ICU,30,18,2,1,4,13,62.51
2022-01-23,3,ICU,30,21,1,5,5,17,71.74
2022-01-24,3,ICU,30,26,6,4,5,19,86.68
2022-01-25,3,ICU,30,25,4,3,4,19,85.11
2022-01-26,3,ICU,30,27,4,3,4,17,92.18
2022-01-27,3,ICU,30,28,4,1,4,16,95.0
2022-01-28,3,ICU,30,26,5,4,5,15,87.63
2022-01-29,3,ICU,30,17,3,5,4,11,58.02
2022-01-30,3,ICU,30,21,5,2,5,14,71.54
2022-01-31,3,ICU,30,25,5,7,6,16,86.5
2022-02-01,3,ICU,30,28,1,3,6,21,95.0
2022-02-02,3,ICU,30,25,4,2,3,16,86.06
2022-02-03,3,ICU,30,24,2,4,6,18,81.75
2022-02-04,3,ICU,30,26,11,4,4,18,89.0
2022-02-05,3,ICU,30,20,5,4,3,16,69.55
2022-02-06,3,ICU,30,22,6,2,3,16,76.2
2022-02-07,3,ICU,30,28,3,2,4,20,95.0
2022-02-08,3,ICU,30,26,6,3,4,17,89.96
2022-02-09,3,ICU,30,27,8,5,5,13,93.01
2022-02-10,3,ICU,30,28,6,5,3,16,93.49
2022-02-11,3,ICU,30,28,4,3,4,20,94.31
2022-02-12,3,ICU,30,23,4,3,3,15,78.45
2022-02-13,3,ICU,30,20,5,2,5,14,69.83
2022-02-14,3,ICU,30,28,2,3,4,18,95.0
2022-02-15,3,ICU,30,26,7,2,4,16,89.65
2022-02-16,3,ICU,30,28,8,3,5,15,93.76
2022-02-17,3,ICU,30,28,2,2,3,17,95.0
2022-02-18,3,ICU,30,28,3,6,4,17,94.65
2022-02-19,3,ICU,30,23,5,10,5,15,79.52
2022-02-20,3,ICU,30,21,3,3,4,14,73.3
2022-02-21,3,ICU,30,28,4,1,4,18,95.0
2022-02-22,3,ICU,30,28,3,7,4,18,95.0
2022-02-23,3,ICU,30,28,2,2,4,17,95.0
2022-02-24,3,ICU,30,27,7,6,4,16,91.02
2022-02-25,3,ICU,30,27,5,5,3,17,90.01
2022-02-26,3,ICU,30,25,4,11,5,16,84.55
2022-02-27,3,ICU,30,24,5,5,4,18,81.5
2022-02-28,3,ICU,30,27,2,3,6,19,91.08
2022-03-01,3,ICU,30,28,1,4,4,16,95.0
2022-03-02,3,ICU,30,28,7,3,5,16,95.0
2022-03-03,3,ICU,30,28,5,8,4,14,95.0
2022-03-04,3,ICU,30,28,6,7,5,16,95.0
2022-03-05,3,ICU,30,25,4,5,5,18,86.37
2022-03-06,3,ICU,30,22,4,3,5,14,75.18
2022-03-07,3,ICU,30,28,6,3,7,17,93.83
2022-03-08,3,ICU,30,28,7,4,4,17,95.0
2022-03-09,3,ICU,30,28,4,6,5,19,95.0
2022-03-10,3,ICU,30,28,3,3,5,19,93.62
2022-03-11,3,ICU,30,28,3,5,5,17,95.0
2022-03-12,3,ICU,30,22,2,4,3,15,75.2
2022-03-13,3,ICU,30,26,2,6,4,16,88.3
2022-03-14,3,ICU,30,28,4,7,4,18,95.0
2022-03-15,3,ICU,30,25,3,4,3,12,85.1
2022-03-16,3,ICU,30,28,4,5,3,17,95.0
2022-03-17,3,ICU,30,28,6,5,5,17,94.92
2022-03-18,3,ICU,30,28,7,2,5,19,95.0
2022-03-19,3,ICU,30,24,4,3,5,17,80.68
2022-03-20,3,ICU,30,25,3,3,4,14,85.1
2022-03-21,3,ICU,30,28,2,3,4,16,95.0
2022-03-22,3,ICU,30,28,7,0,3,20,95.0
2022-03-23,3,ICU,30,27,8,2,6,17,92.7
2022-03-24,3,ICU,30,27,7,5,4,17,90.79
2022-03-25,3,ICU,30,27,2,2,3,16,93.33
2022-03-26,3,ICU,30,25,7,3,4,17,85.39
2022-03-27,3,ICU,30,24,4,6,4,20,80.38
2022-03-28,3,ICU,30,27,6,7,3,22,92.07
2022-03-29,3,ICU,30,27,4,6,4,17,91.51
2022-03-30,3,ICU,30,27,2,8,5,15,92.8
2022-03-31,3,ICU,30,28,4,4,6,17,94.05
2022-04-01,3,ICU,30,27,3,7,5,16,91.32
2022-04-02,3,ICU,30,23,5,8,6,14,79.57
2022-04-03,3,ICU,30,25,3,6,7,21,84.42
2022-04-04,3,ICU,30,28,6,5,4,20,95.0
2022-04-05,3,ICU,30,25,5,3,4,19,84.91
2022-04-06,3,ICU,30,27,4,3,5,19,90.76
2022-04-07,3,ICU,30,27,3,2,4,12,92.44
2022-04-08,3,ICU,30,26,7,5,5,13,86.98
2022-04-09,3,ICU,30,23,4,4,3,14,77.82
2022-04-10,3,ICU,30,24,5,4,5,16,82.14
2022-04-11,3,ICU,30,28,5,3,4,18,94.23
2022-04-12,3,ICU,30,28,6,5,3,19,95.0
2022-04-13,3,ICU,30,27,4,4,4,18,91.55
2022-04-14,3,ICU,30,28,4,4,5,15,95.0
2022-04-15,3,ICU,30,28,1,3,4,19,95.0
2022-04-16,3,ICU,30,23,3,4,5,17,78.04
2022-04-17,3,ICU,30,20,6,4,5,15,68.2
2022-04-18,3,ICU,30,27,3,5,6,23,93.21
2022-04-19,3,ICU,30,25,5,4,6,20,86.21
2022-04-20,3,ICU,30,27,4,5,5,17,91.27
2022-04-21,3,ICU,30,28,5,4,3,15,94.18
2022-04-22,3,ICU,30,25,5,2,4,18,84.41
2022-04-23,3,ICU,30,21,4,3,2,16,70.02
2022-04-24,3,ICU,30,23,5,4,5,14,77.37
2022-04-25,3,ICU,30,28,5,2,3,15,93.42
2022-04-26,3,ICU,30,28,1,8,6,16,95.0
2022-04-27,3,ICU,30,28,6,3,6,17,94.57
2022-04-28,3,ICU,30,27,5,5,4,15,90.15
2022-04-29,3,ICU,30,28,6,0,5,19,94.48
2022-04-30,3,ICU,30,21,6,4,3,16,70.02
2022-05-01,3,ICU,30,22,4,5,6,16,75.43
2022-05-02,3,ICU,30,23,8,2,4,15,79.8
2022-05-03,3,ICU,30,27,2,2,4,17,92.12
2022-05-04,3,ICU,30,24,5,2,4,17,82.57
2022-05-05,3,ICU,30,27,5,4,4,18,92.01
2022-05-06,3,ICU,30,24,4,5,5,21,82.56
2022-05-07,3,ICU,30,21,2,3,5,12,72.92
2022-05-08,3,ICU,30,18,5,3,5,15,63.1
2022-05-09,3,ICU,30,25,4,7,4,16,86.6
2022-05-10,3,ICU,30,23,3,3,5,18,79.31
2022-05-11,3,ICU,30,28,2,2,5,18,94.4
2022-05-12,3,ICU,30,28,9,6,4,14,93.63
2022-05-13,3,ICU,30,25,3,4,5,18,84.06
2022-05-14,3,ICU,30,21,5,5,4,16,72.27
2022-05-15,3,ICU,30,23,3,5,5,13,77.45
2022-05-16,3,ICU,30,28,6,2,6,14,94.2
2022-05-17,3,ICU,30,28,4,5,4,17,94.64
2022-05-18,3,ICU,30,25,6,1,6,19,83.87
2022-05-19,3,ICU,30,25,5,5,5,18,83.85
2022-05-20,3,ICU,30,28,4,6,5,15,95.0
2022-05-21,3,ICU,30,22,5,4,2,12,74.94
2022-05-22,3,ICU,30,23,2,5,5,16,77.97
2022-05-23,3,ICU,30,25,7,3,6,17,85.25
2022-05-24,3,ICU,30,25,7,6,5,16,84.28
2022-05-25,3,ICU,30,25,6,4,4,13,85.01
2022-05-26,3,ICU,30,25,5,6,5,14,84.16
2022-05-27,3,ICU,30,25,3,4,6,16,84.3
2022-05-28,3,ICU,30,21,3,3,4,10,70.96
2022-05-29,3,ICU,30,21,1,7,5,17,71.3
2022-05-30,3,ICU,30,25,4,5,6,17,84.35
2022-05-31,3,ICU,30,28,2,5,5,16,95.0
2022-06-01,3,ICU,30,24,5,3,6,14,82.68
2022-06-02,3,ICU,30,21,3,6,3,15,70.51
2022-06-03,3,ICU,30,22,7,2,3,16,74.15
2022-06-04,3,ICU,30,17,5,4,3,16,58.36
2022-06-05,3,ICU,30,18,7,4,6,13,62.27
2022-06-06,3,ICU,30,23,1,3,5,17,78.87
2022-06-07,3,ICU,30,23,1,3,4,16,77.6
2022-06-08,3,ICU,30,23,7,3,3,16,77.82
2022-06-09,3,ICU,30,25,4,1,4,15,84.69
2022-06-10,3,ICU,30,23,4,12,3,15,79.84
2022-06-11,3,ICU,30,22,6,7,4,18,76.28
2022-06-12,3,ICU,30,18,3,3,3,18,61.84
2022-06-13,3,ICU,30,22,8,7,3,14,75.97
2022-06-14,3,ICU,30,24,10,4,4,16,82.57
2022-06-15,3,ICU,30,25,7,4,6,13,84.53
2022-06-16,3,ICU,30,22,3,6,5,16,75.3
2022-06-17,3,ICU,30,25,5,4,5,15,83.89
2022-06-18,3,ICU,30,19,7,1,4,16,64.57
2022-06-19,3,ICU,30,18,6,3,4,15,63.27
2022-06-20,3,ICU,30,26,4,4,4,18,86.8
2022-06-21,3,ICU,30,23,1,5,4,17,78.7
2022-06-22,3,ICU,30,22,6,1,5,15,74.35
2022-06-23,3,ICU,30,22,4,2,5,18,74.52
2022-06-24,3,ICU,30,23,2,8,4,16,77.93
2022-06-25,3,ICU,30,19,2,4,4,15,63.65
2022-06-26,3,ICU,30,17,5,2,7,11,58.38
2022-06-27,3,ICU,30,25,7,8,4,19,83.84
2022-06-28,3,ICU,30,23,2,6,6,17,79.39
2022-06-29,3,ICU,30,22,6,2,3,18,73.67
2022-06-30,3,ICU,30,21,4,4,5,15,70.08
2022-07-01,3,ICU,30,21,1,2,6,17,71.42
2022-07-02,3,ICU,30,20,6,4,5,17,67.84
2022-07-03,3,ICU,30,17,7,3,5,15,57.49
2022-07-04,3,ICU,30,22,3,4,5,15,73.4
2022-07-05,3,ICU,30,21,5,4,3,18,72.61
2022-07-06,3,ICU,30,22,2,0,5,14,75.16
2022-07-07,3,ICU,30,21,4,3,4,19,72.62
2022-07-08,3,ICU,30,20,6,3,3,16,69.92
2022-07-09,3,ICU,30,15,7,5,5,14,51.24
2022-07-10,3,ICU,30,16,2,9,6,11,56.06
2022-07-11,3,ICU,30,19,3,3,6,17,64.53
2022-07-12,3,ICU,30,22,2,6,3,20,75.27
2022-07-13,3,ICU,30,21,4,6,5,15,71.99
2022-07-14,3,ICU,30,22,3,3,4,18,73.35
2022-07-15,3,ICU,30,22,3,3,3,17,74.45
2022-07-16,3,ICU,30,15,6,6,4,14,51.55
2022-07-17,3,ICU,30,15,6,4,4,12,50.73
2022-07-18,3,ICU,30,24,6,4,4,13,82.89
2022-07-19,3,ICU,30,23,6,5,5,17,78.38
2022-07-20,3,ICU,30,22,3,1,5,18,73.54
2022-07-21,3,ICU,30,21,1,6,6,16,70.97
2022-07-22,3,ICU,30,19,3,6,3,15,66.26
2022-07-23,3,ICU,30,17,2,7,6,19,59.37
2022-07-24,3,ICU,30,16,2,6,5,12,55.22
2022-07-25,3,ICU,30,22,3,5,6,16,75.85
2022-07-26,3,ICU,30,20,3,5,6,12,67.25
2022-07-27,3,ICU,30,23,5,3,7,17,78.28
2022-07-28,3,ICU,30,22,5,1,5,17,76.37
2022-07-29,3,ICU,30,22,3,4,4,16,73.5
2022-07-30,3,ICU,30,18,3,4,4,17,63.33
2022-07-31,3,ICU,30,18,5,3,5,15,61.63
2022-08-01,3,ICU,30,19,5,5,5,15,64.45
2022-08-02,3,ICU,30,20,6,3,5,22,69.23
2022-08-03,3,ICU,30,21,8,1,5,16,71.67
2022-08-04,3,ICU,30,19,5,3,5,13,65.53
2022-08-05,3,ICU,30,18,4,5,6,17,61.56
2022-08-06,3,ICU,30,17,10,4,5,14,56.73
2022-08-07,3,ICU,30,17,4,5,4,14,56.91
2022-08-08,3,ICU,30,19,4,4,5,17,63.75
2022-08-09,3,ICU,30,21,6,2,5,17,70.32
2022-08-10,3,ICU,30,19,7,2,5,16,63.45
2022-08-11,3,ICU,30,18,5,4,4,13,62.06
2022-08-12,3,ICU,30,22,6,4,6,16,73.39
2022-08-13,3,ICU,30,14,3,6,3,11,49.2
2022-08-14,3,ICU,30,16,5,5,6,14,56.59
2022-08-15,3,ICU,30,18,4,6,4,13,61.01
2022-08-16,3,ICU,30,18,3,2,5,15,60.34
2022-08-17,3,ICU,30,19,4,7,3,11,64.33
2022-08-18,3,ICU,30,20,6,4,3,13,69.21
2022-08-19,3,ICU,30,18,2,4,4,17,60.81
2022-08-20,3,ICU,30,14,3,8,4,12,47.37
2022-08-21,3,ICU,30,16,4,3,3,17,54.92
2022-08-22,3,ICU,30,18,6,6,6,14,60.53
2022-08-23,3,ICU,30,20,4,4,6,15,66.98
2022-08-24,3,ICU,30,19,3,9,4,18,64.4
2022-08-25,3,ICU,30,18,4,5,5,14,60.08
2022-08-26,3,ICU,30,18,4,7,4,13,61.43
2022-08-27,3,ICU,30,14,1,2,3,14,49.44
2022-08-28,3,ICU,30,15,4,3,2,13,52.9
2022-08-29,3,ICU,30,20,6,3,4,16,67.23
2022-08-30,3,ICU,30,20,3,2,3,14,68.45
2022-08-31,3,ICU,30,22,5,4,5,19,74.71
2022-09-01,3,ICU,30,17,2,3,4,14,58.7
2022-09-02,3,ICU,30,17,5,3,5,17,59.6
2022-09-03,3,ICU,30,15,4,2,5,12,52.48
2022-09-04,3,ICU,30,15,7,5,5,15,51.73
2022-09-05,3,ICU,30,16,3,3,4,18,54.28
2022-09-06,3,ICU,30,19,4,3,5,17,63.36
2022-09-07,3,ICU,30,21,5,5,5,16,70.02
2022-09-08,3,ICU,30,20,3,3,4,17,68.87
2022-09-09,3,ICU,30,19,2,4,4,15,64.9
2022-09-10,3,ICU,30,17,2,7,4,11,56.86
2022-09-11,3,ICU,30,17,3,6,5,13,57.36
2022-09-12,3,ICU,30,18,7,5,5,17,62.77
2022-09-13,3,ICU,30,19,5,6,2,15,64.82
2022-09-14,3,ICU,30,21,2,1,5,16,71.41
2022-09-15,3,ICU,30,19,7,3,4,15,64.02
2022-09-16,3,ICU,30,21,7,5,3,18,72.48
2022-09-17,3,ICU,30,15,3,5,5,13,51.85
2022-09-18,3,ICU,30,14,5,1,4,13,48.5
2022-09-19,3,ICU,30,18,5,2,5,16,62.82
2022-09-20,3,ICU,30,16,5,1,6,11,55.57
2022-09-21,3,ICU,30,21,5,4,5,17,72.02
2022-09-22,3,ICU,30,20,5,3,3,17,69.87
2022-09-23,3,ICU,30,18,5,1,4,16,60.44
2022-09-24,3,ICU,30,14,4,0,2,13,46.72
2022-09-25,3,ICU,30,17,5,3,6,16,59.35
2022-09-26,3,ICU,30,21,3,5,6,16,70.19
2022-09-27,3,ICU,30,20,3,7,4,14,67.19
2022-09-28,3,ICU,30,18,4,3,4,17,63.04
2022-09-29,3,ICU,30,20,2,3,3,17,69.05
2022-09-30,3,ICU,30,20,5,6,3,13,67.31
2022-10-01,3,ICU,30,15,3,5,5,17,51.87
2022-10-02,3,ICU,30,14,4,2,4,18,48.65
2022-10-03,3,ICU,30,19,2,2,6,13,65.26
2022-10-04,3,ICU,30,21,6,7,4,17,73.15
2022-10-05,3,ICU,30,19,8,5,6,15,66.62
2022-10-06,3,ICU,30,20,0,3,7,15,67.41
2022-10-07,3,ICU,30,18,5,2,5,16,63.0
2022-10-08,3,ICU,30,15,4,2,4,12,52.73
2022-10-09,3,ICU,30,15,4,2,4,14,53.08
2022-10-10,3,ICU,30,22,9,5,5,14,74.53
2022-10-11,3,ICU,30,20,3,5,4,14,67.17
2022-10-12,3,ICU,30,22,3,7,5,19,76.32
2022-10-13,3,ICU,30,20,6,8,3,15,69.34
2022-10-14,3,ICU,30,20,5,5,3,19,68.85
2022-10-15,3,ICU,30,16,6,2,2,15,54.72
2022-10-16,3,ICU,30,14,2,5,5,14,46.71
2022-10-17,3,ICU,30,18,1,3,4,15,61.74
2022-10-18,3,ICU,30,20,11,4,6,16,67.34
2022-10-19,3,ICU,30,21,5,9,5,14,70.33
2022-10-20,3,ICU,30,18,5,6,5,16,60.9
2022-10-21,3,ICU,30,21,10,3,4,15,71.68
2022-10-22,3,ICU,30,14,1,5,3,11,46.91
2022-10-23,3,ICU,30,17,4,2,5,13,58.36
2022-10-24,3,ICU,30,18,5,5,7,17,62.86
2022-10-25,3,ICU,30,24,3,2,4,15,80.51
2022-10-26,3,ICU,30,18,1,5,6,14,61.87
2022-10-27,3,ICU,30,20,8,2,5,16,69.87
2022-10-28,3,ICU,30,18,6,6,4,17,61.68
2022-10-29,3,ICU,30,15,2,5,3,15,51.61
2022-10-30,3,ICU,30,15,6,2,4,13,52.88
2022-10-31,3,ICU,30,19,2,6,6,16,65.79
2022-11-01,3,ICU,30,20,9,2,5,13,69.56
2022-11-02,3,ICU,30,23,3,5,5,17,78.28
2022-11-03,3,ICU,30,20,3,4,5,16,68.74
2022-11-04,3,ICU,30,21,4,5,6,15,70.79
2022-11-05,3,ICU,30,15,4,5,4,14,52.69
2022-11-06,3,ICU,30,18,3,3,4,16,61.09
2022-11-07,3,ICU,30,21,2,7,4,12,70.45
2022-11-08,3,ICU,30,21,3,3,5,11,70.58
2022-11-09,3,ICU,30,22,10,11,4,16,73.77
2022-11-10,3,ICU,30,21,4,5,6,17,71.71
2022-11-11,3,ICU,30,21,5,4,4,14,73.15
2022-11-12,3,ICU,30,18,4,3,3,15,60.63
2022-11-13,3,ICU,30,17,4,3,4,18,57.53
2022-11-14,3,ICU,30,21,7,2,4,19,72.6
2022-11-15,3,ICU,30,23,6,1,5,19,76.8
2022-11-16,3,ICU,30,19,4,8,6,16,64.66
2022-11-17,3,ICU,30,20,5,3,4,14,68.14
2022-11-18,3,ICU,30,20,4,5,5,12,68.32
2022-11-19,3,ICU,30,18,5,2,6,16,63.05
2022-11-20,3,ICU,30,17,2,3,4,16,56.77
2022-11-21,3,ICU,30,17,4,3,4,17,59.52
2022-11-22,3,ICU,30,23,2,2,3,18,77.62
2022-11-23,3,ICU,30,19,4,5,4,15,65.15
2022-11-24,3,ICU,30,22,8,6,6,16,75.3
2022-11-25,3,ICU,30,25,4,8,6,20,83.64
2022-11-26,3,ICU,30,17,2,2,5,16,58.7
2022-11-27,3,ICU,30,19,2,2,4,16,63.74
2022-11-28,3,ICU,30,20,6,4,6,15,66.9
2022-11-29,3,ICU,30,19,8,7,5,17,66.44
2022-11-30,3,ICU,30,22,7,3,3,20,76.43
2022-12-01,3,ICU,30,26,2,1,4,19,87.8
2022-12-02,3,ICU,30,24,6,7,7,15,81.0
2022-12-03,3,ICU,30,21,5,5,5,13,71.81
2022-12-04,3,ICU,30,19,6,4,4,15,65.34
2022-12-05,3,ICU,30,21,3,2,5,19,70.75
2022-12-06,3,ICU,30,23,5,2,3,16,79.79
2022-12-07,3,ICU,30,23,0,3,3,11,76.8
2022-12-08,3,ICU,30,21,2,5,6,13,72.14
2022-12-09,3,ICU,30,24,3,4,7,16,83.28
2022-12-10,3,ICU,30,18,7,3,6,16,61.16
2022-12-11,3,ICU,30,21,3,7,4,16,71.67
2022-12-12,3,ICU,30,21,5,2,3,15,72.78
2022-12-13,3,ICU,30,22,4,6,5,15,75.86
2022-12-14,3,ICU,30,23,10,2,7,15,77.24
2022-12-15,3,ICU,30,23,5,1,5,16,77.12
2022-12-16,3,ICU,30,24,2,3,6,13,80.77
2022-12-17,3,ICU,30,15,5,6,4,14,52.99
2022-12-18,3,ICU,30,18,0,6,4,18,60.27
2022-12-19,3,ICU,30,24,2,2,5,15,80.19
2022-12-20,3,ICU,30,23,3,7,3,18,79.52
2022-12-21,3,ICU,30,26,5,6,5,17,86.99
2022-12-22,3,ICU,30,25,4,4,4,17,83.52
2022-12-23,3,ICU,30,25,9,4,4,15,84.21
2022-12-24,3,ICU,30,21,6,5,6,16,71.17
2022-12-25,3,ICU,30,21,8,5,5,15,70.86
2022-12-26,3,ICU,30,23,2,1,3,15,78.09
2022-12-27,3,ICU,30,24,4,5,6,14,81.39
2022-12-28,3,ICU,30,25,1,1,6,20,83.59
2022-12-29,3,ICU,30,24,3,5,4,16,83.3
2022-12-30,3,ICU,30,22,10,2,3,17,74.44
2022-12-31,3,ICU,30,20,3,3,5,17,67.59
2023-01-01,3,ICU,30,22,5,3,4,18,75.31
2023-01-02,3,ICU,30,27,0,3,5,17,90.53
2023-01-03,3,ICU,30,25,5,5,5,15,85.7
2023-01-04,3,ICU,30,27,9,5,5,16,90.38
2023-01-05,3,ICU,30,25,6,1,5,19,86.1
2023-01-06,3,ICU,30,26,6,4,5,18,89.48
2023-01-07,3,ICU,30,22,7,4,4,14,75.89
2023-01-08,3,ICU,30,22,4,6,4,17,74.49
2023-01-09,3,ICU,30,27,5,0,3,13,91.77
2023-01-10,3,ICU,30,23,5,3,5,15,76.87
2023-01-11,3,ICU,30,24,3,3,5,18,82.11
2023-01-12,3,ICU,30,25,4,4,5,18,85.3
2023-01-13,3,ICU,30,26,7,3,4,18,86.92
2023-01-14,3,ICU,30,19,6,2,4,13,64.78
2023-01-15,3,ICU,30,22,6,3,4,17,74.39
2023-01-16,3,ICU,30,26,3,6,5,16,88.01
2023-01-17,3,ICU,30,27,4,8,4,15,91.57
2023-01-18,3,ICU,30,26,6,5,6,18,87.57
2023-01-19,3,ICU,30,26,7,2,3,14,88.47
2023-01-20,3,ICU,30,26,4,7,5,19,86.93
2023-01-21,3,ICU,30,24,7,4,3,18,80.54
2023-01-22,3,ICU,30,21,6,1,5,16,73.05
2023-01-23,3,ICU,30,24,2,3,2,17,81.69
2023-01-24,3,ICU,30,27,7,4,5,17,91.44
2023-01-25,3,ICU,30,24,2,3,5,18,82.96
2023-01-26,3,ICU,30,26,5,4,4,19,87.69
2023-01-27,3,ICU,30,26,7,6,2,14,89.75
2023-01-28,3,ICU,30,25,3,8,4,14,84.22
2023-01-29,3,ICU,30,20,1,6,4,15,69.6
2023-01-30,3,ICU,30,27,2,8,6,18,91.64
2023-01-31,3,ICU,30,23,5,4,4,14,77.89
2023-02-01,3,ICU,30,26,3,4,4,17,87.73
2023-02-02,3,ICU,30,25,3,6,5,19,86.11
2023-02-03,3,ICU,30,28,3,4,5,19,95.0
2023-02-04,3,ICU,30,21,1,2,4,18,72.16
2023-02-05,3,ICU,30,23,4,0,5,15,79.01
2023-02-06,3,ICU,30,25,6,7,4,16,83.67
2023-02-07,3,ICU,30,27,4,8,4,16,92.63
2023-02-08,3,ICU,30,28,4,3,5,16,95.0
2023-02-09,3,ICU,30,27,7,4,3,14,93.1
2023-02-10,3,ICU,30,28,6,6,3,17,95.0
2023-02-11,3,ICU,30,25,3,6,4,14,85.87
2023-02-12,3,ICU,30,24,5,3,5,17,82.28
2023-02-13,3,ICU,30,28,3,6,4,15,93.95
2023-02-14,3,ICU,30,24,3,6,4,17,81.64
2023-02-15,3,ICU,30,28,3,3,3,18,95.0
2023-02-16,3,ICU,30,28,2,5,4,22,95.0
2023-02-17,3,ICU,30,28,6,0,5,18,94.91
2023-02-18,3,ICU,30,20,3,3,4,13,69.35
2023-02-19,3,ICU,30,25,7,5,3,18,84.46
2023-02-20,3,ICU,30,27,7,6,3,21,91.79
2023-02-21,3,ICU,30,28,0,8,4,17,95.0
2023-02-22,3,ICU,30,28,5,3,5,21,94.62
2023-02-23,3,ICU,30,28,4,7,6,18,94.13
2023-02-24,3,ICU,30,28,4,7,7,16,95.0
2023-02-25,3,ICU,30,24,6,2,3,16,82.71
2023-02-26,3,ICU,30,27,5,5,3,15,91.03
2023-02-27,3,ICU,30,28,3,1,5,20,95.0
2023-02-28,3,ICU,30,27,8,5,6,15,92.01
2023-03-01,3,ICU,30,26,3,3,4,17,88.42
2023-03-02,3,ICU,30,28,9,7,5,17,95.0
2023-03-03,3,ICU,30,25,3,4,5,15,84.82
2023-03-04,3,ICU,30,21,4,5,4,16,72.98
2023-03-05,3,ICU,30,21,9,4,6,15,72.42
2023-03-06,3,ICU,30,28,4,7,5,20,93.73
2023-03-07,3,ICU,30,28,3,8,5,17,95.0
2023-03-08,3,ICU,30,28,6,4,6,17,95.0
2023-03-09,3,ICU,30,27,1,7,4,17,92.4
2023-03-10,3,ICU,30,28,4,4,6,20,95.0
2023-03-11,3,ICU,30,24,5,6,3,18,82.9
2023-03-12,3,ICU,30,23,2,6,3,15,76.98
2023-03-13,3,ICU,30,28,4,9,6,16,94.34
2023-03-14,3,ICU,30,28,4,6,6,20,95.0
2023-03-15,3,ICU,30,28,4,2,6,17,94.13
2023-03-16,3,ICU,30,28,5,8,5,15,95.0
2023-03-17,3,ICU,30,28,3,5,6,16,95.0
2023-03-18,3,ICU,30,22,3,6,4,17,74.67
2023-03-19,3,ICU,30,22,3,8,5,17,75.56
2023-03-20,3,ICU,30,28,1,3,5,18,95.0
2023-03-21,3,ICU,30,28,2,2,4,16,95.0
2023-03-22,3,ICU,30,28,3,3,4,19,93.73
2023-03-23,3,ICU,30,28,4,4,4,17,95.0
2023-03-24,3,ICU,30,27,6,8,5,17,93.32
2023-03-25,3,ICU,30,26,6,6,5,18,88.2
2023-03-26,3,ICU,30,25,4,2,4,13,86.14
2023-03-27,3,ICU,30,28,4,8,3,18,95.0
2023-03-28,3,ICU,30,27,3,4,6,15,91.27
2023-03-29,3,ICU,30,28,2,3,5,20,95.0
2023-03-30,3,ICU,30,27,6,2,6,16,90.4
2023-03-31,3,ICU,30,25,3,2,6,16,85.96
2023-04-01,3,ICU,30,22,6,3,6,14,75.15
2023-04-02,3,ICU,30,23,3,5,3,19,78.34
2023-04-03,3,ICU,30,25,4,2,3,13,85.92
2023-04-04,3,ICU,30,28,3,4,5,19,95.0
2023-04-05,3,ICU,30,28,7,7,5,20,95.0
2023-04-06,3,ICU,30,27,6,5,5,15,90.68
2023-04-07,3,ICU,30,27,3,5,6,16,91.04
2023-04-08,3,ICU,30,23,7,5,4,16,77.92
2023-04-09,3,ICU,30,21,3,6,3,14,71.49
2023-04-10,3,ICU,30,27,2,5,5,20,91.16
2023-04-11,3,ICU,30,27,8,4,5,14,91.98
2023-04-12,3,ICU,30,27,1,3,4,18,92.35
2023-04-13,3,ICU,30,28,4,6,4,16,93.74
2023-04-14,3,ICU,30,28,7,3,5,19,95.0
2023-04-15,3,ICU,30,25,11,1,6,17,83.34
2023-04-16,3,ICU,30,23,1,6,5,18,79.15
2023-04-17,3,ICU,30,28,5,2,3,19,95.0
2023-04-18,3,ICU,30,26,6,3,5,17,89.2
2023-04-19,3,ICU,30,26,5,4,5,18,89.39
2023-04-20,3,ICU,30,28,3,2,5,18,95.0
2023-04-21,3,ICU,30,27,5,4,4,19,91.74
2023-04-22,3,ICU,30,23,4,5,4,16,77.18
2023-04-23,3,ICU,30,23,2,2,5,17,76.76
2023-04-24,3,ICU,30,28,4,7,6,15,94.34
2023-04-25,3,ICU,30,25,4,6,4,21,86.29
2023-04-26,3,ICU,30,27,5,4,5,20,91.97
2023-04-27,3,ICU,30,26,5,3,6,19,87.64
2023-04-28,3,ICU,30,28,8,4,5,17,95.0
2023-04-29,3,ICU,30,22,3,2,5,17,73.86
2023-04-30,3,ICU,30,22,7,4,4,17,74.75
2023-05-01,3,ICU,30,28,4,3,5,13,93.38
2023-05-02,3,ICU,30,27,4,4,4,17,93.19
2023-05-03,3,ICU,30,27,5,5,7,17,91.92
2023-05-04,3,ICU,30,27,3,3,4,18,92.97
2023-05-05,3,ICU,30,26,4,7,4,16,89.97
2023-05-06,3,ICU,30,20,5,6,6,13,68.12
2023-05-07,3,ICU,30,21,9,2,6,17,72.34
2023-05-08,3,ICU,30,24,10,2,3,16,81.62
2023-05-09,3,ICU,30,27,8,2,4,17,91.16
2023-05-10,3,ICU,30,24,9,1,4,18,80.12
2023-05-11,3,ICU,30,24,3,2,5,21,80.45
2023-05-12,3,ICU,30,27,3,3,5,17,93.27
2023-05-13,3,ICU,30,22,2,2,6,16,74.4
2023-05-14,3,ICU,30,22,7,6,5,16,74.04
2023-05-15,3,ICU,30,28,6,3,4,15,93.52
2023-05-16,3,ICU,30,25,9,4,4,16,86.49
2023-05-17,3,ICU,30,26,4,4,4,14,88.62
2023-05-18,3,ICU,30,23,5,1,7,19,79.5
2023-05-19,3,ICU,30,24,3,2,4,16,81.09
2023-05-20,3,ICU,30,22,5,9,4,19,75.94
2023-05-21,3,ICU,30,22,1,4,4,16,73.89
2023-05-22,3,ICU,30,26,4,8,3,17,87.02
2023-05-23,3,ICU,30,28,3,4,4,15,95.0
2023-05-24,3,ICU,30,25,6,6,5,14,86.47
2023-05-25,3,ICU,30,27,7,2,4,14,91.51
2023-05-26,3,ICU,30,26,3,1,3,16,87.23
2023-05-27,3,ICU,30,24,5,1,5,19,82.31
2023-05-28,3,ICU,30,22,6,2,5,15,75.4
2023-05-29,3,ICU,30,25,4,2,3,20,85.53
2023-05-30,3,ICU,30,26,7,6,3,18,88.72
2023-05-31,3,ICU,30,25,3,0,5,19,85.2
2023-06-01,3,ICU,30,24,3,6,6,20,80.89
2023-06-02,3,ICU,30,24,3,7,3,16,82.82
2023-06-03,3,ICU,30,21,9,6,5,17,70.86
2023-06-04,3,ICU,30,18,1,4,4,18,61.87
2023-06-05,3,ICU,30,25,1,3,3,16,85.31
2023-06-06,3,ICU,30,24,6,5,4,19,80.82
2023-06-07,3,ICU,30,22,2,2,4,12,73.59
2023-06-08,3,ICU,30,23,7,5,3,17,77.67
2023-06-09,3,ICU,30,25,6,10,6,17,85.58
2023-06-10,3,ICU,30,19,4,3,6,14,64.29
2023-06-11,3,ICU,30,21,0,7,3,14,72.88
2023-06-12,3,ICU,30,23,4,3,4,18,78.07
2023-06-13,3,ICU,30,22,4,2,7,15,76.56
2023-06-14,3,ICU,30,21,5,6,5,12,70.88
2023-06-15,3,ICU,30,20,3,2,5,14,69.9
2023-06-16,3,ICU,30,25,4,3,7,18,84.47
2023-06-17,3,ICU,30,19,9,4,3,16,63.63
2023-06-18,3,ICU,30,20,5,0,5,16,67.74
2023-06-19,3,ICU,30,24,5,6,4,16,82.35
2023-06-20,3,ICU,30,22,4,2,6,16,76.26
2023-06-21,3,ICU,30,22,8,4,4,16,75.47
2023-06-22,3,ICU,30,23,2,3,4,13,79.7
2023-06-23,3,ICU,30,23,4,2,5,16,77.46
2023-06-24,3,ICU,30,18,4,4,3,14,61.46
2023-06-25,3,ICU,30,19,1,4,4,14,64.75
2023-06-26,3,ICU,30,25,3,5,3,14,84.3
2023-06-27,3,ICU,30,24,0,6,6,16,82.95
2023-06-28,3,ICU,30,24,5,2,4,17,82.1
2023-06-29,3,ICU,30,21,7,5,4,21,70.78
2023-06-30,3,ICU,30,25,2,4,4,17,86.41
2023-07-01,3,ICU,30,17,9,2,5,18,57.56
2023-07-02,3,ICU,30,19,1,4,5,17,63.89
2023-07-03,3,ICU,30,22,6,5,4,16,73.93
2023-07-04,3,ICU,30,21,4,2,3,17,70.7
2023-07-05,3,ICU,30,23,7,7,4,15,77.24
2023-07-06,3,ICU,30,22,4,3,7,16,74.71
2023-07-07,3,ICU,30,22,3,2,3,15,74.03
2023-07-08,3,ICU,30,16,5,4,4,13,54.85
2023-07-09,3,ICU,30,17,3,4,5,15,58.14
2023-07-10,3,ICU,30,19,8,4,5,15,65.25
2023-07-11,3,ICU,30,24,4,6,5,17,80.66
2023-07-12,3,ICU,30,24,5,3,5,15,80.96
2023-07-13,3,ICU,30,21,4,6,5,18,71.81
2023-07-14,3,ICU,30,21,2,4,4,12,71.64
2023-07-15,3,ICU,30,18,7,1,3,20,60.28
2023-07-16,3,ICU,30,17,3,3,4,15,57.46
2023-07-17,3,ICU,30,21,4,3,4,13,70.41
2023-07-18,3,ICU,30,25,1,5,4,18,83.73
2023-07-19,3,ICU,30,22,7,6,4,15,75.05
2023-07-20,3,ICU,30,24,4,7,6,18,81.28
2023-07-21,3,ICU,30,21,6,6,3,15,70.6
2023-07-22,3,ICU,30,15,3,3,7,14,51.88
2023-07-23,3,ICU,30,15,3,2,5,15,51.77
2023-07-24,3,ICU,30,21,1,3,4,14,70.52
2023-07-25,3,ICU,30,22,4,5,5,17,76.32
2023-07-26,3,ICU,30,18,4,5,5,11,61.79
2023-07-27,3,ICU,30,22,5,1,4,18,74.84
2023-07-28,3,ICU,30,22,5,5,6,18,74.15
2023-07-29,3,ICU,30,15,4,6,4,15,52.38
2023-07-30,3,ICU,30,17,4,3,3,12,57.83
2023-07-31,3,ICU,30,23,7,5,4,17,76.93
2023-08-01,3,ICU,30,19,2,6,6,19,66.56
2023-08-02,3,ICU,30,23,2,4,3,19,79.17
2023-08-03,3,ICU,30,18,6,6,5,16,61.06
2023-08-04,3,ICU,30,19,4,6,4,16,63.39
2023-08-05,3,ICU,30,15,5,5,5,17,51.41
2023-08-06,3,ICU,30,16,4,7,4,14,54.49
2023-08-07,3,ICU,30,19,7,6,3,13,64.75
2023-08-08,3,ICU,30,20,4,3,4,18,69.2
2023-08-09,3,ICU,30,17,4,7,5,13,58.39
2023-08-10,3,ICU,30,23,6,1,5,18,77.28
2023-08-11,3,ICU,30,18,4,6,4,14,61.08
2023-08-12,3,ICU,30,16,5,1,4,14,55.95
2023-08-13,3,ICU,30,17,1,3,5,16,58.58
2023-08-14,3,ICU,30,19,4,7,5,14,64.46
2023-08-15,3,ICU,30,19,8,7,4,15,65.56
2023-08-16,3,ICU,30,21,1,4,4,14,71.45
2023-08-17,3,ICU,30,18,7,4,6,18,62.52
2023-08-18,3,ICU,30,19,3,2,4,15,66.23
2023-08-19,3,ICU,30,14,6,2,5,13,47.08
2023-08-20,3,ICU,30,16,5,8,5,17,56.51
2023-08-21,3,ICU,30,19,3,1,3,19,66.52
2023-08-22,3,ICU,30,20,5,3,4,15,69.03
2023-08-23,3,ICU,30,17,5,3,5,12,58.04
2023-08-24,3,ICU,30,20,5,2,4,15,69.64
2023-08-25,3,ICU,30,18,2,4,3,17,63.02
2023-08-26,3,ICU,30,13,2,5,4,13,44.88
2023-08-27,3,ICU,30,15,6,7,5,14,50.23
2023-08-28,3,ICU,30,21,1,7,3,20,72.86
2023-08-29,3,ICU,30,22,9,3,5,20,75.52
2023-08-30,3,ICU,30,20,7,9,4,12,69.56
2023-08-31,3,ICU,30,19,2,2,3,16,64.8
2023-09-01,3,ICU,30,19,4,4,6,16,63.55
2023-09-02,3,ICU,30,17,6,3,3,15,58.05
2023-09-03,3,ICU,30,18,2,3,5,11,62.94
2023-09-04,3,ICU,30,18,4,7,6,20,62.25
2023-09-05,3,ICU,30,23,7,6,6,13,77.13
2023-09-06,3,ICU,30,21,2,5,4,16,71.26
2023-09-07,3,ICU,30,23,6,5,4,13,77.71
2023-09-08,3,ICU,30,20,2,7,4,17,68.02
2023-09-09,3,ICU,30,16,4,6,5,17,55.41
2023-09-10,3,ICU,30,17,5,5,4,13,58.8
2023-09-11,3,ICU,30,20,6,5,5,14,66.78
2023-09-12,3,ICU,30,17,5,4,6,14,59.42
2023-09-13,3,ICU,30,16,7,6,6,13,55.54
2023-09-14,3,ICU,30,21,8,2,6,14,70.56
2023-09-15,3,ICU,30,19,3,7,4,17,64.02
2023-09-16,3,ICU,30,16,3,2,4,17,55.43
2023-09-17,3,ICU,30,15,7,4,5,11,51.26
2023-09-18,3,ICU,30,19,4,3,5,18,65.89
2023-09-19,3,ICU,30,20,5,5,6,15,68.41
2023-09-20,3,ICU,30,18,7,1,5,15,62.71
2023-09-21,3,ICU,30,20,3,2,4,13,68.63
2023-09-22,3,ICU,30,15,1,4,5,15,52.31
2023-09-23,3,ICU,30,15,4,6,4,11,53.09
2023-09-24,3,ICU,30,14,1,6,5,12,49.47
2023-09-25,3,ICU,30,16,8,0,4,17,56.59
2023-09-26,3,ICU,30,18,6,6,5,15,60.18
2023-09-27,3,ICU,30,19,4,4,3,18,64.52
2023-09-28,3,ICU,30,20,5,4,5,16,68.88
2023-09-29,3,ICU,30,19,4,6,5,13,65.68
2023-09-30,3,ICU,30,15,4,4,4,14,50.17
2023-10-01,3,ICU,30,16,5,4,5,13,55.51
2023-10-02,3,ICU,30,21,6,3,3,17,71.95
2023-10-03,3,ICU,30,21,4,6,4,16,71.42
2023-10-04,3,ICU,30,19,2,6,3,15,64.27
2023-10-05,3,ICU,30,20,3,7,3,12,67.28
2023-10-06,3,ICU,30,20,5,2,5,14,68.85
2023-10-07,3,ICU,30,19,3,3,5,15,63.88
2023-10-08,3,ICU,30,16,5,4,3,14,54.91
2023-10-09,3,ICU,30,20,7,4,5,12,69.16
2023-10-10,3,ICU,30,19,2,2,5,13,64.58
2023-10-11,3,ICU,30,20,3,7,4,12,69.15
2023-10-12,3,ICU,30,20,5,2,4,16,68.61
2023-10-13,3,ICU,30,20,3,8,5,16,69.47
2023-10-14,3,ICU,30,16,4,2,4,12,54.61
2023-10-15,3,ICU,30,14,4,7,4,20,48.37
2023-10-16,3,ICU,30,20,6,6,4,17,68.07
2023-10-17,3,ICU,30,18,5,5,6,15,63.11
2023-10-18,3,ICU,30,18,5,4,3,17,62.35
2023-10-19,3,ICU,30,18,5,4,4,14,61.79
2023-10-20,3,ICU,30,18,3,6,4,13,63.23
2023-10-21,3,ICU,30,15,2,3,3,15,50.79
2023-10-22,3,ICU,30,16,5,5,7,16,53.57
2023-10-23,3,ICU,30,19,6,5,4,15,63.88
2023-10-24,3,ICU,30,21,5,7,4,19,73.14
2023-10-25,3,ICU,30,21,3,4,4,17,70.02
2023-10-26,3,ICU,30,20,1,2,4,16,69.05
2023-10-27,3,ICU,30,21,7,3,4,16,71.18
2023-10-28,3,ICU,30,16,8,2,4,16,56.51
2023-10-29,3,ICU,30,14,3,4,5,16,46.7
2023-10-30,3,ICU,30,20,3,5,8,15,68.34
2023-10-31,3,ICU,30,21,6,8,4,17,71.64
2023-11-01,3,ICU,30,24,3,5,4,18,83.1
2023-11-02,3,ICU,30,23,2,3,7,17,76.93
2023-11-03,3,ICU,30,19,4,4,6,14,64.12
2023-11-04,3,ICU,30,16,3,7,5,19,56.25
2023-11-05,3,ICU,30,15,4,4,3,15,52.96
2023-11-06,3,ICU,30,22,6,3,3,16,74.82
2023-11-07,3,ICU,30,19,3,3,4,16,66.44
2023-11-08,3,ICU,30,19,2,4,4,15,65.24
2023-11-09,3,ICU,30,20,4,4,5,15,68.47
2023-11-10,3,ICU,30,20,5,2,5,17,68.66
2023-11-11,3,ICU,30,17,4,3,5,12,59.46
2023-11-12,3,ICU,30,19,6,2,4,15,63.82
2023-11-13,3,ICU,30,20,2,3,5,17,66.77
2023-11-14,3,ICU,30,21,5,6,6,14,71.65
2023-11-15,3,ICU,30,20,8,2,5,14,68.04
2023-11-16,3,ICU,30,22,4,5,3,15,73.54
2023-11-17,3,ICU,30,22,3,7,4,15,74.49
2023-11-18,3,ICU,30,15,5,3,7,15,52.79
2023-11-19,3,ICU,30,18,4,5,5,16,61.17
2023-11-20,3,ICU,30,21,2,2,4,14,71.97
2023-11-21,3,ICU,30,22,4,6,4,17,76.06
2023-11-22,3,ICU,30,20,2,3,1,15,68.65
2023-11-23,3,ICU,30,18,5,6,3,18,61.91
2023-11-24,3,ICU,30,20,4,7,5,12,68.32
2023-11-25,3,ICU,30,14,2,5,5,12,47.39
2023-11-26,3,ICU,30,16,5,6,4,15,54.43
2023-11-27,3,ICU,30,20,8,6,3,17,69.08
2023-11-28,3,ICU,30,19,5,4,3,15,66.04
2023-11-29,3,ICU,30,21,3,8,5,17,72.1
2023-11-30,3,ICU,30,21,5,5,4,17,72.62
2023-12-01,3,ICU,30,22,2,4,4,15,75.79
2023-12-02,3,ICU,30,20,4,6,3,17,68.31
2023-12-03,3,ICU,30,19,4,1,4,16,65.12
2023-12-04,3,ICU,30,21,4,2,4,16,71.67
2023-12-05,3,ICU,30,26,7,4,4,21,87.34
2023-12-06,3,ICU,30,25,4,3,3,15,84.05
2023-12-07,3,ICU,30,24,8,7,3,15,83.32
2023-12-08,3,ICU,30,23,2,4,7,20,79.33
2023-12-09,3,ICU,30,18,5,4,6,16,60.5
2023-12-10,3,ICU,30,18,5,2,6,19,63.31
2023-12-11,3,ICU,30,24,1,3,3,13,82.55
2023-12-12,3,ICU,30,23,5,4,3,20,77.43
2023-12-13,3,ICU,30,25,4,4,4,14,84.47
2023-12-14,3,ICU,30,23,6,1,5,14,76.71
2023-12-15,3,ICU,30,24,1,5,5,15,81.29
2023-12-16,3,ICU,30,19,1,4,6,15,63.44
2023-12-17,3,ICU,30,19,3,3,4,15,63.77
2023-12-18,3,ICU,30,22,0,6,6,15,74.79
2023-12-19,3,ICU,30,22,4,6,6,17,75.62
2023-12-20,3,ICU,30,24,5,3,4,19,81.75
2023-12-21,3,ICU,30,26,0,4,4,13,88.01
2023-12-22,3,ICU,30,25,5,5,3,13,85.98
2023-12-23,3,ICU,30,19,1,6,4,18,66.03
2023-12-24,3,ICU,30,17,9,2,5,14,59.46
2023-12-25,3,ICU,30,24,4,2,5,14,83.28
2023-12-26,3,ICU,30,23,6,2,4,17,78.17
2023-12-27,3,ICU,30,23,2,5,5,12,78.31
2023-12-28,3,ICU,30,26,8,5,5,17,87.13
2023-12-29,3,ICU,30,24,1,4,5,15,82.7
2023-12-30,3,ICU,30,18,5,3,4,15,60.46
2023-12-31,3,ICU,30,15,5,6,3,18,52.57
2019-01-01,4,ER,50,35,5,9,1,21,70.18
2019-01-02,4,ER,50,43,9,7,3,25,86.72
2019-01-03,4,ER,50,36,8,8,3,20,73.66
2019-01-04,4,ER,50,38,8,5,2,21,77.48
2019-01-05,4,ER,50,32,6,6,1,22,65.64
2019-01-06,4,ER,50,35,8,11,1,21,71.56
2019-01-07,4,ER,50,39,10,6,3,21,78.57
2019-01-08,4,ER,50,41,12,6,2,24,82.74
2019-01-09,4,ER,50,35,8,6,2,22,71.98
2019-01-10,4,ER,50,35,5,6,2,21,71.09
2019-01-11,4,ER,50,41,9,7,3,25,82.88
2019-01-12,4,ER,50,32,7,7,3,24,65.34
2019-01-13,4,ER,50,33,6,6,3,24,66.54
2019-01-14,4,ER,50,37,13,5,4,24,74.15
2019-01-15,4,ER,50,36,9,10,1,23,73.69
2019-01-16,4,ER,50,37,9,7,1,21,74.51
2019-01-17,4,ER,50,39,11,6,3,23,79.81
2019-01-18,4,ER,50,36,3,7,4,24,72.4
2019-01-19,4,ER,50,32,7,6,1,21,65.17
2019-01-20,4,ER,50,32,11,11,3,24,65.65
2019-01-21,4,ER,50,36,5,7,4,22,72.01
2019-01-22,4,ER,50,37,8,6,3,24,75.04
2019-01-23,4,ER,50,39,3,4,2,21,78.76
2019-01-24,4,ER,50,38,5,6,3,18,77.89
2019-01-25,4,ER,50,35,9,5,2,23,71.91
2019-01-26,4,ER,50,29,9,10,4,21,59.82
2019-01-27,4,ER,50,33,8,9,3,21,66.22
2019-01-28,4,ER,50,36,4,8,1,19,73.55
2019-01-29,4,ER,50,37,8,11,3,19,75.89
2019-01-30,4,ER,50,38,8,7,4,23,77.35
2019-01-31,4,ER,50,41,2,5,3,23,82.41
2019-02-01,4,ER,50,42,6,11,4,26,84.91
2019-02-02,4,ER,50,37,6,11,2,23,74.98
2019-02-03,4,ER,50,34,10,3,2,23,68.78
2019-02-04,4,ER,50,41,7,10,2,20,82.74
2019-02-05,4,ER,50,39,5,6,2,20,79.44
2019-02-06,4,ER,50,43,5,6,2,20,86.41
2019-02-07,4,ER,50,39,4,7,3,20,79.7
2019-02-08,4,ER,50,38,4,12,2,18,77.52
2019-02-09,4,ER,50,30,8,6,3,20,60.12
2019-02-10,4,ER,50,36,11,5,3,23,72.75
2019-02-11,4,ER,50,37,6,12,2,23,75.52
2019-02-12,4,ER,50,37,5,6,1,19,74.62
2019-02-13,4,ER,50,41,7,10,3,26,83.12
2019-02-14,4,ER,50,41,7,8,3,21,82.52
2019-02-15,4,ER,50,39,7,9,1,23,79.69
2019-02-16,4,ER,50,31,5,9,4,24,62.8
2019-02-17,4,ER,50,34,9,5,3,21,68.6
2019-02-18,4,ER,50,43,11,7,4,23,86.43
2019-02-19,4,ER,50,40,6,4,2,23,81.02
2019-02-20,4,ER,50,42,8,6,2,23,84.75
2019-02-21,4,ER,50,40,5,10,3,26,81.5
2019-02-22,4,ER,50,45,10,7,4,23,90.65
2019-02-23,4,ER,50,36,5,6,3,15,72.3
2019-02-24,4,ER,50,34,12,4,2,22,68.16
2019-02-25,4,ER,50,37,4,7,3,24,75.99
2019-02-26,4,ER,50,39,8,10,4,21,78.1
2019-02-27,4,ER,50,41,7,9,1,22,83.73
2019-02-28,4,ER,50,47,2,7,3,24,94.04
2019-03-01,4,ER,50,40,5,7,2,23,80.1
2019-03-02,4,ER,50,36,2,8,1,23,73.68
2019-03-03,4,ER,50,39,6,10,4,24,78.3
2019-03-04,4,ER,50,45,6,7,2,19,91.07
2019-03-05,4,ER,50,42,9,2,4,23,84.29
2019-03-06,4,ER,50,42,11,7,2,22,84.51
2019-03-07,4,ER,50,42,9,4,2,24,85.75
2019-03-08,4,ER,50,45,5,5,3,21,90.59
2019-03-09,4,ER,50,34,5,9,3,19,68.13
2019-03-10,4,ER,50,35,5,5,2,19,71.79
2019-03-11,4,ER,50,41,12,6,3,23,82.74
2019-03-12,4,ER,50,36,7,5,2,23,72.82
2019-03-13,4,ER,50,44,7,6,3,23,89.92
2019-03-14,4,ER,50,46,4,10,3,21,93.6
2019-03-15,4,ER,50,38,6,10,2,23,76.87
2019-03-16,4,ER,50,30,6,5,1,22,61.59
2019-03-17,4,ER,50,31,8,1,2,20,62.63
2019-03-18,4,ER,50,44,6,9,1,20,88.35
2019-03-19,4,ER,50,43,7,6,3,24,86.68
2019-03-20,4,ER,50,44,9,7,3,25,89.04
2019-03-21,4,ER,50,43,6,5,3,22,86.9
2019-03-22,4,ER,50,44,5,5,4,23,89.08
2019-03-23,4,ER,50,37,7,4,3,23,74.25
2019-03-24,4,ER,50,34,5,14,3,22,68.43
2019-03-25,4,ER,50,43,8,7,2,23,86.9
2019-03-26,4,ER,50,40,3,9,2,21,80.41
2019-03-27,4,ER,50,34,3,11,1,21,69.83
2019-03-28,4,ER,50,44,3,5,2,23,88.81
2019-03-29,4,ER,50,47,6,5,3,22,94.99
2019-03-30,4,ER,50,34,9,7,2,21,68.69
2019-03-31,4,ER,50,33,3,6,3,22,66.94
2019-04-01,4,ER,50,39,4,5,3,22,79.95
2019-04-02,4,ER,50,41,6,3,1,21,82.79
2019-04-03,4,ER,50,43,10,7,2,22,86.76
2019-04-04,4,ER,50,45,7,5,1,23,91.94
2019-04-05,4,ER,50,39,7,5,1,20,79.17
2019-04-06,4,ER,50,38,5,8,3,22,76.17
2019-04-07,4,ER,50,32,5,5,3,19,65.56
2019-04-08,4,ER,50,42,10,6,1,20,84.01
2019-04-09,4,ER,50,44,12,1,2,26,88.18
2019-04-10,4,ER,50,41,8,3,3,23,83.09
2019-04-11,4,ER,50,47,9,8,2,25,95.0
2019-04-12,4,ER,50,41,8,10,3,22,83.23
2019-04-13,4,ER,50,35,10,4,3,17,71.34
2019-04-14,4,ER,50,34,17,5,3,22,68.88
2019-04-15,4,ER,50,40,6,5,2,25,81.65
2019-04-16,4,ER,50,44,8,6,2,24,89.97
2019-04-17,4,ER,50,38,10,9,3,24,77.22
2019-04-18,4,ER,50,37,4,12,3,23,75.02
2019-04-19,4,ER,50,43,9,3,1,28,86.22
2019-04-20,4,ER,50,32,6,9,1,22,65.14
2019-04-21,4,ER,50,35,9,9,2,21,70.57
2019-04-22,4,ER,50,41,11,3,3,22,83.34
2019-04-23,4,ER,50,44,2,8,4,26,88.45
2019-04-24,4,ER,50,38,9,1,2,18,76.78
2019-04-25,4,ER,50,41,8,6,2,22,82.58
2019-04-26,4,ER,50,44,7,8,2,20,89.14
2019-04-27,4,ER,50,37,9,4,3,21,75.24
2019-04-28,4,ER,50,33,7,7,4,19,67.87
2019-04-29,4,ER,50,40,11,7,2,23,80.12
2019-04-30,4,ER,50,41,6,3,4,23,82.5
2019-05-01,4,ER,50,35,3,6,3,19,70.42
2019-05-02,4,ER,50,34,10,5,5,23,68.6
2019-05-03,4,ER,50,35,10,7,2,23,70.37
2019-05-04,4,ER,50,31,12,2,1,22,62.24
2019-05-05,4,ER,50,30,3,4,2,20,60.28
2019-05-06,4,ER,50,37,10,7,5,25,75.55
2019-05-07,4,ER,50,33,6,5,3,23,67.65
2019-05-08,4,ER,50,37,8,2,1,24,75.74
2019-05-09,4,ER,50,33,8,6,2,19,67.91
2019-05-10,4,ER,50,37,1,9,4,20,75.28
2019-05-11,4,ER,50,29,10,8,2,21,58.38
2019-05-12,4,ER,50,31,5,9,2,20,62.09
2019-05-13,4,ER,50,38,6,7,3,22,77.59
2019-05-14,4,ER,50,42,9,7,1,21,84.73
2019-05-15,4,ER,50,36,7,6,2,26,72.07
2019-05-16,4,ER,50,40,9,11,3,25,81.37
2019-05-17,4,ER,50,39,6,9,2,20,78.55
2019-05-18,4,ER,50,31,5,10,2,21,63.83
2019-05-19,4,ER,50,33,8,5,3,21,66.72
2019-05-20,4,ER,50,41,5,5,4,22,82.59
2019-05-21,4,ER,50,38,4,4,1,20,76.81
2019-05-22,4,ER,50,38,2,5,3,23,77.34
2019-05-23,4,ER,50,35,8,4,1,22,70.44
2019-05-24,4,ER,50,38,10,7,2,19,77.84
2019-05-25,4,ER,50,30,11,7,2,21,61.71
2019-05-26,4,ER,50,29,5,6,3,20,59.92
2019-05-27,4,ER,50,36,6,8,3,23,72.07
2019-05-28,4,ER,50,40,11,6,1,20,81.04
2019-05-29,4,ER,50,38,7,2,3,23,77.58
2019-05-30,4,ER,50,39,8,4,2,23,79.31
2019-05-31,4,ER,50,40,6,3,2,22,80.68
2019-06-01,4,ER,50,26,5,2,4,22,52.62
2019-06-02,4,ER,50,26,9,4,2,20,52.19
2019-06-03,4,ER,50,36,7,10,2,21,72.24
2019-06-04,4,ER,50,29,9,11,1,22,58.9
2019-06-05,4,ER,50,36,9,4,2,24,73.06
2019-06-06,4,ER,50,35,7,7,2,24,71.04
2019-06-07,4,ER,50,33,2,5,3,20,66.81
2019-06-08,4,ER,50,30,7,10,3,22,61.28
2019-06-09,4,ER,50,27,6,7,1,24,54.47
2019-06-10,4,ER,50,34,4,8,1,22,68.76
2019-06-11,4,ER,50,36,7,6,3,18,73.0
2019-06-12,4,ER,50,35,9,4,1,18,70.74
2019-06-13,4,ER,50,37,10,6,4,21,75.87
2019-06-14,4,ER,50,32,11,10,4,18,64.67
2019-06-15,4,ER,50,23,7,5,2,23,47.76
2019-06-16,4,ER,50,27,9,9,3,18,54.85
2019-06-17,4,ER,50,31,7,6,1,19,63.54
2019-06-18,4,ER,50,32,5,10,3,16,65.23
2019-06-19,4,ER,50,36,8,9,4,21,72.42
2019-06-20,4,ER,50,29,8,8,2,16,59.36
2019-06-21,4,ER,50,36,9,8,3,20,72.72
2019-06-22,4,ER,50,31,6,13,2,21,63.25
2019-06-23,4,ER,50,22,10,3,2,17,44.04
2019-06-24,4,ER,50,29,2,6,4,17,59.69
2019-06-25,4,ER,50,35,4,6,1,19,71.3
2019-06-26,4,ER,50,36,9,6,2,16,72.15
2019-06-27,4,ER,50,35,5,6,2,19,70.09
2019-06-28,4,ER,50,34,7,6,4,20,68.18
2019-06-29,4,ER,50,28,9,4,2,19,56.13
2019-06-30,4,ER,50,33,5,10,2,19,67.2
2019-07-01,4,ER,50,28,6,6,2,20,57.12
2019-07-02,4,ER,50,30,6,9,3,21,61.71
2019-07-03,4,ER,50,30,10,11,1,22,60.07
2019-07-04,4,ER,50,29,5,10,3,25,59.23
2019-07-05,4,ER,50,31,9,8,2,18,62.74
2019-07-06,4,ER,50,25,6,8,2,19,50.49
2019-07-07,4,ER,50,27,6,5,2,19,55.06
2019-07-08,4,ER,50,29,8,9,1,20,58.92
2019-07-09,4,ER,50,35,6,7,5,22,70.34
2019-07-10,4,ER,50,32,5,6,2,20,65.64
2019-07-11,4,ER,50,26,7,7,3,21,52.56
2019-07-12,4,ER,50,31,7,4,3,18,63.46
2019-07-13,4,ER,50,23,7,7,2,18,47.36
2019-07-14,4,ER,50,25,12,5,2,21,51.25
2019-07-15,4,ER,50,34,9,10,3,24,68.31
2019-07-16,4,ER,50,29,5,5,1,20,59.56
2019-07-17,4,ER,50,29,5,6,4,24,58.45
2019-07-18,4,ER,50,29,9,11,3,16,59.08
2019-07-19,4,ER,50,33,5,6,2,17,67.17
2019-07-20,4,ER,50,21,6,6,4,14,43.97
2019-07-21,4,ER,50,25,13,4,2,17,51.48
2019-07-22,4,ER,50,31,6,5,1,21,62.65
2019-07-23,4,ER,50,25,6,6,3,23,51.23
2019-07-24,4,ER,50,33,4,8,1,23,66.67
2019-07-25,4,ER,50,30,4,16,3,23,60.13
2019-07-26,4,ER,50,31,2,8,3,18,63.15
2019-07-27,4,ER,50,27,6,8,4,21,55.41
2019-07-28,4,ER,50,20,5,9,5,19,41.0
2019-07-29,4,ER,50,27,8,4,2,23,54.13
2019-07-30,4,ER,50,34,7,6,2,23,68.79
2019-07-31,4,ER,50,31,9,12,2,17,62.07
2019-08-01,4,ER,50,26,6,6,1,21,53.63
2019-08-02,4,ER,50,25,3,6,4,23,50.92
2019-08-03,4,ER,50,23,7,7,3,19,46.23
2019-08-04,4,ER,50,20,10,7,2,20,40.13
2019-08-05,4,ER,50,33,4,10,2,20,66.42
2019-08-06,4,ER,50,26,3,7,5,18,53.64
2019-08-07,4,ER,50,27,6,5,3,21,55.68
2019-08-08,4,ER,50,33,11,4,2,20,67.16
2019-08-09,4,ER,50,31,11,8,3,19,63.53
2019-08-10,4,ER,50,22,13,9,3,17,44.09
2019-08-11,4,ER,50,20,6,4,4,20,41.38
2019-08-12,4,ER,50,25,10,9,3,21,51.9
2019-08-13,4,ER,50,29,6,4,3,19,59.36
2019-08-14,4,ER,50,30,4,6,3,22,61.03
2019-08-15,4,ER,50,28,4,12,3,22,56.58
2019-08-16,4,ER,50,28,6,4,3,22,56.79
2019-08-17,4,ER,50,20,4,9,2,21,40.45
2019-08-18,4,ER,50,20,3,9,1,15,41.41
2019-08-19,4,ER,50,26,10,9,1,22,53.65
2019-08-20,4,ER,50,30,6,9,3,23,61.46
2019-08-21,4,ER,50,30,7,6,1,18,60.96
2019-08-22,4,ER,50,29,9,7,4,19,58.03
2019-08-23,4,ER,50,29,11,7,5,18,59.21
2019-08-24,4,ER,50,16,9,5,3,14,33.88
2019-08-25,4,ER,50,21,6,6,1,16,42.94
2019-08-26,4,ER,50,25,9,8,2,20,50.93
2019-08-27,4,ER,50,31,6,7,1,21,63.95
2019-08-28,4,ER,50,29,9,3,2,23,58.92
2019-08-29,4,ER,50,26,7,8,2,19,53.24
2019-08-30,4,ER,50,32,5,7,3,24,64.85
2019-08-31,4,ER,50,18,6,8,1,17,36.86
2019-09-01,4,ER,50,21,4,11,3,21,42.18
2019-09-02,4,ER,50,30,7,11,3,19,61.0
2019-09-03,4,ER,50,23,5,5,2,19,47.69
2019-09-04,4,ER,50,28,9,8,3,20,57.95
2019-09-05,4,ER,50,28,10,6,3,23,56.6
2019-09-06,4,ER,50,24,9,7,2,18,49.66
2019-09-07,4,ER,50,17,5,9,2,24,35.76
2019-09-08,4,ER,50,26,13,6,2,16,52.0
2019-09-09,4,ER,50,26,10,14,2,16,52.23
2019-09-10,4,ER,50,24,8,4,3,18,48.56
2019-09-11,4,ER,50,24,5,7,1,25,49.51
2019-09-12,4,ER,50,31,7,4,3,20,62.62
2019-09-13,4,ER,50,24,7,4,3,23,48.16
2019-09-14,4,ER,50,21,10,5,4,18,42.86
2019-09-15,4,ER,50,22,9,6,2,18,44.91
2019-09-16,4,ER,50,24,13,9,3,22,49.39
2019-09-17,4,ER,50,30,4,7,1,21,61.58
2019-09-18,4,ER,50,25,5,3,4,15,50.06
2019-09-19,4,ER,50,25,5,2,3,17,51.71
2019-09-20,4,ER,50,26,8,8,2,18,53.16
2019-09-21,4,ER,50,19,6,4,2,19,39.35
2019-09-22,4,ER,50,22,7,5,4,23,44.26
2019-09-23,4,ER,50,27,6,3,4,21,54.54
2019-09-24,4,ER,50,26,10,11,3,22,52.44
2019-09-25,4,ER,50,26,5,7,2,23,53.12
2019-09-26,4,ER,50,24,7,6,2,23,48.53
2019-09-27,4,ER,50,27,6,6,3,19,55.95
2019-09-28,4,ER,50,21,8,4,3,19,43.72
2019-09-29,4,ER,50,17,5,4,2,18,34.51
2019-09-30,4,ER,50,27,7,6,2,22,54.99
2019-10-01,4,ER,50,26,5,5,3,20,52.61
2019-10-02,4,ER,50,26,5,8,2,21,53.19
2019-10-03,4,ER,50,29,11,7,2,23,58.09
2019-10-04,4,ER,50,26,3,7,3,17,53.73
2019-10-05,4,ER,50,20,6,10,2,22,40.3
2019-10-06,4,ER,50,23,5,9,2,19,46.44
2019-10-07,4,ER,50,25,5,5,3,19,50.69
2019-10-08,4,ER,50,32,7,8,4,19,64.05
2019-10-09,4,ER,50,21,9,10,4,19,43.56
2019-10-10,4,ER,50,21,6,9,5,19,43.57
2019-10-11,4,ER,50,28,9,7,2,19,56.74
2019-10-12,4,ER,50,20,10,11,3,18,41.89
2019-10-13,4,ER,50,15,12,7,3,15,30.0
2019-10-14,4,ER,50,25,8,9,3,23,50.87
2019-10-15,4,ER,50,33,7,7,2,20,67.09
2019-10-16,4,ER,50,29,8,8,4,20,59.89
2019-10-17,4,ER,50,24,8,6,3,21,49.45
2019-10-18,4,ER,50,30,8,8,4,24,61.93
2019-10-19,4,ER,50,17,9,5,1,20,35.79
2019-10-20,4,ER,50,19,7,9,2,17,38.05
2019-10-21,4,ER,50,26,6,7,1,22,53.6
2019-10-22,4,ER,50,29,2,9,1,18,59.19
2019-10-23,4,ER,50,23,6,4,1,17,46.47
2019-10-24,4,ER,50,22,7,8,3,19,45.92
2019-10-25,4,ER,50,29,15,5,1,19,59.79
2019-10-26,4,ER,50,21,3,6,4,19,43.18
2019-10-27,4,ER,50,17,7,8,3,16,34.71
2019-10-28,4,ER,50,28,5,11,3,23,56.77
2019-10-29,4,ER,50,27,8,5,2,20,54.89
2019-10-30,4,ER,50,25,10,3,2,18,51.69
2019-10-31,4,ER,50,27,8,6,2,18,54.22
2019-11-01,4,ER,50,35,9,6,3,21,70.79
2019-11-02,4,ER,50,25,6,5,2,19,50.78
2019-11-03,4,ER,50,26,7,4,3,21,52.88
2019-11-04,4,ER,50,30,11,9,1,21,61.6
2019-11-05,4,ER,50,31,6,9,2,20,62.4
2019-11-06,4,ER,50,31,10,8,3,23,63.57
2019-11-07,4,ER,50,28,7,6,2,17,56.36
2019-11-08,4,ER,50,32,6,9,1,21,64.22
2019-11-09,4,ER,50,27,7,6,1,17,54.32
2019-11-10,4,ER,50,23,8,9,1,19,47.44
2019-11-11,4,ER,50,31,11,5,2,22,63.48
2019-11-12,4,ER,50,31,6,7,3,21,63.17
2019-11-13,4,ER,50,26,7,5,3,20,53.53
2019-11-14,4,ER,50,32,12,4,4,20,64.28
2019-11-15,4,ER,50,30,4,6,4,22,61.68
2019-11-16,4,ER,50,23,5,13,1,17,46.92
2019-11-17,4,ER,50,25,8,6,2,17,50.64
2019-11-18,4,ER,50,31,4,8,4,21,62.98
2019-11-19,4,ER,50,31,8,13,4,20,62.99
2019-11-20,4,ER,50,33,11,4,5,21,67.44
2019-11-21,4,ER,50,30,11,6,3,23,61.18
2019-11-22,4,ER,50,31,9,7,1,20,63.52
2019-11-23,4,ER,50,29,8,10,3,18,59.36
2019-11-24,4,ER,50,25,6,11,1,21,51.88
2019-11-25,4,ER,50,31,8,5,4,21,63.96
2019-11-26,4,ER,50,34,8,5,2,25,69.15
2019-11-27,4,ER,50,27,4,6,2,18,55.51
2019-11-28,4,ER,50,32,9,3,2,21,65.05
2019-11-29,4,ER,50,30,8,4,1,23,60.92
2019-11-30,4,ER,50,24,4,12,3,18,48.07
2019-12-01,4,ER,50,31,6,10,2,21,62.62
2019-12-02,4,ER,50,35,6,8,4,19,71.2
2019-12-03,4,ER,50,34,9,7,2,21,69.02
2019-12-04,4,ER,50,35,9,7,3,18,71.19
2019-12-05,4,ER,50,30,8,3,3,22,61.35
2019-12-06,4,ER,50,32,3,6,3,24,64.74
2019-12-07,4,ER,50,28,8,4,4,21,57.7
2019-12-08,4,ER,50,29,6,3,2,20,59.95
2019-12-09,4,ER,50,31,7,7,2,20,63.13
2019-12-10,4,ER,50,34,8,5,2,20,68.72
2019-12-11,4,ER,50,37,6,9,2,21,74.04
2019-12-12,4,ER,50,33,4,3,2,20,67.05
2019-12-13,4,ER,50,36,9,5,3,16,72.72
2019-12-14,4,ER,50,26,10,12,4,19,52.2
2019-12-15,4,ER,50,22,6,8,2,21,45.51
2019-12-16,4,ER,50,39,12,4,3,22,78.13
2019-12-17,4,ER,50,34,4,6,2,19,69.11
2019-12-18,4,ER,50,36,6,6,2,21,72.31
2019-12-19,4,ER,50,33,9,11,2,22,66.37
2019-12-20,4,ER,50,29,5,4,4,19,59.79
2019-12-21,4,ER,50,21,6,9,3,18,43.82
2019-12-22,4,ER,50,23,4,6,3,20,47.98
2019-12-23,4,ER,50,34,10,5,4,24,69.72
2019-12-24,4,ER,50,36,9,7,3,18,72.03
2019-12-25,4,ER,50,35,5,3,3,19,71.67
2019-12-26,4,ER,50,36,8,10,4,23,73.19
2019-12-27,4,ER,50,34,6,5,2,22,69.09
2019-12-28,4,ER,50,22,8,8,2,18,45.61
2019-12-29,4,ER,50,30,7,6,1,18,60.07
2019-12-30,4,ER,50,34,10,9,5,20,68.43
2019-12-31,4,ER,50,29,9,6,3,19,58.84
2020-01-01,4,ER,50,47,3,4,3,27,95.0
2020-01-02,4,ER,50,47,3,3,1,24,95.0
2020-01-03,4,ER,50,47,7,9,1,25,94.97
2020-01-04,4,ER,50,41,7,9,3,23,82.81
2020-01-05,4,ER,50,39,7,8,4,22,78.39
2020-01-06,4,ER,50,46,5,9,3,21,92.72
2020-01-07,4,ER,50,47,7,6,1,24,95.0
2020-01-08,4,ER,50,47,6,4,1,23,95.0
2020-01-09,4,ER,50,47,10,3,4,22,95.0
2020-01-10,4,ER,50,47,5,6,3,23,95.0
2020-01-11,4,ER,50,42,6,9,2,20,85.36
2020-01-12,4,ER,50,40,5,5,3,25,81.33
2020-01-13,4,ER,50,47,7,8,3,21,95.0
2020-01-14,4,ER,50,45,10,11,1,25,91.09
2020-01-15,4,ER,50,43,9,9,3,24,86.38
2020-01-16,4,ER,50,47,8,6,3,22,95.0
2020-01-17,4,ER,50,47,8,6,4,25,95.0
2020-01-18,4,ER,50,35,7,9,3,21,70.93
2020-01-19,4,ER,50,41,8,7,2,22,82.42
2020-01-20,4,ER,50,46,5,7,2,25,93.75
2020-01-21,4,ER,50,45,4,8,3,19,90.66
2020-01-22,4,ER,50,47,7,5,4,25,95.0
2020-01-23,4,ER,50,47,2,2,1,22,95.0
2020-01-24,4,ER,50,46,8,2,3,23,93.43
2020-01-25,4,ER,50,40,7,7,1,26,81.57
2020-01-26,4,ER,50,42,7,6,1,24,85.85
2020-01-27,4,ER,50,47,13,4,3,22,94.37
2020-01-28,4,ER,50,47,8,12,2,24,95.0
2020-01-29,4,ER,50,46,6,5,2,25,93.11
2020-01-30,4,ER,50,46,10,6,2,23,93.62
2020-01-31,4,ER,50,47,9,7,2,28,95.0
2020-02-01,4,ER,50,40,12,10,3,23,80.1
2020-02-02,4,ER,50,42,7,4,3,25,84.69
2020-02-03,4,ER,50,46,10,9,1,25,93.91
2020-02-04,4,ER,50,47,8,10,2,22,95.0
2020-02-05,4,ER,50,47,4,6,3,23,94.46
2020-02-06,4,ER,50,47,12,11,2,21,95.0
2020-02-07,4,ER,50,47,7,7,2,22,95.0
2020-02-08,4,ER,50,42,12,11,3,22,84.83
2020-02-09,4,ER,50,43,11,6,4,23,87.04
2020-02-10,4,ER,50,47,7,6,4,24,95.0
2020-02-11,4,ER,50,47,6,10,4,22,95.0
2020-02-12,4,ER,50,47,6,6,3,25,95.0
2020-02-13,4,ER,50,47,3,5,2,24,95.0
2020-02-14,4,ER,50,47,8,7,2,25,95.0
2020-02-15,4,ER,50,47,8,7,4,20,94.39
2020-02-16,4,ER,50,45,6,15,2,22,90.15
2020-02-17,4,ER,50,44,6,4,3,21,89.29
2020-02-18,4,ER,50,47,11,4,3,21,95.0
2020-02-19,4,ER,50,47,6,14,2,22,95.0
2020-02-20,4,ER,50,47,3,6,1,24,95.0
2020-02-21,4,ER,50,47,8,8,3,24,95.0
2020-02-22,4,ER,50,44,6,7,3,25,88.33
2020-02-23,4,ER,50,44,7,6,3,22,89.97
2020-02-24,4,ER,50,47,4,6,3,24,95.0
2020-02-25,4,ER,50,47,4,8,2,23,95.0
2020-02-26,4,ER,50,47,5,7,3,24,95.0
2020-02-27,4,ER,50,47,4,7,2,22,95.0
2020-02-28,4,ER,50,47,10,7,3,19,95.0
2020-02-29,4,ER,50,45,4,11,2,23,90.06
2020-03-01,4,ER,50,47,8,8,4,26,95.0
2020-03-02,4,ER,50,47,5,3,2,19,95.0
2020-03-03,4,ER,50,47,11,9,1,23,95.0
2020-03-04,4,ER,50,47,7,4,4,23,94.48
2020-03-05,4,ER,50,47,8,11,1,24,95.0
2020-03-06,4,ER,50,47,5,8,1,22,95.0
2020-03-07,4,ER,50,40,14,4,2,25,80.5
2020-03-08,4,ER,50,45,9,2,3,21,91.3
2020-03-09,4,ER,50,47,10,12,3,25,95.0
2020-03-10,4,ER,50,47,5,8,3,23,95.0
2020-03-11,4,ER,50,47,7,6,3,21,95.0
2020-03-12,4,ER,50,47,10,8,2,23,95.0
2020-03-13,4,ER,50,47,14,7,3,24,95.0
2020-03-14,4,ER,50,43,12,7,2,23,86.65
2020-03-15,4,ER,50,43,4,5,3,23,87.86
2020-03-16,4,ER,50,47,7,5,3,23,95.0
2020-03-17,4,ER,50,47,11,4,3,24,95.0
2020-03-18,4,ER,50,47,11,8,2,24,95.0
2020-03-19,4,ER,50,47,6,6,5,24,95.0
2020-03-20,4,ER,50,47,3,6,2,21,95.0
2020-03-21,4,ER,50,46,9,4,3,23,92.08
2020-03-22,4,ER,50,46,9,8,1,23,93.26
2020-03-23,4,ER,50,47,7,8,2,23,95.0
2020-03-24,4,ER,50,47,8,5,3,21,95.0
2020-03-25,4,ER,50,47,9,1,3,27,95.0
2020-03-26,4,ER,50,47,8,10,5,24,95.0
2020-03-27,4,ER,50,47,4,13,3,24,95.0
2020-03-28,4,ER,50,40,4,6,3,21,81.68
2020-03-29,4,ER,50,40,4,8,3,22,80.77
2020-03-30,4,ER,50,47,7,7,1,22,95.0
2020-03-31,4,ER,50,47,5,10,2,23,95.0
2020-04-01,4,ER,50,47,7,5,2,19,95.0
2020-04-02,4,ER,50,47,10,8,4,26,95.0
2020-04-03,4,ER,50,47,6,6,1,24,95.0
2020-04-04,4,ER,50,43,6,8,3,22,86.05
2020-04-05,4,ER,50,44,6,6,3,24,89.16
2020-04-06,4,ER,50,47,10,8,1,21,95.0
2020-04-07,4,ER,50,47,10,10,3,26,95.0
2020-04-08,4,ER,50,47,8,5,4,23,95.0
2020-04-09,4,ER,50,47,8,8,3,26,95.0
2020-04-10,4,ER,50,47,4,7,3,20,95.0
2020-04-11,4,ER,50,45,11,9,3,26,91.05
2020-04-12,4,ER,50,39,9,6,3,18,78.93
2020-04-13,4,ER,50,47,9,7,3,23,95.0
2020-04-14,4,ER,50,47,6,3,4,25,95.0
2020-04-15,4,ER,50,47,6,9,2,23,95.0
2020-04-16,4,ER,50,47,8,9,1,25,95.0
2020-04-17,4,ER,50,47,6,7,3,22,95.0
2020-04-18,4,ER,50,42,7,6,2,26,84.48
2020-04-19,4,ER,50,40,5,5,3,21,80.25
2020-04-20,4,ER,50,47,5,5,2,24,95.0
2020-04-21,4,ER,50,47,6,6,2,22,95.0
2020-04-22,4,ER,50,47,3,10,5,24,95.0
2020-04-23,4,ER,50,47,7,10,1,21,95.0
2020-04-24,4,ER,50,47,8,6,2,21,95.0
2020-04-25,4,ER,50,37,7,4,2,23,75.61
2020-04-26,4,ER,50,44,8,8,5,23,88.72
2020-04-27,4,ER,50,46,6,8,1,22,92.23
2020-04-28,4,ER,50,47,6,10,4,23,95.0
2020-04-29,4,ER,50,47,8,9,4,21,95.0
2020-04-30,4,ER,50,47,8,13,3,25,95.0
2020-05-01,4,ER,50,46,7,6,1,19,92.64
2020-05-02,4,ER,50,37,4,9,3,24,75.91
2020-05-03,4,ER,50,39,4,12,1,21,79.88
2020-05-04,4,ER,50,47,9,5,3,23,95.0
2020-05-05,4,ER,50,47,7,8,2,24,95.0
2020-05-06,4,ER,50,47,10,10,3,25,95.0
2020-05-07,4,ER,50,47,7,9,3,24,95.0
2020-05-08,4,ER,50,47,3,9,3,28,95.0
2020-05-09,4,ER,50,40,9,9,3,22,81.92
2020-05-10,4,ER,50,44,4,8,2,28,89.88
2020-05-11,4,ER,50,47,11,6,2,28,95.0
2020-05-12,4,ER,50,46,8,11,3,22,92.94
2020-05-13,4,ER,50,47,9,4,1,25,95.0
2020-05-14,4,ER,50,47,10,5,1,23,95.0
2020-05-15,4,ER,50,47,7,10,3,21,95.0
2020-05-16,4,ER,50,39,8,9,2,19,78.62
2020-05-17,4,ER,50,39,10,7,3,24,78.78
2020-05-18,4,ER,50,47,10,4,1,23,95.0
2020-05-19,4,ER,50,47,6,9,3,26,95.0
2020-05-20,4,ER,50,47,5,8,2,23,95.0
2020-05-21,4,ER,50,47,4,7,2,24,94.52
2020-05-22,4,ER,50,47,7,4,1,24,95.0
2020-05-23,4,ER,50,41,10,4,2,25,82.15
2020-05-24,4,ER,50,41,4,6,3,21,83.12
2020-05-25,4,ER,50,47,7,10,4,25,95.0
2020-05-26,4,ER,50,47,10,5,4,24,95.0
2020-05-27,4,ER,50,47,6,3,2,22,95.0
2020-05-28,4,ER,50,47,12,5,1,22,95.0
2020-05-29,4,ER,50,46,6,10,2,23,93.82
2020-05-30,4,ER,50,40,9,5,3,21,80.08
2020-05-31,4,ER,50,42,14,5,2,23,84.45
2020-06-01,4,ER,50,43,10,6,4,21,86.97
2020-06-02,4,ER,50,41,7,5,2,22,82.67
2020-06-03,4,ER,50,47,6,5,2,26,95.0
2020-06-04,4,ER,50,45,7,6,2,21,91.54
2020-06-05,4,ER,50,46,11,9,4,22,93.6
2020-06-06,4,ER,50,37,6,9,2,23,74.98
2020-06-07,4,ER,50,37,10,8,1,22,75.16
2020-06-08,4,ER,50,47,4,10,3,26,95.0
2020-06-09,4,ER,50,43,8,9,3,22,87.41
2020-06-10,4,ER,50,39,13,3,3,21,79.43
2020-06-11,4,ER,50,47,12,12,4,23,94.57
2020-06-12,4,ER,50,45,6,15,2,20,90.07
2020-06-13,4,ER,50,40,7,8,3,23,80.45
2020-06-14,4,ER,50,39,10,8,3,23,78.46
2020-06-15,4,ER,50,45,7,7,2,22,91.49
2020-06-16,4,ER,50,46,8,5,3,23,93.19
2020-06-17,4,ER,50,41,10,9,3,25,83.17
2020-06-18,4,ER,50,44,5,4,2,21,89.8
2020-06-19,4,ER,50,41,5,5,2,20,83.07
2020-06-20,4,ER,50,38,6,11,5,18,76.99
2020-06-21,4,ER,50,37,8,6,2,16,74.17
2020-06-22,4,ER,50,47,8,9,3,24,95.0
2020-06-23,4,ER,50,45,7,2,2,26,90.52
2020-06-24,4,ER,50,45,8,8,1,23,90.94
2020-06-25,4,ER,50,47,8,9,2,27,95.0
2020-06-26,4,ER,50,45,5,7,2,25,91.7
2020-06-27,4,ER,50,42,6,6,3,24,84.14
2020-06-28,4,ER,50,37,8,8,1,18,74.93
2020-06-29,4,ER,50,45,5,3,1,24,91.87
2020-06-30,4,ER,50,44,8,7,3,22,89.12
2020-07-01,4,ER,50,41,8,8,2,23,83.16
2020-07-02,4,ER,50,41,4,9,3,21,83.79
2020-07-03,4,ER,50,38,6,3,1,21,77.76
2020-07-04,4,ER,50,34,10,9,1,23,69.18
2020-07-05,4,ER,50,37,7,8,1,19,75.16
2020-07-06,4,ER,50,39,14,5,3,22,79.65
2020-07-07,4,ER,50,39,7,13,3,20,79.53
2020-07-08,4,ER,50,41,7,11,1,20,82.7
2020-07-09,4,ER,50,41,4,9,4,25,82.85
2020-07-10,4,ER,50,41,5,11,3,21,82.09
2020-07-11,4,ER,50,26,0,7,3,23,53.87
2020-07-12,4,ER,50,37,4,6,3,22,74.15
2020-07-13,4,ER,50,34,9,6,1,18,68.71
2020-07-14,4,ER,50,38,11,4,3,22,77.92
2020-07-15,4,ER,50,36,8,5,2,25,73.56
2020-07-16,4,ER,50,38,5,9,2,23,76.13
2020-07-17,4,ER,50,43,5,5,3,21,87.69
2020-07-18,4,ER,50,32,10,10,4,22,65.35
2020-07-19,4,ER,50,31,5,3,4,21,63.64
2020-07-20,4,ER,50,43,6,12,1,25,86.2
2020-07-21,4,ER,50,47,11,9,3,24,94.9
2020-07-22,4,ER,50,45,10,5,3,23,91.65
2020-07-23,4,ER,50,43,8,8,2,21,86.64
2020-07-24,4,ER,50,43,5,6,1,20,86.89
2020-07-25,4,ER,50,35,8,5,1,20,70.99
2020-07-26,4,ER,50,31,7,5,4,20,63.76
2020-07-27,4,ER,50,41,9,12,3,23,83.2
2020-07-28,4,ER,50,41,6,13,3,24,83.2
2020-07-29,4,ER,50,40,7,3,2,25,81.33
2020-07-30,4,ER,50,44,8,6,3,26,89.26
2020-07-31,4,ER,50,43,12,8,2,21,86.66
2020-08-01,4,ER,50,30,9,6,3,23,61.12
2020-08-02,4,ER,50,29,6,5,3,18,59.83
2020-08-03,4,ER,50,40,13,10,3,23,80.16
2020-08-04,4,ER,50,34,6,3,2,21,69.08
2020-08-05,4,ER,50,37,9,3,2,18,75.99
2020-08-06,4,ER,50,31,10,10,4,20,63.04
2020-08-07,4,ER,50,37,11,7,2,20,75.47
2020-08-08,4,ER,50,30,7,3,3,18,60.82
2020-08-09,4,ER,50,35,13,6,1,20,71.02
2020-08-10,4,ER,50,42,6,8,3,25,84.67
2020-08-11,4,ER,50,32,8,7,2,20,64.88
2020-08-12,4,ER,50,41,8,5,3,20,83.04
2020-08-13,4,ER,50,35,9,7,4,19,70.9
2020-08-14,4,ER,50,39,6,6,4,21,78.63
2020-08-15,4,ER,50,29,5,5,4,22,59.73
2020-08-16,4,ER,50,28,4,5,1,25,57.52
2020-08-17,4,ER,50,40,15,7,2,22,80.92
2020-08-18,4,ER,50,35,6,8,2,18,71.0
2020-08-19,4,ER,50,40,10,15,2,24,80.13
2020-08-20,4,ER,50,38,9,6,1,20,77.13
2020-08-21,4,ER,50,37,8,10,2,23,75.82
2020-08-22,4,ER,50,29,8,5,1,22,59.12
2020-08-23,4,ER,50,30,7,8,2,21,61.56
2020-08-24,4,ER,50,37,6,5,3,24,75.22
2020-08-25,4,ER,50,38,8,10,2,20,77.92
2020-08-26,4,ER,50,38,4,8,4,22,76.18
2020-08-27,4,ER,50,34,7,6,3,22,68.43
2020-08-28,4,ER,50,42,8,10,1,25,84.95
2020-08-29,4,ER,50,29,9,6,4,19,59.9
2020-08-30,4,ER,50,32,8,12,3,17,64.7
2020-08-31,4,ER,50,39,7,10,4,20,79.99
2020-09-01,4,ER,50,40,7,10,2,24,81.81
2020-09-02,4,ER,50,35,4,9,5,21,70.95
2020-09-03,4,ER,50,40,12,6,2,22,80.46
2020-09-04,4,ER,50,36,8,6,3,21,72.84
2020-09-05,4,ER,50,29,6,2,2,25,58.64
2020-09-06,4,ER,50,30,3,8,2,17,61.01
2020-09-07,4,ER,50,41,4,4,2,19,82.41
2020-09-08,4,ER,50,33,6,4,1,22,67.31
2020-09-09,4,ER,50,40,5,4,2,23,80.11
2020-09-10,4,ER,50,37,11,7,3,22,75.43
2020-09-11,4,ER,50,34,2,10,4,17,69.66
2020-09-12,4,ER,50,31,7,5,2,20,62.33
2020-09-13,4,ER,50,27,7,8,1,22,54.5
2020-09-14,4,ER,50,37,6,5,2,20,75.91
2020-09-15,4,ER,50,34,9,9,3,22,69.25
2020-09-16,4,ER,50,39,6,7,2,22,78.93
2020-09-17,4,ER,50,38,5,9,1,20,76.79
2020-09-18,4,ER,50,34,5,7,1,21,68.7
2020-09-19,4,ER,50,30,10,12,4,19,60.72
2020-09-20,4,ER,50,29,8,5,3,21,59.05
2020-09-21,4,ER,50,38,4,6,4,20,77.47
2020-09-22,4,ER,50,41,7,9,5,23,82.1
2020-09-23,4,ER,50,36,12,7,3,21,72.55
2020-09-24,4,ER,50,39,9,5,1,22,78.92
2020-09-25,4,ER,50,39,4,10,3,25,78.29
2020-09-26,4,ER,50,33,7,3,2,19,66.78
2020-09-27,4,ER,50,27,8,10,3,22,54.99
2020-09-28,4,ER,50,39,6,8,2,22,79.07
2020-09-29,4,ER,50,41,8,9,4,24,83.25
2020-09-30,4,ER,50,35,3,1,3,23,71.07
2020-10-01,4,ER,50,32,12,7,3,25,64.93
2020-10-02,4,ER,50,34,11,6,3,20,69.72
2020-10-03,4,ER,50,26,6,4,3,21,53.49
2020-10-04,4,ER,50,26,14,8,3,19,52.29
2020-10-05,4,ER,50,37,6,12,2,22,74.06
2020-10-06,4,ER,50,38,5,10,2,22,76.64
2020-10-07,4,ER,50,36,5,6,3,22,73.84
2020-10-08,4,ER,50,38,2,7,2,20,76.27
2020-10-09,4,ER,50,40,10,4,4,25,81.56
2020-10-10,4,ER,50,30,2,7,2,23,61.42
2020-10-11,4,ER,50,28,7,9,4,19,56.5
2020-10-12,4,ER,50,41,7,7,4,23,83.21
2020-10-13,4,ER,50,36,9,8,2,24,72.55
2020-10-14,4,ER,50,36,6,8,2,25,73.83
2020-10-15,4,ER,50,34,14,6,2,23,69.59
2020-10-16,4,ER,50,35,7,4,1,21,70.84
2020-10-17,4,ER,50,31,1,6,3,19,62.17
2020-10-18,4,ER,50,30,8,11,3,24,60.35
2020-10-19,4,ER,50,36,9,4,4,25,72.85
2020-10-20,4,ER,50,39,10,4,3,21,78.97
2020-10-21,4,ER,50,36,8,7,5,22,73.93
2020-10-22,4,ER,50,41,7,11,1,20,83.53
2020-10-23,4,ER,50,42,12,5,2,21,84.18
2020-10-24,4,ER,50,30,8,11,2,23,60.62
2020-10-25,4,ER,50,30,10,5,3,20,60.82
2020-10-26,4,ER,50,38,13,5,4,25,77.5
2020-10-27,4,ER,50,38,9,4,3,21,76.35
2020-10-28,4,ER,50,37,5,6,3,23,75.23
2020-10-29,4,ER,50,32,7,8,1,21,64.57
2020-10-30,4,ER,50,37,11,11,4,23,74.37
2020-10-31,4,ER,50,40,3,8,3,22,80.48
2020-11-01,4,ER,50,30,5,9,3,23,60.76
2020-11-02,4,ER,50,41,6,10,3,23,83.13
2020-11-03,4,ER,50,39,7,3,3,24,78.72
2020-11-04,4,ER,50,41,7,6,2,23,83.49
2020-11-05,4,ER,50,42,14,7,3,25,84.07
2020-11-06,4,ER,50,43,5,5,4,25,86.37
2020-11-07,4,ER,50,33,13,4,2,23,67.54
2020-11-08,4,ER,50,35,2,9,3,22,71.78
2020-11-09,4,ER,50,36,3,4,2,24,73.91
2020-11-10,4,ER,50,42,10,4,5,20,85.88
2020-11-11,4,ER,50,39,11,6,2,19,79.34
2020-11-12,4,ER,50,40,7,5,5,22,81.38
2020-11-13,4,ER,50,39,5,5,2,23,79.64
2020-11-14,4,ER,50,35,3,10,2,24,70.18
2020-11-15,4,ER,50,37,8,3,1,24,74.72
2020-11-16,4,ER,50,38,7,8,2,24,76.06
2020-11-17,4,ER,50,41,6,9,1,17,82.85
2020-11-18,4,ER,50,43,7,6,3,24,87.86
2020-11-19,4,ER,50,40,7,6,2,21,80.75
2020-11-20,4,ER,50,45,7,7,4,25,90.09
2020-11-21,4,ER,50,36,6,4,3,21,72.54
2020-11-22,4,ER,50,29,11,6,2,19,58.53
2020-11-23,4,ER,50,40,10,5,2,20,81.02
2020-11-24,4,ER,50,41,12,5,2,22,83.28
2020-11-25,4,ER,50,39,10,4,4,22,78.41
2020-11-26,4,ER,50,42,2,6,4,23,85.61
2020-11-27,4,ER,50,41,7,7,1,22,83.26
2020-11-28,4,ER,50,35,8,5,3,22,71.63
2020-11-29,4,ER,50,35,8,4,2,21,70.92
2020-11-30,4,ER,50,43,10,9,2,24,86.45
2020-12-01,4,ER,50,46,5,12,4,21,92.96
2020-12-02,4,ER,50,47,3,5,4,22,95.0
2020-12-03,4,ER,50,42,7,5,1,25,85.98
2020-12-04,4,ER,50,42,5,6,2,25,85.63
2020-12-05,4,ER,50,38,6,4,1,23,76.35
2020-12-06,4,ER,50,37,3,3,2,21,75.6
2020-12-07,4,ER,50,46,8,5,3,23,92.46
2020-12-08,4,ER,50,45,2,8,1,21,91.9
2020-12-09,4,ER,50,47,12,8,1,25,95.0
2020-12-10,4,ER,50,47,8,6,2,24,95.0
2020-12-11,4,ER,50,43,6,5,1,24,86.89
2020-12-12,4,ER,50,38,4,4,3,21,76.12
2020-12-13,4,ER,50,36,8,2,1,18,72.51
2020-12-14,4,ER,50,43,9,5,1,25,87.03
2020-12-15,4,ER,50,41,6,10,4,21,82.41
2020-12-16,4,ER,50,45,8,3,1,22,91.06
2020-12-17,4,ER,50,45,3,10,1,19,91.17
2020-12-18,4,ER,50,44,4,7,2,22,89.96
2020-12-19,4,ER,50,39,10,4,3,22,78.13
2020-12-20,4,ER,50,38,6,8,2,21,76.72
2020-12-21,4,ER,50,39,10,7,5,24,79.67
2020-12-22,4,ER,50,40,5,11,2,21,81.36
2020-12-23,4,ER,50,44,8,5,3,21,89.83
2020-12-24,4,ER,50,40,9,6,3,24,81.85
2020-12-25,4,ER,50,47,4,11,3,28,95.0
2020-12-26,4,ER,50,43,6,5,4,23,86.01
2020-12-27,4,ER,50,38,6,2,2,18,76.21
2020-12-28,4,ER,50,47,11,11,3,24,95.0
2020-12-29,4,ER,50,45,4,5,3,20,90.89
2020-12-30,4,ER,50,45,7,7,3,18,91.35
2020-12-31,4,ER,50,38,6,5,2,20,77.23
2021-01-01,4,ER,50,45,8,5,3,24,91.21
2021-01-02,4,ER,50,45,9,5,2,22,90.5
2021-01-03,4,ER,50,40,6,3,3,18,81.02
2021-01-04,4,ER,50,47,3,11,3,25,95.0
2021-01-05,4,ER,50,47,8,10,3,24,95.0
2021-01-06,4,ER,50,45,15,7,5,22,90.73
2021-01-07,4,ER,50,47,8,15,3,24,95.0
2021-01-08,4,ER,50,47,2,10,2,25,95.0
2021-01-09,4,ER,50,43,5,6,1,19,87.01
2021-01-10,4,ER,50,40,7,10,1,21,81.41
2021-01-11,4,ER,50,47,10,7,3,21,95.0
2021-01-12,4,ER,50,47,8,8,4,25,95.0
2021-01-13,4,ER,50,45,8,7,3,20,91.78
2021-01-14,4,ER,50,46,8,4,3,26,92.36
2021-01-15,4,ER,50,47,9,11,1,20,95.0
2021-01-16,4,ER,50,47,7,4,1,23,94.42
2021-01-17,4,ER,50,40,4,7,4,19,81.21
2021-01-18,4,ER,50,47,8,5,2,25,95.0
2021-01-19,4,ER,50,46,11,7,4,23,93.67
2021-01-20,4,ER,50,47,9,6,3,25,94.39
2021-01-21,4,ER,50,47,3,9,3,24,95.0
2021-01-22,4,ER,50,47,7,5,3,23,95.0
2021-01-23,4,ER,50,41,12,6,4,23,83.53
2021-01-24,4,ER,50,40,10,9,4,21,80.11
2021-01-25,4,ER,50,40,8,2,1,22,80.51
2021-01-26,4,ER,50,46,6,2,4,22,93.49
2021-01-27,4,ER,50,47,11,12,2,23,95.0
2021-01-28,4,ER,50,47,5,8,1,21,95.0
2021-01-29,4,ER,50,47,2,7,1,21,95.0
2021-01-30,4,ER,50,36,12,6,4,20,73.22
2021-01-31,4,ER,50,38,6,7,4,22,77.62
2021-02-01,4,ER,50,47,8,6,4,24,95.0
2021-02-02,4,ER,50,47,8,9,3,23,95.0
2021-02-03,4,ER,50,46,9,12,3,24,93.68
2021-02-04,4,ER,50,47,10,7,3,24,95.0
2021-02-05,4,ER,50,47,9,11,3,22,95.0
2021-02-06,4,ER,50,43,6,7,3,21,87.82
2021-02-07,4,ER,50,42,5,9,3,20,85.16
2021-02-08,4,ER,50,47,12,6,1,25,95.0
2021-02-09,4,ER,50,47,5,5,2,22,95.0
2021-02-10,4,ER,50,47,5,7,2,20,95.0
2021-02-11,4,ER,50,47,8,7,2,24,95.0
2021-02-12,4,ER,50,47,4,5,2,21,95.0
2021-02-13,4,ER,50,47,8,3,1,25,94.25
2021-02-14,4,ER,50,41,5,10,4,24,83.65
2021-02-15,4,ER,50,47,5,8,2,21,95.0
2021-02-16,4,ER,50,47,4,7,4,22,95.0
2021-02-17,4,ER,50,47,9,5,3,24,95.0
2021-02-18,4,ER,50,47,8,6,3,22,95.0
2021-02-19,4,ER,50,47,4,11,1,27,95.0
2021-02-20,4,ER,50,41,5,4,4,21,82.22
2021-02-21,4,ER,50,42,7,8,2,24,85.62
2021-02-22,4,ER,50,47,5,5,3,24,95.0
2021-02-23,4,ER,50,47,6,5,3,24,95.0
2021-02-24,4,ER,50,47,5,8,3,25,95.0
2021-02-25,4,ER,50,47,5,9,2,28,95.0
2021-02-26,4,ER,50,47,10,4,4,23,95.0
2021-02-27,4,ER,50,43,7,10,3,27,87.89
2021-02-28,4,ER,50,46,8,7,1,22,92.6
2021-03-01,4,ER,50,47,8,7,2,25,95.0
2021-03-02,4,ER,50,47,8,8,3,24,95.0
2021-03-03,4,ER,50,47,7,5,2,23,95.0
2021-03-04,4,ER,50,47,7,10,3,25,95.0
2021-03-05,4,ER,50,46,4,3,3,21,93.76
2021-03-06,4,ER,50,42,9,8,2,20,84.21
2021-03-07,4,ER,50,40,4,10,2,21,81.63
2021-03-08,4,ER,50,47,6,4,3,23,95.0
2021-03-09,4,ER,50,47,7,2,3,23,95.0
2021-03-10,4,ER,50,47,14,5,2,25,95.0
2021-03-11,4,ER,50,47,10,6,2,24,95.0
2021-03-12,4,ER,50,47,8,10,2,24,95.0
2021-03-13,4,ER,50,45,9,6,2,21,91.42
2021-03-14,4,ER,50,44,7,8,2,25,89.21
2021-03-15,4,ER,50,47,7,3,3,23,95.0
2021-03-16,4,ER,50,47,8,6,4,25,95.0
2021-03-17,4,ER,50,47,5,5,2,20,95.0
2021-03-18,4,ER,50,47,5,6,2,25,95.0
2021-03-19,4,ER,50,47,8,5,4,22,95.0
2021-03-20,4,ER,50,47,12,4,3,20,95.0
2021-03-21,4,ER,50,43,10,9,4,23,86.45
2021-03-22,4,ER,50,47,14,6,4,22,95.0
2021-03-23,4,ER,50,47,9,5,2,22,95.0
2021-03-24,4,ER,50,47,8,7,2,25,95.0
2021-03-25,4,ER,50,47,7,7,1,27,95.0
2021-03-26,4,ER,50,47,10,5,3,24,95.0
2021-03-27,4,ER,50,46,6,12,2,25,92.38
2021-03-28,4,ER,50,43,14,6,1,22,86.5
2021-03-29,4,ER,50,47,9,5,2,24,94.02
2021-03-30,4,ER,50,47,14,5,3,25,95.0
2021-03-31,4,ER,50,47,7,3,2,22,95.0
2021-04-01,4,ER,50,47,12,6,1,27,95.0
2021-04-02,4,ER,50,47,6,8,3,21,95.0
2021-04-03,4,ER,50,47,10,9,3,24,95.0
2021-04-04,4,ER,50,45,6,10,2,24,91.63
2021-04-05,4,ER,50,47,9,9,4,22,95.0
2021-04-06,4,ER,50,47,8,9,3,22,95.0
2021-04-07,4,ER,50,47,10,5,2,22,95.0
2021-04-08,4,ER,50,46,7,3,4,22,92.23
2021-04-09,4,ER,50,47,7,4,1,22,95.0
2021-04-10,4,ER,50,41,9,8,2,24,83.95
2021-04-11,4,ER,50,47,6,6,3,25,95.0
2021-04-12,4,ER,50,47,5,3,1,20,95.0
2021-04-13,4,ER,50,47,8,6,2,25,95.0
2021-04-14,4,ER,50,47,9,12,3,20,95.0
2021-04-15,4,ER,50,47,5,4,1,25,95.0
2021-04-16,4,ER,50,47,14,9,2,23,94.42
2021-04-17,4,ER,50,45,11,9,3,22,90.28
2021-04-18,4,ER,50,46,5,6,2,24,92.48
2021-04-19,4,ER,50,47,7,7,2,20,95.0
2021-04-20,4,ER,50,47,7,14,2,25,94.8
2021-04-21,4,ER,50,47,11,10,2,22,95.0
2021-04-22,4,ER,50,47,9,8,3,24,95.0
2021-04-23,4,ER,50,47,6,7,3,24,95.0
2021-04-24,4,ER,50,42,8,8,2,23,84.36
2021-04-25,4,ER,50,39,5,9,2,19,79.92
2021-04-26,4,ER,50,47,8,10,3,23,95.0
2021-04-27,4,ER,50,47,10,7,3,28,95.0
2021-04-28,4,ER,50,47,13,5,2,19,95.0
2021-04-29,4,ER,50,47,6,10,2,22,95.0
2021-04-30,4,ER,50,47,7,5,3,25,95.0
2021-05-01,4,ER,50,38,6,11,1,21,76.02
2021-05-02,4,ER,50,41,6,5,3,22,83.82
2021-05-03,4,ER,50,45,8,5,2,23,91.64
2021-05-04,4,ER,50,47,7,7,3,24,95.0
2021-05-05,4,ER,50,47,8,8,2,24,95.0
2021-05-06,4,ER,50,47,11,10,2,24,95.0
2021-05-07,4,ER,50,46,12,4,3,22,93.56
2021-05-08,4,ER,50,40,7,2,2,22,81.23
2021-05-09,4,ER,50,40,8,6,3,21,80.14
2021-05-10,4,ER,50,47,5,4,1,27,94.83
2021-05-11,4,ER,50,46,7,7,2,25,92.73
2021-05-12,4,ER,50,45,6,11,2,20,91.5
2021-05-13,4,ER,50,46,8,4,3,21,93.9
2021-05-14,4,ER,50,47,6,6,2,26,94.68
2021-05-15,4,ER,50,45,7,5,3,21,91.37
2021-05-16,4,ER,50,42,4,8,3,22,85.35
2021-05-17,4,ER,50,47,5,4,2,21,94.01
2021-05-18,4,ER,50,47,12,10,2,25,95.0
2021-05-19,4,ER,50,47,7,6,3,18,95.0
2021-05-20,4,ER,50,47,6,10,2,28,95.0
2021-05-21,4,ER,50,46,7,5,4,22,93.26
2021-05-22,4,ER,50,41,11,10,2,23,82.08
2021-05-23,4,ER,50,39,10,4,2,19,79.68
2021-05-24,4,ER,50,47,8,5,3,25,95.0
2021-05-25,4,ER,50,47,6,4,3,25,95.0
2021-05-26,4,ER,50,47,6,9,1,24,95.0
2021-05-27,4,ER,50,47,8,8,2,25,95.0
2021-05-28,4,ER,50,47,2,5,3,25,95.0
2021-05-29,4,ER,50,42,5,13,1,23,84.59
2021-05-30,4,ER,50,40,7,8,1,26,80.07
2021-05-31,4,ER,50,47,9,11,3,23,95.0
2021-06-01,4,ER,50,45,8,7,3,25,91.73
2021-06-02,4,ER,50,45,6,9,1,21,90.23
2021-06-03,4,ER,50,47,10,11,3,22,95.0
2021-06-04,4,ER,50,42,4,5,3,23,85.64
2021-06-05,4,ER,50,37,6,9,4,23,74.84
2021-06-06,4,ER,50,44,7,3,3,20,88.16
2021-06-07,4,ER,50,42,13,8,2,19,84.86
2021-06-08,4,ER,50,47,9,12,5,23,95.0
2021-06-09,4,ER,50,42,8,10,2,23,84.89
2021-06-10,4,ER,50,47,4,6,3,21,95.0
2021-06-11,4,ER,50,47,8,8,2,22,95.0
2021-06-12,4,ER,50,37,6,3,4,23,75.22
2021-06-13,4,ER,50,40,12,4,2,19,81.09
2021-06-14,4,ER,50,44,7,11,3,22,88.79
2021-06-15,4,ER,50,41,9,3,2,22,83.93
2021-06-16,4,ER,50,41,10,6,4,23,83.92
2021-06-17,4,ER,50,44,12,6,2,20,88.84
2021-06-18,4,ER,50,42,9,5,2,17,84.84
2021-06-19,4,ER,50,37,5,7,1,21,74.29
2021-06-20,4,ER,50,36,6,7,3,18,72.59
2021-06-21,4,ER,50,44,5,3,2,23,89.01
2021-06-22,4,ER,50,45,16,6,3,20,91.44
2021-06-23,4,ER,50,42,7,6,3,19,85.07
2021-06-24,4,ER,50,44,5,5,3,22,88.57
2021-06-25,4,ER,50,44,6,9,3,25,89.75
2021-06-26,4,ER,50,38,8,10,2,20,77.05
2021-06-27,4,ER,50,42,9,6,4,19,84.2
2021-06-28,4,ER,50,42,8,4,3,19,85.6
2021-06-29,4,ER,50,43,7,6,1,19,87.82
2021-06-30,4,ER,50,43,5,15,2,24,86.5
2021-07-01,4,ER,50,38,4,3,1,23,76.78
2021-07-02,4,ER,50,39,7,9,3,22,79.29
2021-07-03,4,ER,50,36,9,9,1,20,72.98
2021-07-04,4,ER,50,35,10,11,2,19,71.52
2021-07-05,4,ER,50,41,9,6,3,22,83.52
2021-07-06,4,ER,50,42,8,6,3,25,84.61
2021-07-07,4,ER,50,40,12,8,2,18,80.53
2021-07-08,4,ER,50,40,5,2,2,23,81.35
2021-07-09,4,ER,50,44,9,6,2,24,89.42
2021-07-10,4,ER,50,34,8,4,1,19,69.49
2021-07-11,4,ER,50,34,10,9,3,19,69.81
2021-07-12,4,ER,50,44,9,8,2,24,89.9
2021-07-13,4,ER,50,41,12,7,1,26,83.78
2021-07-14,4,ER,50,40,8,6,3,25,81.92
2021-07-15,4,ER,50,39,5,7,1,24,78.17
2021-07-16,4,ER,50,45,5,8,3,22,90.32
2021-07-17,4,ER,50,32,4,11,2,22,65.21
2021-07-18,4,ER,50,31,12,5,4,21,62.81
2021-07-19,4,ER,50,42,9,12,3,22,85.21
2021-07-20,4,ER,50,39,6,9,2,21,78.06
2021-07-21,4,ER,50,39,3,7,3,21,79.35
2021-07-22,4,ER,50,41,5,6,3,24,82.4
2021-07-23,4,ER,50,46,9,7,3,24,93.73
2021-07-24,4,ER,50,35,5,8,3,20,71.6
2021-07-25,4,ER,50,31,10,8,4,20,63.73
2021-07-26,4,ER,50,38,7,6,1,21,77.49
2021-07-27,4,ER,50,43,10,3,1,23,86.9
2021-07-28,4,ER,50,42,9,7,3,22,84.57
2021-07-29,4,ER,50,43,7,8,3,20,86.16
2021-07-30,4,ER,50,39,9,5,3,19,79.48
2021-07-31,4,ER,50,41,14,6,2,20,82.27
2021-08-01,4,ER,50,31,9,9,1,22,62.43
2021-08-02,4,ER,50,40,9,4,2,23,80.94
2021-08-03,4,ER,50,41,10,5,3,23,83.71
2021-08-04,4,ER,50,35,9,8,1,22,71.79
2021-08-05,4,ER,50,37,6,5,2,22,75.27
2021-08-06,4,ER,50,38,12,8,4,24,76.4
2021-08-07,4,ER,50,29,6,6,2,21,59.22
2021-08-08,4,ER,50,29,9,7,5,19,58.29
2021-08-09,4,ER,50,41,8,5,4,22,83.25
2021-08-10,4,ER,50,39,6,4,2,20,78.11
2021-08-11,4,ER,50,40,8,12,3,21,81.18
2021-08-12,4,ER,50,37,8,14,2,21,75.65
2021-08-13,4,ER,50,38,4,5,3,24,76.36
2021-08-14,4,ER,50,34,6,12,1,17,68.3
2021-08-15,4,ER,50,30,14,5,1,19,60.64
2021-08-16,4,ER,50,40,5,10,3,21,81.14
2021-08-17,4,ER,50,37,15,5,2,27,74.18
2021-08-18,4,ER,50,38,5,7,3,20,76.04
2021-08-19,4,ER,50,40,8,3,3,24,81.58
2021-08-20,4,ER,50,40,7,9,1,22,81.67
2021-08-21,4,ER,50,31,5,9,2,24,62.11
2021-08-22,4,ER,50,33,7,5,3,21,67.3
2021-08-23,4,ER,50,38,7,7,3,21,76.19
2021-08-24,4,ER,50,40,6,8,3,24,81.63
2021-08-25,4,ER,50,41,10,13,3,20,83.26
2021-08-26,4,ER,50,39,6,14,1,21,78.37
2021-08-27,4,ER,50,37,3,5,2,22,75.24
2021-08-28,4,ER,50,33,7,10,1,17,67.78
2021-08-29,4,ER,50,30,5,13,2,21,61.02
2021-08-30,4,ER,50,39,5,5,3,19,78.2
2021-08-31,4,ER,50,40,11,2,2,21,81.13
2021-09-01,4,ER,50,37,9,7,3,19,74.47
2021-09-02,4,ER,50,33,8,3,2,20,66.4
2021-09-03,4,ER,50,37,8,10,4,22,74.22
2021-09-04,4,ER,50,29,6,11,3,20,58.43
2021-09-05,4,ER,50,28,7,5,2,24,57.32
2021-09-06,4,ER,50,36,4,7,3,23,72.6
2021-09-07,4,ER,50,35,8,9,4,24,71.94
2021-09-08,4,ER,50,38,9,5,2,23,77.82
2021-09-09,4,ER,50,35,6,8,1,19,70.22
2021-09-10,4,ER,50,35,7,6,4,24,70.09
2021-09-11,4,ER,50,34,13,3,1,20,68.7
2021-09-12,4,ER,50,31,5,5,3,22,62.79
2021-09-13,4,ER,50,37,8,6,3,21,75.41
2021-09-14,4,ER,50,34,8,8,3,21,68.67
2021-09-15,4,ER,50,34,7,6,1,22,68.84
2021-09-16,4,ER,50,38,10,1,2,24,76.73
2021-09-17,4,ER,50,42,7,8,5,22,84.72
2021-09-18,4,ER,50,24,11,5,3,22,49.81
2021-09-19,4,ER,50,31,10,6,3,23,62.82
2021-09-20,4,ER,50,34,10,8,1,25,69.24
2021-09-21,4,ER,50,31,4,6,2,25,63.15
2021-09-22,4,ER,50,34,7,6,2,23,69.98
2021-09-23,4,ER,50,38,8,8,2,22,76.43
2021-09-24,4,ER,50,35,6,4,2,20,70.68
2021-09-25,4,ER,50,35,7,7,2,24,70.2
2021-09-26,4,ER,50,28,7,7,4,23,57.37
2021-09-27,4,ER,50,31,1,7,3,16,62.27
2021-09-28,4,ER,50,41,10,14,3,21,82.79
2021-09-29,4,ER,50,39,7,12,1,22,78.48
2021-09-30,4,ER,50,37,7,5,2,20,75.42
2021-10-01,4,ER,50,38,8,11,2,24,77.21
2021-10-02,4,ER,50,34,3,9,2,22,68.78
2021-10-03,4,ER,50,32,7,6,2,19,65.18
2021-10-04,4,ER,50,34,7,8,3,25,69.7
2021-10-05,4,ER,50,36,9,8,2,20,73.44
2021-10-06,4,ER,50,40,10,7,5,22,81.16
2021-10-07,4,ER,50,38,8,6,2,20,77.04
2021-10-08,4,ER,50,38,5,3,3,23,77.04
2021-10-09,4,ER,50,34,8,7,2,20,69.47
2021-10-10,4,ER,50,30,3,7,4,20,60.08
2021-10-11,4,ER,50,37,8,5,4,21,75.91
2021-10-12,4,ER,50,41,6,4,2,22,82.85
2021-10-13,4,ER,50,39,3,4,3,19,79.46
2021-10-14,4,ER,50,33,8,10,2,16,67.57
2021-10-15,4,ER,50,37,12,9,3,24,74.82
2021-10-16,4,ER,50,32,5,5,4,18,65.1
2021-10-17,4,ER,50,28,10,7,3,23,56.33
2021-10-18,4,ER,50,38,12,4,2,21,76.31
2021-10-19,4,ER,50,41,9,6,2,20,82.47
2021-10-20,4,ER,50,39,5,4,3,21,79.7
2021-10-21,4,ER,50,43,9,4,2,22,86.79
2021-10-22,4,ER,50,34,6,10,3,21,69.73
2021-10-23,4,ER,50,33,11,8,1,19,67.17
2021-10-24,4,ER,50,35,5,5,3,18,70.35
2021-10-25,4,ER,50,40,9,7,1,20,80.21
2021-10-26,4,ER,50,38,10,10,2,23,76.51
2021-10-27,4,ER,50,36,8,8,2,25,72.89
2021-10-28,4,ER,50,39,6,7,2,20,78.54
2021-10-29,4,ER,50,36,10,8,3,23,72.56
2021-10-30,4,ER,50,29,6,8,2,19,59.44
2021-10-31,4,ER,50,30,8,7,2,25,61.77
2021-11-01,4,ER,50,41,12,7,2,22,83.7
2021-11-02,4,ER,50,37,12,5,3,20,75.71
2021-11-03,4,ER,50,41,6,13,4,22,83.87
2021-11-04,4,ER,50,41,6,7,1,23,82.66
2021-11-05,4,ER,50,45,5,9,4,24,90.78
2021-11-06,4,ER,50,36,6,9,4,20,73.33
2021-11-07,4,ER,50,34,5,5,1,24,69.25
2021-11-08,4,ER,50,43,10,5,4,23,87.38
2021-11-09,4,ER,50,39,11,9,1,21,78.85
2021-11-10,4,ER,50,44,8,4,2,24,89.01
2021-11-11,4,ER,50,41,13,4,2,25,82.55
2021-11-12,4,ER,50,41,7,2,1,26,82.49
2021-11-13,4,ER,50,30,8,12,4,20,60.37
2021-11-14,4,ER,50,30,10,5,4,20,61.05
2021-11-15,4,ER,50,39,7,10,3,22,79.11
2021-11-16,4,ER,50,40,8,10,2,24,80.77
2021-11-17,4,ER,50,37,9,9,2,23,75.93
2021-11-18,4,ER,50,38,6,12,1,22,76.88
2021-11-19,4,ER,50,42,9,5,3,18,84.07
2021-11-20,4,ER,50,37,7,11,2,19,74.66
2021-11-21,4,ER,50,39,10,7,2,22,78.51
2021-11-22,4,ER,50,39,7,9,1,20,79.37
2021-11-23,4,ER,50,40,6,7,2,23,81.23
2021-11-24,4,ER,50,43,7,4,1,24,86.41
2021-11-25,4,ER,50,39,9,10,4,22,79.69
2021-11-26,4,ER,50,37,8,7,1,19,75.08
2021-11-27,4,ER,50,33,10,6,4,19,67.86
2021-11-28,4,ER,50,30,3,6,4,14,60.42
2021-11-29,4,ER,50,43,8,6,2,22,87.57
2021-11-30,4,ER,50,39,10,8,3,21,79.53
2021-12-01,4,ER,50,46,8,6,2,24,92.26
2021-12-02,4,ER,50,46,7,11,2,20,93.44
2021-12-03,4,ER,50,45,7,8,4,21,91.99
2021-12-04,4,ER,50,40,7,13,1,24,80.4
2021-12-05,4,ER,50,36,18,4,2,23,73.15
2021-12-06,4,ER,50,37,10,6,4,21,75.89
2021-12-07,4,ER,50,41,5,5,2,24,83.46
2021-12-08,4,ER,50,39,12,10,4,23,79.12
2021-12-09,4,ER,50,47,6,6,3,27,94.29
2021-12-10,4,ER,50,44,5,8,2,25,89.43
2021-12-11,4,ER,50,36,7,6,2,20,72.66
2021-12-12,4,ER,50,39,7,7,3,21,79.35
2021-12-13,4,ER,50,43,4,4,2,23,86.78
2021-12-14,4,ER,50,41,5,3,5,20,83.66
2021-12-15,4,ER,50,40,2,3,3,23,81.47
2021-12-16,4,ER,50,42,6,9,2,23,85.76
2021-12-17,4,ER,50,45,5,3,4,23,90.74
2021-12-18,4,ER,50,34,9,8,3,21,69.67
2021-12-19,4,ER,50,37,9,7,2,25,75.75
2021-12-20,4,ER,50,47,6,6,2,23,95.0
2021-12-21,4,ER,50,47,14,13,2,23,95.0
2021-12-22,4,ER,50,47,10,5,2,22,95.0
2021-12-23,4,ER,50,44,7,9,1,21,89.05
2021-12-24,4,ER,50,47,6,4,1,21,94.23
2021-12-25,4,ER,50,30,13,5,2,23,61.69
2021-12-26,4,ER,50,39,6,5,4,21,78.62
2021-12-27,4,ER,50,46,4,4,2,23,92.95
2021-12-28,4,ER,50,47,9,4,3,22,94.52
2021-12-29,4,ER,50,44,7,4,3,24,89.66
2021-12-30,4,ER,50,43,8,9,4,23,87.41
2021-12-31,4,ER,50,47,6,9,2,25,94.59
2022-01-01,4,ER,50,27,8,12,3,15,55.84
2022-01-02,4,ER,50,30,9,3,2,18,60.64
2022-01-03,4,ER,50,37,7,9,4,23,74.86
2022-01-04,4,ER,50,41,6,5,3,21,82.35
2022-01-05,4,ER,50,34,9,14,2,23,68.61
2022-01-06,4,ER,50,36,10,7,2,20,73.89
2022-01-07,4,ER,50,40,9,8,4,19,81.61
2022-01-08,4,ER,50,34,5,8,1,23,68.36
2022-01-09,4,ER,50,29,6,8,2,23,59.69
2022-01-10,4,ER,50,38,3,5,3,19,77.08
2022-01-11,4,ER,50,37,14,1,4,19,74.63
2022-01-12,4,ER,50,37,4,7,2,24,74.04
2022-01-13,4,ER,50,37,8,7,2,19,74.67
2022-01-14,4,ER,50,36,7,11,3,21,73.49
2022-01-15,4,ER,50,30,9,7,3,21,60.58
2022-01-16,4,ER,50,31,8,7,3,21,63.27
2022-01-17,4,ER,50,40,7,8,2,22,80.69
2022-01-18,4,ER,50,38,6,8,3,19,76.73
2022-01-19,4,ER,50,39,6,6,3,23,79.03
2022-01-20,4,ER,50,31,7,3,3,20,62.77
2022-01-21,4,ER,50,37,10,3,1,24,74.34
2022-01-22,4,ER,50,26,8,4,3,22,53.55
2022-01-23,4,ER,50,30,7,4,2,21,61.56
2022-01-24,4,ER,50,46,7,11,3,20,93.53
2022-01-25,4,ER,50,41,4,10,3,20,83.43
2022-01-26,4,ER,50,39,10,7,1,20,78.34
2022-01-27,4,ER,50,39,11,8,1,21,79.23
2022-01-28,4,ER,50,38,5,5,1,22,76.11
2022-01-29,4,ER,50,33,7,8,2,20,66.9
2022-01-30,4,ER,50,32,2,10,3,23,64.08
2022-01-31,4,ER,50,35,4,9,3,23,70.68
2022-02-01,4,ER,50,39,7,7,3,21,78.98
2022-02-02,4,ER,50,44,7,8,3,19,88.8
2022-02-03,4,ER,50,41,15,5,3,25,82.21
2022-02-04,4,ER,50,38,4,2,4,22,76.92
2022-02-05,4,ER,50,36,6,8,2,18,72.6
2022-02-06,4,ER,50,37,5,10,3,20,74.25
2022-02-07,4,ER,50,46,12,5,3,26,94.0
2022-02-08,4,ER,50,41,13,9,2,21,83.14
2022-02-09,4,ER,50,44,6,3,2,23,89.27
2022-02-10,4,ER,50,41,14,6,3,21,82.53
2022-02-11,4,ER,50,39,11,5,4,26,79.06
2022-02-12,4,ER,50,42,12,5,2,24,85.55
2022-02-13,4,ER,50,33,6,5,2,21,66.88
2022-02-14,4,ER,50,42,9,12,3,23,84.22
2022-02-15,4,ER,50,41,2,7,3,26,82.84
2022-02-16,4,ER,50,38,12,5,1,22,76.05
2022-02-17,4,ER,50,40,10,3,1,20,80.51
2022-02-18,4,ER,50,42,9,8,1,24,84.24
2022-02-19,4,ER,50,33,4,4,3,22,67.64
2022-02-20,4,ER,50,33,9,4,3,21,66.94
2022-02-21,4,ER,50,43,9,9,1,23,86.32
2022-02-22,4,ER,50,44,5,9,2,21,88.85
2022-02-23,4,ER,50,42,10,5,4,21,85.67
2022-02-24,4,ER,50,41,8,3,4,19,83.72
2022-02-25,4,ER,50,42,8,6,1,23,85.43
2022-02-26,4,ER,50,33,7,9,3,22,66.21
2022-02-27,4,ER,50,38,10,5,3,23,76.07
2022-02-28,4,ER,50,43,8,5,4,22,87.9
2022-03-01,4,ER,50,40,7,5,3,24,81.77
2022-03-02,4,ER,50,40,4,7,2,23,81.13
2022-03-03,4,ER,50,46,6,10,2,24,92.92
2022-03-04,4,ER,50,41,9,3,2,22,82.18
2022-03-05,4,ER,50,35,5,6,3,19,70.16
2022-03-06,4,ER,50,31,2,9,2,21,62.29
2022-03-07,4,ER,50,44,3,8,1,22,88.3
2022-03-08,4,ER,50,44,8,7,2,19,89.81
2022-03-09,4,ER,50,42,5,9,3,26,85.19
2022-03-10,4,ER,50,39,6,7,3,21,78.18
2022-03-11,4,ER,50,38,3,10,3,20,76.06
2022-03-12,4,ER,50,35,10,10,3,22,71.35
2022-03-13,4,ER,50,34,7,6,2,19,68.17
2022-03-14,4,ER,50,45,5,3,4,22,90.75
2022-03-15,4,ER,50,39,4,10,3,23,79.64
2022-03-16,4,ER,50,41,4,12,4,23,82.32
2022-03-17,4,ER,50,42,7,6,5,21,84.99
2022-03-18,4,ER,50,42,9,10,3,21,85.26
2022-03-19,4,ER,50,35,9,2,2,22,70.51
2022-03-20,4,ER,50,30,10,9,2,24,60.36
2022-03-21,4,ER,50,44,3,9,3,21,88.62
2022-03-22,4,ER,50,42,8,6,2,22,84.46
2022-03-23,4,ER,50,45,12,3,2,23,90.68
2022-03-24,4,ER,50,45,7,12,3,23,90.64
2022-03-25,4,ER,50,38,7,5,2,22,77.24
2022-03-26,4,ER,50,33,6,8,2,18,66.58
2022-03-27,4,ER,50,33,5,3,4,21,68.0
2022-03-28,4,ER,50,39,9,12,3,20,78.02
2022-03-29,4,ER,50,37,5,8,2,19,75.73
2022-03-30,4,ER,50,38,8,3,3,24,76.59
2022-03-31,4,ER,50,42,2,6,3,25,84.73
2022-04-01,4,ER,50,43,6,4,3,22,86.79
2022-04-02,4,ER,50,34,6,6,2,21,68.3
2022-04-03,4,ER,50,34,8,11,2,21,68.83
2022-04-04,4,ER,50,43,9,7,4,22,86.27
2022-04-05,4,ER,50,43,6,4,2,25,87.17
2022-04-06,4,ER,50,41,7,6,3,25,83.39
2022-04-07,4,ER,50,40,4,10,5,26,80.93
2022-04-08,4,ER,50,44,8,8,3,27,88.31
2022-04-09,4,ER,50,30,2,9,4,19,60.59
2022-04-10,4,ER,50,33,8,5,2,20,66.94
2022-04-11,4,ER,50,43,8,11,2,19,87.09
2022-04-12,4,ER,50,40,12,5,1,28,81.79
2022-04-13,4,ER,50,40,6,11,3,23,81.64
2022-04-14,4,ER,50,43,4,6,2,21,87.57
2022-04-15,4,ER,50,37,8,8,3,22,75.26
2022-04-16,4,ER,50,34,5,8,2,22,68.68
2022-04-17,4,ER,50,37,5,9,3,18,75.37
2022-04-18,4,ER,50,41,11,7,2,21,82.57
2022-04-19,4,ER,50,37,10,6,1,23,74.06
2022-04-20,4,ER,50,45,8,9,1,23,90.84
2022-04-21,4,ER,50,41,5,10,4,24,83.96
2022-04-22,4,ER,50,40,10,5,4,24,80.39
2022-04-23,4,ER,50,30,9,8,2,21,60.1
2022-04-24,4,ER,50,33,4,8,3,22,66.18
2022-04-25,4,ER,50,40,9,12,1,24,80.56
2022-04-26,4,ER,50,36,3,6,3,23,73.94
2022-04-27,4,ER,50,41,6,8,4,21,82.48
2022-04-28,4,ER,50,41,9,7,3,24,82.79
2022-04-29,4,ER,50,43,5,6,1,22,87.17
2022-04-30,4,ER,50,37,7,7,2,22,75.95
2022-05-01,4,ER,50,30,10,11,3,20,61.65
2022-05-02,4,ER,50,37,3,4,3,21,75.08
2022-05-03,4,ER,50,38,14,8,4,20,77.33
2022-05-04,4,ER,50,36,10,3,3,21,72.65
2022-05-05,4,ER,50,40,6,15,3,20,80.18
2022-05-06,4,ER,50,39,8,5,3,22,78.63
2022-05-07,4,ER,50,28,5,4,3,20,56.01
2022-05-08,4,ER,50,29,11,11,1,18,59.0
2022-05-09,4,ER,50,38,7,5,3,20,77.04
2022-05-10,4,ER,50,38,8,8,4,18,76.68
2022-05-11,4,ER,50,40,9,9,3,21,80.08
2022-05-12,4,ER,50,39,9,4,3,23,79.04
2022-05-13,4,ER,50,34,9,11,5,22,68.57
2022-05-14,4,ER,50,29,8,8,2,19,58.87
2022-05-15,4,ER,50,30,9,4,2,21,61.98
2022-05-16,4,ER,50,40,5,9,4,23,80.13
2022-05-17,4,ER,50,39,10,6,3,22,78.01
2022-05-18,4,ER,50,38,9,7,1,23,76.73
2022-05-19,4,ER,50,40,9,4,1,21,80.06
2022-05-20,4,ER,50,39,7,7,3,26,79.92
2022-05-21,4,ER,50,31,10,5,3,18,63.48
2022-05-22,4,ER,50,33,6,10,3,20,67.43
2022-05-23,4,ER,50,33,8,6,2,19,66.16
2022-05-24,4,ER,50,35,8,5,1,21,71.05
2022-05-25,4,ER,50,39,13,13,1,22,78.14
2022-05-26,4,ER,50,41,10,10,3,21,82.99
2022-05-27,4,ER,50,39,6,8,1,22,78.57
2022-05-28,4,ER,50,31,9,11,4,20,63.13
2022-05-29,4,ER,50,32,11,11,4,21,64.26
2022-05-30,4,ER,50,34,11,5,2,20,69.17
2022-05-31,4,ER,50,37,6,2,1,21,75.55
2022-06-01,4,ER,50,33,3,6,4,22,67.52
2022-06-02,4,ER,50,33,13,8,3,18,66.73
2022-06-03,4,ER,50,35,3,11,3,21,71.72
2022-06-04,4,ER,50,23,9,8,4,18,47.51
2022-06-05,4,ER,50,29,4,6,3,20,59.99
2022-06-06,4,ER,50,35,10,8,1,22,71.52
2022-06-07,4,ER,50,34,2,7,2,20,69.02
2022-06-08,4,ER,50,35,6,5,2,23,71.93
2022-06-09,4,ER,50,37,9,9,1,20,75.47
2022-06-10,4,ER,50,35,8,10,3,23,70.21
2022-06-11,4,ER,50,33,8,8,4,21,66.35
2022-06-12,4,ER,50,24,4,4,2,16,49.84
2022-06-13,4,ER,50,34,8,4,3,20,68.81
2022-06-14,4,ER,50,35,9,7,1,23,71.37
2022-06-15,4,ER,50,32,7,7,5,20,65.96
2022-06-16,4,ER,50,32,5,9,1,19,65.23
2022-06-17,4,ER,50,34,6,4,3,21,68.68
2022-06-18,4,ER,50,26,6,11,2,19,53.72
2022-06-19,4,ER,50,27,7,5,2,20,55.84
2022-06-20,4,ER,50,34,5,12,4,19,68.53
2022-06-21,4,ER,50,33,9,12,4,19,67.35
2022-06-22,4,ER,50,34,8,7,4,21,68.91
2022-06-23,4,ER,50,38,10,9,2,19,76.94
2022-06-24,4,ER,50,35,9,8,2,22,70.17
2022-06-25,4,ER,50,25,15,16,2,17,50.71
2022-06-26,4,ER,50,23,6,8,2,16,46.54
2022-06-27,4,ER,50,37,5,3,2,23,74.67
2022-06-28,4,ER,50,32,10,8,3,20,64.69
2022-06-29,4,ER,50,35,9,9,2,20,70.01
2022-06-30,4,ER,50,34,5,8,3,17,68.47
2022-07-01,4,ER,50,33,10,6,1,19,67.91
2022-07-02,4,ER,50,25,8,7,1,19,51.22
2022-07-03,4,ER,50,23,14,5,3,19,47.36
2022-07-04,4,ER,50,34,7,7,3,18,69.66
2022-07-05,4,ER,50,34,5,11,3,23,69.81
2022-07-06,4,ER,50,31,7,5,2,18,62.32
2022-07-07,4,ER,50,28,6,6,3,23,57.27
2022-07-08,4,ER,50,32,7,5,4,20,65.43
2022-07-09,4,ER,50,23,5,4,3,21,46.88
2022-07-10,4,ER,50,23,9,5,3,18,47.05
2022-07-11,4,ER,50,25,7,10,3,16,50.79
2022-07-12,4,ER,50,30,8,8,4,20,60.69
2022-07-13,4,ER,50,31,5,9,1,23,63.09
2022-07-14,4,ER,50,32,8,6,3,20,65.8
2022-07-15,4,ER,50,32,6,7,2,20,65.02
2022-07-16,4,ER,50,23,6,10,3,22,46.33
2022-07-17,4,ER,50,24,5,10,2,16,48.22
2022-07-18,4,ER,50,29,6,10,3,23,58.31
2022-07-19,4,ER,50,30,7,6,2,20,60.55
2022-07-20,4,ER,50,33,14,8,4,23,66.73
2022-07-21,4,ER,50,33,12,3,4,21,66.17
2022-07-22,4,ER,50,28,5,9,2,21,57.46
2022-07-23,4,ER,50,25,12,3,4,21,50.06
2022-07-24,4,ER,50,29,10,6,2,19,59.34
2022-07-25,4,ER,50,28,10,5,2,22,56.73
2022-07-26,4,ER,50,32,9,13,2,20,65.13
2022-07-27,4,ER,50,28,5,5,3,19,57.07
2022-07-28,4,ER,50,30,6,5,2,21,60.06
2022-07-29,4,ER,50,31,11,6,2,19,63.88
2022-07-30,4,ER,50,24,7,4,4,18,49.01
2022-07-31,4,ER,50,26,11,10,3,20,52.14
2022-08-01,4,ER,50,21,11,11,2,16,42.24
2022-08-02,4,ER,50,26,10,13,3,20,52.75
2022-08-03,4,ER,50,30,7,3,3,23,61.65
2022-08-04,4,ER,50,28,6,8,3,19,57.24
2022-08-05,4,ER,50,28,6,7,2,20,56.19
2022-08-06,4,ER,50,24,3,7,2,18,48.66
2022-08-07,4,ER,50,19,9,6,3,19,39.49
2022-08-08,4,ER,50,28,7,7,3,19,56.22
2022-08-09,4,ER,50,31,4,9,3,22,63.23
2022-08-10,4,ER,50,25,9,5,2,17,51.9
2022-08-11,4,ER,50,29,6,6,3,21,58.85
2022-08-12,4,ER,50,30,5,7,3,19,61.23
2022-08-13,4,ER,50,22,8,3,2,19,44.71
2022-08-14,4,ER,50,18,9,5,2,19,37.2
2022-08-15,4,ER,50,32,7,9,2,17,64.25
2022-08-16,4,ER,50,32,7,6,2,20,65.93
2022-08-17,4,ER,50,27,12,2,1,20,55.91
2022-08-18,4,ER,50,28,6,4,3,15,57.73
2022-08-19,4,ER,50,27,7,5,3,21,55.35
2022-08-20,4,ER,50,19,13,9,3,24,38.27
2022-08-21,4,ER,50,15,10,9,3,19,30.99
2022-08-22,4,ER,50,27,6,7,2,17,54.64
2022-08-23,4,ER,50,30,7,7,2,19,60.76
2022-08-24,4,ER,50,26,5,9,2,21,52.14
2022-08-25,4,ER,50,32,6,3,3,25,65.95
2022-08-26,4,ER,50,23,5,1,3,16,46.53
2022-08-27,4,ER,50,20,4,7,2,16,41.83
2022-08-28,4,ER,50,18,5,9,1,18,36.28
2022-08-29,4,ER,50,24,6,7,2,19,48.33
2022-08-30,4,ER,50,30,2,5,1,18,60.87
2022-08-31,4,ER,50,30,7,9,4,15,60.15
2022-09-01,4,ER,50,29,6,11,3,22,58.35
2022-09-02,4,ER,50,29,7,8,3,25,59.35
2022-09-03,4,ER,50,15,6,10,2,17,30.47
2022-09-04,4,ER,50,15,8,6,3,18,31.34
2022-09-05,4,ER,50,21,9,8,1,19,43.01
2022-09-06,4,ER,50,30,9,7,3,20,61.12
2022-09-07,4,ER,50,30,9,6,3,21,61.48
2022-09-08,4,ER,50,30,8,6,3,18,61.24
2022-09-09,4,ER,50,28,9,7,2,17,56.58
2022-09-10,4,ER,50,22,10,9,1,17,45.73
2022-09-11,4,ER,50,15,6,8,2,19,31.53
2022-09-12,4,ER,50,26,10,10,4,20,53.74
2022-09-13,4,ER,50,24,5,10,3,20,49.25
2022-09-14,4,ER,50,23,9,10,4,17,46.47
2022-09-15,4,ER,50,26,7,8,1,20,52.32
2022-09-16,4,ER,50,29,7,8,3,19,58.9
2022-09-17,4,ER,50,21,8,3,2,18,43.25
2022-09-18,4,ER,50,18,7,10,2,21,37.4
2022-09-19,4,ER,50,25,6,5,3,18,50.12
2022-09-20,4,ER,50,28,5,7,2,24,57.75
2022-09-21,4,ER,50,25,5,7,5,18,51.39
2022-09-22,4,ER,50,30,6,4,2,19,61.67
2022-09-23,4,ER,50,28,11,10,2,17,57.77
2022-09-24,4,ER,50,18,9,5,3,17,36.73
2022-09-25,4,ER,50,18,9,10,1,18,36.89
2022-09-26,4,ER,50,25,8,10,3,21,51.32
2022-09-27,4,ER,50,27,5,5,3,21,54.44
2022-09-28,4,ER,50,29,8,6,3,21,58.08
2022-09-29,4,ER,50,28,9,5,3,19,57.3
2022-09-30,4,ER,50,26,6,4,1,19,52.71
2022-10-01,4,ER,50,23,12,5,2,19,47.41
2022-10-02,4,ER,50,21,9,6,3,18,43.82
2022-10-03,4,ER,50,28,7,6,1,21,57.22
2022-10-04,4,ER,50,30,8,13,2,20,60.49
2022-10-05,4,ER,50,30,5,10,3,17,61.5
2022-10-06,4,ER,50,26,6,2,1,18,53.66
2022-10-07,4,ER,50,29,6,4,4,20,59.71
2022-10-08,4,ER,50,25,7,4,3,20,50.92
2022-10-09,4,ER,50,19,4,7,3,21,38.87
2022-10-10,4,ER,50,30,6,4,4,23,60.17
2022-10-11,4,ER,50,31,4,11,2,19,62.29
2022-10-12,4,ER,50,27,5,6,3,22,54.95
2022-10-13,4,ER,50,27,6,7,3,21,54.51
2022-10-14,4,ER,50,24,10,5,4,18,49.09
2022-10-15,4,ER,50,20,4,7,2,18,41.48
2022-10-16,4,ER,50,19,8,5,2,18,39.76
2022-10-17,4,ER,50,29,6,8,3,19,58.69
2022-10-18,4,ER,50,33,5,8,4,17,66.01
2022-10-19,4,ER,50,26,2,2,2,16,52.26
2022-10-20,4,ER,50,29,12,5,3,21,58.44
2022-10-21,4,ER,50,26,6,8,3,20,53.73
2022-10-22,4,ER,50,18,6,12,1,18,37.08
2022-10-23,4,ER,50,27,5,8,2,17,54.22
2022-10-24,4,ER,50,27,8,6,3,21,55.67
2022-10-25,4,ER,50,28,5,6,1,18,56.05
2022-10-26,4,ER,50,30,9,6,1,16,60.9
2022-10-27,4,ER,50,29,11,11,3,26,59.93
2022-10-28,4,ER,50,30,7,9,1,20,60.05
2022-10-29,4,ER,50,24,12,8,2,20,49.32
2022-10-30,4,ER,50,18,11,8,2,17,36.4
2022-10-31,4,ER,50,30,7,2,4,18,61.3
2022-11-01,4,ER,50,34,7,10,2,21,69.79
2022-11-02,4,ER,50,33,12,6,1,25,67.1
2022-11-03,4,ER,50,36,16,8,1,21,72.25
2022-11-04,4,ER,50,33,6,9,1,19,66.63
2022-11-05,4,ER,50,19,7,5,2,18,39.21
2022-11-06,4,ER,50,20,7,3,2,16,41.07
2022-11-07,4,ER,50,32,8,7,4,21,65.9
2022-11-08,4,ER,50,30,8,8,1,21,61.38
2022-11-09,4,ER,50,30,9,10,2,21,61.35
2022-11-10,4,ER,50,33,8,8,3,21,66.9
2022-11-11,4,ER,50,34,8,6,2,19,68.51
2022-11-12,4,ER,50,25,5,8,2,17,51.72
2022-11-13,4,ER,50,22,10,8,3,16,45.87
2022-11-14,4,ER,50,32,9,7,2,16,64.03
2022-11-15,4,ER,50,27,6,9,3,19,55.32
2022-11-16,4,ER,50,32,12,4,2,21,65.22
2022-11-17,4,ER,50,29,8,9,3,18,58.96
2022-11-18,4,ER,50,31,4,9,1,20,62.49
2022-11-19,4,ER,50,23,9,11,3,19,46.72
2022-11-20,4,ER,50,21,6,10,2,17,43.57
2022-11-21,4,ER,50,34,7,8,2,20,69.89
2022-11-22,4,ER,50,37,13,6,2,21,74.5
2022-11-23,4,ER,50,31,11,4,2,20,62.93
2022-11-24,4,ER,50,26,8,5,3,19,53.6
2022-11-25,4,ER,50,32,6,2,2,18,64.57
2022-11-26,4,ER,50,26,7,4,3,17,53.64
2022-11-27,4,ER,50,22,2,9,4,18,44.89
2022-11-28,4,ER,50,30,11,7,3,22,60.88
2022-11-29,4,ER,50,31,9,4,3,22,62.96
2022-11-30,4,ER,50,30,7,4,2,18,60.32
2022-12-01,4,ER,50,37,7,8,2,21,75.17
2022-12-02,4,ER,50,39,9,7,2,20,78.29
2022-12-03,4,ER,50,28,5,4,2,21,57.94
2022-12-04,4,ER,50,28,11,7,2,18,56.14
2022-12-05,4,ER,50,37,6,7,2,21,74.01
2022-12-06,4,ER,50,33,14,6,3,20,66.54
2022-12-07,4,ER,50,35,4,10,3,20,70.47
2022-12-08,4,ER,50,38,9,6,1,25,76.01
2022-12-09,4,ER,50,34,9,6,2,19,68.41
2022-12-10,4,ER,50,24,6,6,2,23,49.81
2022-12-11,4,ER,50,24,5,13,2,20,48.33
2022-12-12,4,ER,50,34,6,8,5,21,69.07
2022-12-13,4,ER,50,34,5,11,2,20,69.21
2022-12-14,4,ER,50,33,15,10,2,19,66.01
2022-12-15,4,ER,50,36,10,3,2,24,72.69
2022-12-16,4,ER,50,32,9,7,4,23,64.81
2022-12-17,4,ER,50,28,10,5,2,21,56.52
2022-12-18,4,ER,50,25,10,9,3,22,51.23
2022-12-19,4,ER,50,33,5,7,1,21,66.06
2022-12-20,4,ER,50,33,4,8,2,20,67.89
2022-12-21,4,ER,50,34,9,9,2,21,68.1
2022-12-22,4,ER,50,35,9,4,3,23,70.65
2022-12-23,4,ER,50,37,5,1,3,21,75.0
2022-12-24,4,ER,50,27,7,10,3,20,55.53
2022-12-25,4,ER,50,28,11,6,2,19,57.41
2022-12-26,4,ER,50,33,11,5,2,19,67.82
2022-12-27,4,ER,50,34,8,8,2,21,69.74
2022-12-28,4,ER,50,32,8,15,3,22,65.33
2022-12-29,4,ER,50,35,12,5,2,20,71.46
2022-12-30,4,ER,50,41,5,5,2,21,82.23
2022-12-31,4,ER,50,24,8,4,4,18,49.02
2023-01-01,4,ER,50,32,6,6,3,21,65.6
2023-01-02,4,ER,50,35,14,7,2,21,70.39
2023-01-03,4,ER,50,37,8,8,2,21,75.91
2023-01-04,4,ER,50,44,10,10,2,21,89.0
2023-01-05,4,ER,50,44,3,5,3,21,89.04
2023-01-06,4,ER,50,36,12,4,1,20,73.06
2023-01-07,4,ER,50,29,11,7,1,19,59.4
2023-01-08,4,ER,50,32,11,9,2,21,64.95
2023-01-09,4,ER,50,43,4,6,2,23,86.78
2023-01-10,4,ER,50,38,9,7,2,21,76.38
2023-01-11,4,ER,50,34,4,10,3,22,68.08
2023-01-12,4,ER,50,33,6,13,3,21,66.35
2023-01-13,4,ER,50,35,9,4,5,23,70.23
2023-01-14,4,ER,50,28,7,7,3,22,56.55
2023-01-15,4,ER,50,31,4,6,4,27,63.84
2023-01-16,4,ER,50,41,8,5,2,24,82.54
2023-01-17,4,ER,50,42,9,6,1,22,84.01
2023-01-18,4,ER,50,40,5,11,1,18,81.11
2023-01-19,4,ER,50,41,10,8,2,22,83.52
2023-01-20,4,ER,50,38,10,8,3,24,77.61
2023-01-21,4,ER,50,33,8,9,1,22,67.65
2023-01-22,4,ER,50,30,4,5,2,22,61.75
2023-01-23,4,ER,50,44,7,9,1,22,89.84
2023-01-24,4,ER,50,40,5,5,2,20,81.21
2023-01-25,4,ER,50,38,7,8,2,21,76.84
2023-01-26,4,ER,50,39,5,5,1,21,78.46
2023-01-27,4,ER,50,39,6,5,1,20,79.82
2023-01-28,4,ER,50,30,15,4,4,19,60.34
2023-01-29,4,ER,50,27,7,6,2,20,55.69
2023-01-30,4,ER,50,38,3,8,2,24,76.75
2023-01-31,4,ER,50,41,12,9,2,24,83.43
2023-02-01,4,ER,50,38,10,10,3,22,77.34
2023-02-02,4,ER,50,40,11,5,4,25,80.06
2023-02-03,4,ER,50,44,4,3,3,23,89.08
2023-02-04,4,ER,50,32,11,4,3,21,64.4
2023-02-05,4,ER,50,33,6,9,2,22,66.65
2023-02-06,4,ER,50,42,10,5,1,27,85.11
2023-02-07,4,ER,50,42,3,2,3,21,84.57
2023-02-08,4,ER,50,41,6,8,3,19,83.05
2023-02-09,4,ER,50,39,11,10,2,19,79.13
2023-02-10,4,ER,50,45,5,12,3,26,91.27
2023-02-11,4,ER,50,34,15,7,3,24,69.07
2023-02-12,4,ER,50,36,10,9,1,22,73.45
2023-02-13,4,ER,50,41,8,5,3,21,83.26
2023-02-14,4,ER,50,41,8,10,3,27,83.08
2023-02-15,4,ER,50,40,6,5,2,22,80.46
2023-02-16,4,ER,50,43,7,11,3,20,87.26
2023-02-17,4,ER,50,41,10,8,2,25,82.21
2023-02-18,4,ER,50,36,9,7,2,23,72.06
2023-02-19,4,ER,50,32,5,7,3,14,65.04
2023-02-20,4,ER,50,42,9,11,2,22,85.41
2023-02-21,4,ER,50,41,6,10,2,20,83.17
2023-02-22,4,ER,50,39,12,4,2,22,78.56
2023-02-23,4,ER,50,41,7,1,4,22,83.77
2023-02-24,4,ER,50,40,11,9,4,22,80.38
2023-02-25,4,ER,50,37,9,5,2,21,74.22
2023-02-26,4,ER,50,31,7,10,3,21,63.09
2023-02-27,4,ER,50,42,8,8,2,22,85.14
2023-02-28,4,ER,50,37,11,7,4,23,74.21
2023-03-01,4,ER,50,43,7,6,2,20,87.38
2023-03-02,4,ER,50,42,13,9,1,21,84.92
2023-03-03,4,ER,50,41,9,3,3,21,83.36
2023-03-04,4,ER,50,35,9,7,4,21,71.52
2023-03-05,4,ER,50,35,5,7,3,20,70.84
2023-03-06,4,ER,50,39,7,2,1,21,79.57
2023-03-07,4,ER,50,45,8,4,1,23,91.99
2023-03-08,4,ER,50,40,6,7,2,22,81.05
2023-03-09,4,ER,50,45,8,7,3,23,90.32
2023-03-10,4,ER,50,45,7,9,3,23,91.5
2023-03-11,4,ER,50,32,6,6,3,19,64.07
2023-03-12,4,ER,50,33,5,14,5,19,66.83
2023-03-13,4,ER,50,42,14,6,2,21,84.39
2023-03-14,4,ER,50,44,4,9,2,22,88.55
2023-03-15,4,ER,50,45,11,4,2,24,90.71
2023-03-16,4,ER,50,42,6,2,3,19,84.79
2023-03-17,4,ER,50,35,7,6,2,21,71.58
2023-03-18,4,ER,50,35,7,5,3,21,70.19
2023-03-19,4,ER,50,34,3,7,3,20,69.34
2023-03-20,4,ER,50,43,8,1,4,24,87.16
2023-03-21,4,ER,50,47,3,3,1,22,95.0
2023-03-22,4,ER,50,42,13,10,2,21,85.41
2023-03-23,4,ER,50,43,9,8,4,23,86.46
2023-03-24,4,ER,50,45,8,7,2,23,91.93
2023-03-25,4,ER,50,33,10,4,3,19,66.75
2023-03-26,4,ER,50,33,9,6,4,20,66.54
2023-03-27,4,ER,50,43,7,13,3,22,87.36
2023-03-28,4,ER,50,43,7,4,3,22,86.21
2023-03-29,4,ER,50,43,11,6,4,22,87.75
2023-03-30,4,ER,50,46,12,7,3,24,92.05
2023-03-31,4,ER,50,39,5,9,4,22,79.05
2023-04-01,4,ER,50,36,6,6,3,21,72.63
2023-04-02,4,ER,50,34,6,8,3,20,69.58
2023-04-03,4,ER,50,43,7,5,2,20,87.0
2023-04-04,4,ER,50,38,5,9,2,22,76.47
2023-04-05,4,ER,50,42,13,8,2,25,85.54
2023-04-06,4,ER,50,43,11,9,4,25,87.31
2023-04-07,4,ER,50,43,8,10,2,19,86.9
2023-04-08,4,ER,50,33,6,7,3,24,66.33
2023-04-09,4,ER,50,34,4,8,3,20,68.01
2023-04-10,4,ER,50,41,4,11,2,23,83.65
2023-04-11,4,ER,50,41,11,9,3,21,83.44
2023-04-12,4,ER,50,44,11,11,3,21,88.09
2023-04-13,4,ER,50,38,4,6,4,22,77.71
2023-04-14,4,ER,50,44,3,6,2,22,88.17
2023-04-15,4,ER,50,36,2,6,2,21,72.87
2023-04-16,4,ER,50,35,10,6,2,25,71.71
2023-04-17,4,ER,50,41,8,15,3,22,82.08
2023-04-18,4,ER,50,44,6,7,4,22,88.11
2023-04-19,4,ER,50,41,6,6,3,21,83.65
2023-04-20,4,ER,50,43,9,7,2,23,87.88
2023-04-21,4,ER,50,37,6,12,4,19,75.52
2023-04-22,4,ER,50,32,8,8,2,20,64.11
2023-04-23,4,ER,50,36,5,6,2,19,72.3
2023-04-24,4,ER,50,45,10,6,3,25,91.28
2023-04-25,4,ER,50,42,8,16,3,21,84.13
2023-04-26,4,ER,50,38,10,10,2,22,77.78
2023-04-27,4,ER,50,44,7,9,2,22,89.37
2023-04-28,4,ER,50,43,11,11,2,20,87.76
2023-04-29,4,ER,50,31,13,6,1,19,63.56
2023-04-30,4,ER,50,35,10,10,1,24,70.77
2023-05-01,4,ER,50,35,4,3,1,21,70.47
2023-05-02,4,ER,50,36,6,8,2,23,73.69
2023-05-03,4,ER,50,43,7,6,2,21,87.85
2023-05-04,4,ER,50,40,7,7,1,18,80.83
2023-05-05,4,ER,50,37,4,8,3,22,74.41
2023-05-06,4,ER,50,35,10,6,3,20,71.37
2023-05-07,4,ER,50,31,4,9,1,19,63.8
2023-05-08,4,ER,50,38,4,3,2,23,76.76
2023-05-09,4,ER,50,38,8,6,2,19,76.13
2023-05-10,4,ER,50,37,7,6,2,21,74.37
2023-05-11,4,ER,50,40,8,9,1,23,81.62
2023-05-12,4,ER,50,39,5,3,3,21,79.93
2023-05-13,4,ER,50,27,3,6,1,21,54.55
2023-05-14,4,ER,50,31,10,12,3,21,63.46
2023-05-15,4,ER,50,38,6,7,3,20,77.58
2023-05-16,4,ER,50,41,3,6,3,22,82.32
2023-05-17,4,ER,50,38,13,3,2,24,76.23
2023-05-18,4,ER,50,35,9,11,2,25,70.85
2023-05-19,4,ER,50,35,5,6,3,22,71.86
2023-05-20,4,ER,50,31,11,8,3,22,62.2
2023-05-21,4,ER,50,28,7,9,1,24,57.71
2023-05-22,4,ER,50,44,5,8,3,23,88.91
2023-05-23,4,ER,50,39,4,3,3,21,79.48
2023-05-24,4,ER,50,40,4,5,3,21,80.23
2023-05-25,4,ER,50,38,8,1,3,23,77.66
2023-05-26,4,ER,50,39,7,7,2,22,78.01
2023-05-27,4,ER,50,29,6,8,4,21,58.81
2023-05-28,4,ER,50,29,8,8,3,24,58.09
2023-05-29,4,ER,50,37,6,5,2,21,74.95
2023-05-30,4,ER,50,35,5,8,2,18,71.77
2023-05-31,4,ER,50,36,3,9,3,22,72.87
2023-06-01,4,ER,50,35,4,4,3,23,70.32
2023-06-02,4,ER,50,36,11,3,1,19,72.99
2023-06-03,4,ER,50,24,8,7,2,19,48.05
2023-06-04,4,ER,50,28,5,7,2,21,56.35
2023-06-05,4,ER,50,33,5,9,4,18,66.51
2023-06-06,4,ER,50,37,4,9,3,21,74.32
2023-06-07,4,ER,50,33,8,6,3,23,67.6
2023-06-08,4,ER,50,33,7,6,3,21,67.47
2023-06-09,4,ER,50,39,6,6,4,21,78.59
2023-06-10,4,ER,50,24,9,4,3,16,48.86
2023-06-11,4,ER,50,26,4,5,2,20,53.32
2023-06-12,4,ER,50,34,9,7,2,20,69.38
2023-06-13,4,ER,50,33,11,9,2,19,66.77
2023-06-14,4,ER,50,35,3,4,3,22,70.98
2023-06-15,4,ER,50,33,8,3,3,24,66.89
2023-06-16,4,ER,50,34,3,6,2,22,69.45
2023-06-17,4,ER,50,25,8,8,2,23,51.97
2023-06-18,4,ER,50,25,15,2,2,21,51.0
2023-06-19,4,ER,50,35,4,8,5,21,70.65
2023-06-20,4,ER,50,35,14,9,1,19,70.2
2023-06-21,4,ER,50,33,6,5,3,19,66.35
2023-06-22,4,ER,50,37,2,8,2,21,74.11
2023-06-23,4,ER,50,35,5,9,3,24,71.28
2023-06-24,4,ER,50,26,9,6,3,18,52.79
2023-06-25,4,ER,50,28,7,3,3,19,56.83
2023-06-26,4,ER,50,32,6,5,4,22,64.49
2023-06-27,4,ER,50,32,10,8,2,19,65.87
2023-06-28,4,ER,50,34,5,5,3,24,68.43
2023-06-29,4,ER,50,37,4,7,2,24,75.4
2023-06-30,4,ER,50,37,8,8,3,21,74.76
2023-07-01,4,ER,50,25,6,5,2,21,50.13
2023-07-02,4,ER,50,24,5,9,2,19,49.92
2023-07-03,4,ER,50,31,8,7,3,21,63.96
2023-07-04,4,ER,50,28,11,10,2,22,57.58
2023-07-05,4,ER,50,30,7,8,3,21,61.49
2023-07-06,4,ER,50,29,5,10,2,19,58.09
2023-07-07,4,ER,50,32,7,3,3,23,64.9
2023-07-08,4,ER,50,26,5,6,4,18,53.82
2023-07-09,4,ER,50,22,7,4,2,19,44.37
2023-07-10,4,ER,50,28,3,7,2,19,57.59
2023-07-11,4,ER,50,35,5,8,5,20,70.18
2023-07-12,4,ER,50,32,10,7,3,19,65.39
2023-07-13,4,ER,50,26,7,4,2,19,53.18
2023-07-14,4,ER,50,35,4,7,2,28,71.62
2023-07-15,4,ER,50,24,8,6,2,21,48.33
2023-07-16,4,ER,50,24,6,7,2,17,48.57
2023-07-17,4,ER,50,29,8,3,1,21,59.88
2023-07-18,4,ER,50,26,5,4,2,20,52.58
2023-07-19,4,ER,50,31,6,6,3,21,62.2
2023-07-20,4,ER,50,29,4,10,2,20,58.22
2023-07-21,4,ER,50,32,8,6,3,20,65.98
2023-07-22,4,ER,50,28,4,2,2,17,56.9
2023-07-23,4,ER,50,22,8,10,3,16,45.52
2023-07-24,4,ER,50,30,8,7,2,17,60.39
2023-07-25,4,ER,50,32,13,4,3,16,64.18
2023-07-26,4,ER,50,31,9,9,3,20,63.77
2023-07-27,4,ER,50,32,14,10,1,19,64.16
2023-07-28,4,ER,50,29,5,7,1,24,58.12
2023-07-29,4,ER,50,19,8,8,2,23,38.8
2023-07-30,4,ER,50,22,12,4,1,17,44.7
2023-07-31,4,ER,50,32,3,7,3,19,64.76
2023-08-01,4,ER,50,26,9,10,3,20,52.4
2023-08-02,4,ER,50,28,4,7,4,21,57.67
2023-08-03,4,ER,50,30,4,6,5,24,61.03
2023-08-04,4,ER,50,29,7,8,3,20,58.3
2023-08-05,4,ER,50,21,4,9,2,18,43.94
2023-08-06,4,ER,50,22,11,4,2,21,44.97
2023-08-07,4,ER,50,27,11,7,1,20,54.08
2023-08-08,4,ER,50,28,6,12,2,19,56.4
2023-08-09,4,ER,50,27,8,7,4,19,54.39
2023-08-10,4,ER,50,29,4,11,4,20,59.42
2023-08-11,4,ER,50,23,11,6,3,21,46.89
2023-08-12,4,ER,50,21,3,5,2,19,42.75
2023-08-13,4,ER,50,20,9,3,3,16,41.26
2023-08-14,4,ER,50,30,9,6,3,20,61.38
2023-08-15,4,ER,50,28,5,6,1,20,56.18
2023-08-16,4,ER,50,26,10,7,4,23,53.12
2023-08-17,4,ER,50,33,8,7,2,21,66.84
2023-08-18,4,ER,50,27,7,12,1,16,55.55
2023-08-19,4,ER,50,18,12,7,4,17,36.41
2023-08-20,4,ER,50,23,6,2,4,19,47.39
2023-08-21,4,ER,50,25,10,6,2,17,50.25
2023-08-22,4,ER,50,27,9,4,3,19,54.06
2023-08-23,4,ER,50,28,7,9,2,22,56.56
2023-08-24,4,ER,50,27,14,8,4,19,55.59
2023-08-25,4,ER,50,25,10,3,4,20,51.52
2023-08-26,4,ER,50,20,6,7,3,23,40.96
2023-08-27,4,ER,50,17,9,4,2,21,35.15
2023-08-28,4,ER,50,27,6,5,1,21,54.99
2023-08-29,4,ER,50,24,6,7,3,20,49.14
2023-08-30,4,ER,50,26,11,5,2,26,53.73
2023-08-31,4,ER,50,29,6,4,3,19,58.25
2023-09-01,4,ER,50,32,5,5,1,20,64.34
2023-09-02,4,ER,50,24,10,5,2,21,49.59
2023-09-03,4,ER,50,18,6,10,4,18,37.95
2023-09-04,4,ER,50,26,9,6,4,20,52.89
2023-09-05,4,ER,50,28,8,11,3,20,57.03
2023-09-06,4,ER,50,32,4,7,4,19,65.21
2023-09-07,4,ER,50,27,8,9,2,21,54.41
2023-09-08,4,ER,50,28,7,9,1,17,57.56
2023-09-09,4,ER,50,22,11,6,3,18,44.93
2023-09-10,4,ER,50,22,12,5,4,19,45.34
2023-09-11,4,ER,50,29,6,5,2,19,58.86
2023-09-12,4,ER,50,23,7,6,2,23,47.6
2023-09-13,4,ER,50,25,9,5,1,18,50.95
2023-09-14,4,ER,50,26,7,13,2,19,52.29
2023-09-15,4,ER,50,28,9,11,1,24,56.91
2023-09-16,4,ER,50,17,5,7,3,16,35.31
2023-09-17,4,ER,50,26,1,8,2,17,53.41
2023-09-18,4,ER,50,24,10,7,2,21,48.54
2023-09-19,4,ER,50,26,9,7,1,21,53.24
2023-09-20,4,ER,50,26,12,4,2,20,52.18
2023-09-21,4,ER,50,28,4,5,2,22,56.57
2023-09-22,4,ER,50,27,5,6,3,20,55.77
2023-09-23,4,ER,50,22,11,7,2,19,44.66
2023-09-24,4,ER,50,16,7,8,3,18,33.87
2023-09-25,4,ER,50,27,7,5,2,20,55.2
2023-09-26,4,ER,50,28,7,4,2,20,57.65
2023-09-27,4,ER,50,25,4,6,3,19,51.68
2023-09-28,4,ER,50,34,4,9,2,17,68.2
2023-09-29,4,ER,50,26,12,7,4,20,53.87
2023-09-30,4,ER,50,16,8,8,3,20,33.48
2023-10-01,4,ER,50,22,5,9,2,20,44.73
2023-10-02,4,ER,50,30,6,10,3,20,60.11
2023-10-03,4,ER,50,29,4,7,4,19,59.0
2023-10-04,4,ER,50,30,10,5,1,23,61.05
2023-10-05,4,ER,50,28,10,7,3,24,56.8
2023-10-06,4,ER,50,27,5,10,2,20,54.89
2023-10-07,4,ER,50,24,4,8,3,22,49.53
2023-10-08,4,ER,50,22,9,7,3,18,44.53
2023-10-09,4,ER,50,28,10,8,4,22,57.56
2023-10-10,4,ER,50,29,12,8,2,17,59.84
2023-10-11,4,ER,50,27,5,7,2,17,55.29
2023-10-12,4,ER,50,27,11,3,2,19,55.78
2023-10-13,4,ER,50,29,9,7,2,20,58.82
2023-10-14,4,ER,50,18,5,2,2,17,37.72
2023-10-15,4,ER,50,22,9,7,3,21,45.23
2023-10-16,4,ER,50,26,8,10,4,19,53.75
2023-10-17,4,ER,50,30,4,4,2,19,61.94
2023-10-18,4,ER,50,27,13,6,2,21,54.26
2023-10-19,4,ER,50,31,8,8,2,20,62.32
2023-10-20,4,ER,50,27,5,6,2,18,54.67
2023-10-21,4,ER,50,22,5,8,2,18,45.82
2023-10-22,4,ER,50,19,10,6,3,20,38.11
2023-10-23,4,ER,50,26,4,9,1,20,53.71
2023-10-24,4,ER,50,30,9,7,2,19,60.87
2023-10-25,4,ER,50,28,12,6,3,24,57.83
2023-10-26,4,ER,50,29,10,8,1,18,59.7
2023-10-27,4,ER,50,27,3,8,2,18,54.66
2023-10-28,4,ER,50,28,7,8,1,22,56.0
2023-10-29,4,ER,50,22,9,7,3,19,44.79
2023-10-30,4,ER,50,25,5,12,5,21,51.29
2023-10-31,4,ER,50,26,5,7,3,19,53.74
2023-11-01,4,ER,50,26,15,4,3,19,53.32
2023-11-02,4,ER,50,32,8,7,3,22,65.55
2023-11-03,4,ER,50,29,9,5,1,21,58.64
2023-11-04,4,ER,50,25,11,8,1,23,50.76
2023-11-05,4,ER,50,23,6,4,3,20,47.55
2023-11-06,4,ER,50,32,11,10,4,22,64.59
2023-11-07,4,ER,50,27,8,2,3,21,55.61
2023-11-08,4,ER,50,32,5,6,3,23,65.7
2023-11-09,4,ER,50,36,10,7,2,20,72.64
2023-11-10,4,ER,50,31,11,8,2,19,63.05
2023-11-11,4,ER,50,19,6,5,3,19,38.42
2023-11-12,4,ER,50,21,11,6,5,19,42.42
2023-11-13,4,ER,50,32,10,3,1,18,65.17
2023-11-14,4,ER,50,33,7,9,3,19,66.96
2023-11-15,4,ER,50,34,6,8,3,19,69.85
2023-11-16,4,ER,50,30,6,9,3,19,61.46
2023-11-17,4,ER,50,31,6,11,3,24,63.09
2023-11-18,4,ER,50,24,6,6,3,18,48.82
2023-11-19,4,ER,50,27,3,6,3,18,54.28
2023-11-20,4,ER,50,30,6,7,1,23,60.48
2023-11-21,4,ER,50,32,7,5,4,21,64.99
2023-11-22,4,ER,50,31,9,4,1,22,62.41
2023-11-23,4,ER,50,36,7,5,3,22,72.39
2023-11-24,4,ER,50,32,9,6,4,21,64.76
2023-11-25,4,ER,50,26,8,5,1,19,53.19
2023-11-26,4,ER,50,23,7,6,3,20,46.13
2023-11-27,4,ER,50,30,1,9,4,22,60.91
2023-11-28,4,ER,50,30,6,8,2,21,61.83
2023-11-29,4,ER,50,28,10,5,3,20,56.9
2023-11-30,4,ER,50,28,7,6,4,20,56.47
2023-12-01,4,ER,50,33,7,8,1,23,67.76
2023-12-02,4,ER,50,30,2,5,1,22,60.72
2023-12-03,4,ER,50,26,6,4,2,21,53.76
2023-12-04,4,ER,50,39,10,5,3,21,79.23
2023-12-05,4,ER,50,34,5,8,3,22,68.82
2023-12-06,4,ER,50,35,6,6,3,26,71.9
2023-12-07,4,ER,50,37,7,8,2,23,75.33
2023-12-08,4,ER,50,35,5,11,3,21,70.48
2023-12-09,4,ER,50,26,11,5,1,20,52.29
2023-12-10,4,ER,50,28,6,9,2,22,56.08
2023-12-11,4,ER,50,36,8,6,2,21,72.63
2023-12-12,4,ER,50,39,6,3,3,23,79.62
2023-12-13,4,ER,50,35,10,6,3,22,71.01
2023-12-14,4,ER,50,35,11,8,2,22,71.48
2023-12-15,4,ER,50,35,7,6,5,21,71.32
2023-12-16,4,ER,50,24,10,8,3,18,49.67
2023-12-17,4,ER,50,20,7,3,1,19,40.91
2023-12-18,4,ER,50,36,7,7,3,21,73.76
2023-12-19,4,ER,50,34,9,3,2,23,68.92
2023-12-20,4,ER,50,36,10,7,3,25,73.23
2023-12-21,4,ER,50,36,8,4,3,19,73.33
2023-12-22,4,ER,50,33,4,7,4,21,66.23
2023-12-23,4,ER,50,26,10,9,3,20,53.45
2023-12-24,4,ER,50,26,7,3,4,18,52.28
2023-12-25,4,ER,50,34,4,9,2,22,68.1
2023-12-26,4,ER,50,36,6,10,1,22,73.43
2023-12-27,4,ER,50,32,7,13,1,24,65.52
2023-12-28,4,ER,50,32,2,6,2,20,64.05
2023-12-29,4,ER,50,40,8,14,2,24,81.0
2023-12-30,4,ER,50,26,7,5,1,22,53.61
2023-12-31,4,ER,50,28,7,4,2,21,57.34
2019-01-01,4,General Ward,100,76,18,15,3,27,76.37
2019-01-02,4,General Ward,100,81,9,14,2,25,81.86
2019-01-03,4,General Ward,100,67,14,14,3,26,67.01
2019-01-04,4,General Ward,100,69,16,11,3,24,69.84
2019-01-05,4,General Ward,100,51,8,13,1,22,51.96
2019-01-06,4,General Ward,100,60,10,16,3,26,60.01
2019-01-07,4,General Ward,100,79,10,22,2,31,79.05
2019-01-08,4,General Ward,100,74,12,10,4,26,74.89
2019-01-09,4,General Ward,100,68,12,13,4,25,69.0
2019-01-10,4,General Ward,100,63,19,17,3,21,63.49
2019-01-11,4,General Ward,100,74,13,12,5,26,74.6
2019-01-12,4,General Ward,100,64,11,10,4,29,64.37
2019-01-13,4,General Ward,100,60,20,14,3,22,60.01
2019-01-14,4,General Ward,100,72,14,10,3,30,72.53
2019-01-15,4,General Ward,100,72,12,17,3,25,72.58
2019-01-16,4,General Ward,100,66,11,11,3,26,66.34
2019-01-17,4,General Ward,100,80,23,13,4,29,80.87
2019-01-18,4,General Ward,100,69,12,7,4,29,69.05
2019-01-19,4,General Ward,100,56,20,7,3,27,56.01
2019-01-20,4,General Ward,100,59,17,10,4,28,59.37
2019-01-21,4,General Ward,100,74,16,9,3,26,74.38
2019-01-22,4,General Ward,100,69,18,16,2,28,69.1
2019-01-23,4,General Ward,100,77,15,16,3,29,77.52
2019-01-24,4,General Ward,100,66,16,9,3,27,66.27
2019-01-25,4,General Ward,100,66,16,21,5,27,66.75
2019-01-26,4,General Ward,100,65,10,10,3,30,65.65
2019-01-27,4,General Ward,100,55,10,17,4,24,55.37
2019-01-28,4,General Ward,100,79,12,10,4,27,79.02
2019-01-29,4,General Ward,100,69,16,14,4,26,69.75
2019-01-30,4,General Ward,100,65,15,9,3,29,65.88
2019-01-31,4,General Ward,100,64,16,9,2,26,64.64
2019-02-01,4,General Ward,100,77,11,12,2,27,77.58
2019-02-02,4,General Ward,100,60,15,9,3,25,60.1
2019-02-03,4,General Ward,100,48,18,17,4,27,48.8
2019-02-04,4,General Ward,100,79,10,15,2,27,79.91
2019-02-05,4,General Ward,100,84,17,11,3,31,84.86
2019-02-06,4,General Ward,100,78,17,14,1,24,78.1
2019-02-07,4,General Ward,100,81,18,23,3,27,81.24
2019-02-08,4,General Ward,100,74,14,8,3,30,74.26
2019-02-09,4,General Ward,100,61,12,11,3,28,61.26
2019-02-10,4,General Ward,100,62,11,13,4,24,62.95
2019-02-11,4,General Ward,100,79,20,20,3,29,79.33
2019-02-12,4,General Ward,100,75,11,13,1,26,75.64
2019-02-13,4,General Ward,100,79,14,14,4,27,79.95
2019-02-14,4,General Ward,100,79,14,17,4,25,79.92
2019-02-15,4,General Ward,100,79,9,16,3,28,79.79
2019-02-16,4,General Ward,100,56,21,10,5,26,56.06
2019-02-17,4,General Ward,100,70,16,12,4,25,70.11
2019-02-18,4,General Ward,100,76,16,11,4,27,76.29
2019-02-19,4,General Ward,100,87,10,13,4,26,87.05
2019-02-20,4,General Ward,100,80,12,11,3,25,80.24
2019-02-21,4,General Ward,100,79,10,15,2,26,79.99
2019-02-22,4,General Ward,100,75,19,14,2,26,75.76
2019-02-23,4,General Ward,100,53,17,17,4,21,53.26
2019-02-24,4,General Ward,100,61,12,19,5,23,61.52
2019-02-25,4,General Ward,100,85,13,19,2,27,85.16
2019-02-26,4,General Ward,100,78,12,16,3,27,78.05
2019-02-27,4,General Ward,100,84,13,18,3,29,84.6
2019-02-28,4,General Ward,100,82,15,20,2,26,82.88
2019-03-01,4,General Ward,100,77,17,18,3,27,77.88
2019-03-02,4,General Ward,100,68,24,15,3,26,68.99
2019-03-03,4,General Ward,100,59,12,19,2,23,59.39
2019-03-04,4,General Ward,100,77,9,12,3,27,77.14
2019-03-05,4,General Ward,100,78,15,12,4,24,78.11
2019-03-06,4,General Ward,100,82,12,15,4,28,82.65
2019-03-07,4,General Ward,100,79,15,14,3,29,79.44
2019-03-08,4,General Ward,100,85,15,12,4,29,85.34
2019-03-09,4,General Ward,100,68,7,8,3,26,68.71
2019-03-10,4,General Ward,100,56,10,16,4,27,56.45
2019-03-11,4,General Ward,100,75,18,16,6,26,75.98
2019-03-12,4,General Ward,100,83,14,9,4,27,83.39
2019-03-13,4,General Ward,100,90,19,10,4,28,90.27
2019-03-14,4,General Ward,100,80,12,16,2,26,80.96
2019-03-15,4,General Ward,100,79,25,14,2,28,79.15
2019-03-16,4,General Ward,100,63,23,14,4,28,63.69
2019-03-17,4,General Ward,100,63,11,17,3,22,63.2
2019-03-18,4,General Ward,100,75,14,12,2,28,75.66
2019-03-19,4,General Ward,100,78,20,11,2,24,78.17
2019-03-20,4,General Ward,100,81,11,22,3,31,81.07
2019-03-21,4,General Ward,100,84,8,12,3,29,84.72
2019-03-22,4,General Ward,100,74,8,20,2,30,74.71
2019-03-23,4,General Ward,100,69,10,9,5,26,69.79
2019-03-24,4,General Ward,100,72,13,18,4,31,72.08
2019-03-25,4,General Ward,100,72,6,13,4,24,72.42
2019-03-26,4,General Ward,100,79,13,19,5,28,79.2
2019-03-27,4,General Ward,100,85,18,10,3,27,85.24
2019-03-28,4,General Ward,100,79,11,7,2,28,79.73
2019-03-29,4,General Ward,100,86,18,14,2,31,86.33
2019-03-30,4,General Ward,100,64,15,18,4,25,64.65
2019-03-31,4,General Ward,100,67,14,14,4,27,67.09
2019-04-01,4,General Ward,100,77,19,10,3,25,77.02
2019-04-02,4,General Ward,100,74,13,14,4,26,74.11
2019-04-03,4,General Ward,100,71,16,13,3,29,71.03
2019-04-04,4,General Ward,100,67,14,17,1,27,67.62
2019-04-05,4,General Ward,100,74,10,19,4,30,74.06
2019-04-06,4,General Ward,100,65,17,10,4,27,65.45
2019-04-07,4,General Ward,100,64,18,15,4,27,64.27
2019-04-08,4,General Ward,100,72,22,15,3,26,72.71
2019-04-09,4,General Ward,100,75,18,13,3,27,75.38
2019-04-10,4,General Ward,100,74,19,15,2,28,74.24
2019-04-11,4,General Ward,100,66,18,16,5,26,66.81
2019-04-12,4,General Ward,100,74,20,11,2,25,74.72
2019-04-13,4,General Ward,100,64,15,17,4,26,64.8
2019-04-14,4,General Ward,100,68,14,16,5,26,68.41
2019-04-15,4,General Ward,100,83,11,12,3,28,83.32
2019-04-16,4,General Ward,100,82,16,20,4,29,82.89
2019-04-17,4,General Ward,100,72,18,17,3,28,72.74
2019-04-18,4,General Ward,100,81,19,13,4,30,81.62
2019-04-19,4,General Ward,100,77,14,20,3,26,77.22
2019-04-20,4,General Ward,100,57,11,11,6,22,57.77
2019-04-21,4,General Ward,100,59,13,17,2,22,59.36
2019-04-22,4,General Ward,100,82,16,21,3,29,82.37
2019-04-23,4,General Ward,100,79,14,13,5,26,79.07
2019-04-24,4,General Ward,100,85,17,12,3,27,85.63
2019-04-25,4,General Ward,100,74,17,12,4,27,74.19
2019-04-26,4,General Ward,100,75,18,12,4,30,75.43
2019-04-27,4,General Ward,100,70,15,12,4,29,70.53
2019-04-28,4,General Ward,100,68,15,14,3,21,68.7
2019-04-29,4,General Ward,100,78,16,21,4,31,78.05
2019-04-30,4,General Ward,100,75,15,12,6,26,75.89
2019-05-01,4,General Ward,100,66,19,15,4,23,66.85
2019-05-02,4,General Ward,100,69,19,12,2,24,69.68
2019-05-03,4,General Ward,100,71,18,15,2,25,71.4
2019-05-04,4,General Ward,100,57,10,10,4,26,57.47
2019-05-05,4,General Ward,100,55,15,13,4,24,55.97
2019-05-06,4,General Ward,100,70,21,18,4,26,70.97
2019-05-07,4,General Ward,100,78,13,9,2,26,78.85
2019-05-08,4,General Ward,100,73,13,16,4,25,73.62
2019-05-09,4,General Ward,100,78,14,11,4,29,78.47
2019-05-10,4,General Ward,100,71,14,13,4,26,71.16
2019-05-11,4,General Ward,100,48,11,7,4,24,48.19
2019-05-12,4,General Ward,100,56,13,11,2,26,56.21
2019-05-13,4,General Ward,100,66,10,16,3,27,66.66
2019-05-14,4,General Ward,100,77,6,14,4,25,77.15
2019-05-15,4,General Ward,100,69,13,16,4,28,69.28
2019-05-16,4,General Ward,100,68,17,15,4,26,68.06
2019-05-17,4,General Ward,100,70,15,11,4,23,70.21
2019-05-18,4,General Ward,100,56,22,21,3,27,56.42
2019-05-19,4,General Ward,100,63,9,13,3,26,63.78
2019-05-20,4,General Ward,100,67,21,18,4,25,67.38
2019-05-21,4,General Ward,100,81,12,9,4,31,81.73
2019-05-22,4,General Ward,100,76,8,19,2,27,76.79
2019-05-23,4,General Ward,100,74,20,15,4,27,74.43
2019-05-24,4,General Ward,100,73,12,16,2,27,73.74
2019-05-25,4,General Ward,100,49,14,14,3,26,49.89
2019-05-26,4,General Ward,100,61,22,17,3,23,61.23
2019-05-27,4,General Ward,100,74,14,12,3,28,74.05
2019-05-28,4,General Ward,100,76,12,21,3,30,76.74
2019-05-29,4,General Ward,100,65,13,13,4,25,65.84
2019-05-30,4,General Ward,100,81,15,19,3,27,81.96
2019-05-31,4,General Ward,100,70,16,23,5,26,70.5
2019-06-01,4,General Ward,100,53,11,9,3,28,53.6
2019-06-02,4,General Ward,100,52,14,13,3,26,52.96
2019-06-03,4,General Ward,100,59,15,11,3,27,59.61
2019-06-04,4,General Ward,100,66,21,20,4,26,66.58
2019-06-05,4,General Ward,100,62,19,10,4,27,62.05
2019-06-06,4,General Ward,100,65,12,9,2,24,65.22
2019-06-07,4,General Ward,100,64,15,13,2,25,64.24
2019-06-08,4,General Ward,100,49,14,11,5,27,49.21
2019-06-09,4,General Ward,100,43,16,13,4,20,43.53
2019-06-10,4,General Ward,100,62,18,9,3,27,62.96
2019-06-11,4,General Ward,100,62,21,17,5,29,62.5
2019-06-12,4,General Ward,100,61,14,14,4,25,61.18
2019-06-13,4,General Ward,100,66,19,12,3,26,66.42
2019-06-14,4,General Ward,100,61,15,11,4,25,61.98
2019-06-15,4,General Ward,100,47,13,17,4,23,47.17
2019-06-16,4,General Ward,100,58,15,12,3,26,58.6
2019-06-17,4,General Ward,100,73,17,17,5,31,73.34
2019-06-18,4,General Ward,100,67,15,19,5,28,67.26
2019-06-19,4,General Ward,100,69,21,13,5,26,69.1
2019-06-20,4,General Ward,100,62,14,9,2,27,62.9
2019-06-21,4,General Ward,100,64,15,12,4,25,64.65
2019-06-22,4,General Ward,100,45,18,17,1,24,45.89
2019-06-23,4,General Ward,100,46,19,20,4,27,46.45
2019-06-24,4,General Ward,100,67,20,18,4,26,67.94
2019-06-25,4,General Ward,100,69,23,7,3,28,69.66
2019-06-26,4,General Ward,100,70,13,15,5,28,70.7
2019-06-27,4,General Ward,100,67,21,20,2,30,67.74
2019-06-28,4,General Ward,100,66,12,10,2,26,66.26
2019-06-29,4,General Ward,100,51,12,19,5,25,51.65
2019-06-30,4,General Ward,100,52,10,16,6,26,52.94
2019-07-01,4,General Ward,100,61,14,12,3,24,61.59
2019-07-02,4,General Ward,100,50,15,15,5,26,50.13
2019-07-03,4,General Ward,100,54,19,12,3,24,54.05
2019-07-04,4,General Ward,100,51,18,14,4,25,51.04
2019-07-05,4,General Ward,100,52,12,11,5,27,52.39
2019-07-06,4,General Ward,100,35,14,17,4,22,35.26
2019-07-07,4,General Ward,100,36,13,18,4,25,36.68
2019-07-08,4,General Ward,100,64,9,16,3,25,64.56
2019-07-09,4,General Ward,100,59,16,11,4,22,59.56
2019-07-10,4,General Ward,100,53,16,12,2,26,53.18
2019-07-11,4,General Ward,100,64,19,14,3,27,64.42
2019-07-12,4,General Ward,100,47,11,11,2,27,47.95
2019-07-13,4,General Ward,100,48,10,7,1,23,48.21
2019-07-14,4,General Ward,100,38,14,13,3,22,38.47
2019-07-15,4,General Ward,100,63,10,13,3,25,63.28
2019-07-16,4,General Ward,100,59,13,16,4,28,59.97
2019-07-17,4,General Ward,100,63,16,8,4,28,63.26
2019-07-18,4,General Ward,100,54,12,8,3,26,54.37
2019-07-19,4,General Ward,100,63,20,11,2,27,63.96
2019-07-20,4,General Ward,100,45,10,16,3,25,46.0
2019-07-21,4,General Ward,100,48,12,9,4,22,48.59
2019-07-22,4,General Ward,100,53,11,9,4,23,53.88
2019-07-23,4,General Ward,100,51,17,5,3,24,51.49
2019-07-24,4,General Ward,100,58,12,22,4,27,58.66
2019-07-25,4,General Ward,100,57,15,14,6,27,57.76
2019-07-26,4,General Ward,100,59,12,11,4,23,59.44
2019-07-27,4,General Ward,100,37,18,9,2,21,37.52
2019-07-28,4,General Ward,100,45,15,11,2,22,45.42
2019-07-29,4,General Ward,100,54,14,24,3,26,54.82
2019-07-30,4,General Ward,100,54,12,13,3,25,54.96
2019-07-31,4,General Ward,100,62,14,8,3,25,62.55
2019-08-01,4,General Ward,100,48,17,19,2,22,48.72
2019-08-02,4,General Ward,100,46,20,16,3,28,46.43
2019-08-03,4,General Ward,100,34,16,14,5,25,34.66
2019-08-04,4,General Ward,100,35,11,12,5,25,35.93
2019-08-05,4,General Ward,100,55,17,9,3,24,55.34
2019-08-06,4,General Ward,100,56,17,14,2,29,56.32
2019-08-07,4,General Ward,100,53,24,14,4,23,53.32
2019-08-08,4,General Ward,100,43,16,15,3,24,43.92
2019-08-09,4,General Ward,100,62,9,16,4,25,62.55
2019-08-10,4,General Ward,100,32,19,13,4,23,32.6
2019-08-11,4,General Ward,100,30,15,6,4,23,30.0
2019-08-12,4,General Ward,100,52,17,14,2,26,52.58
2019-08-13,4,General Ward,100,42,14,14,4,26,42.71
2019-08-14,4,General Ward,100,43,21,20,1,22,43.24
2019-08-15,4,General Ward,100,55,13,18,4,24,55.98
2019-08-16,4,General Ward,100,56,9,10,3,26,56.44
2019-08-17,4,General Ward,100,34,10,19,4,24,34.61
2019-08-18,4,General Ward,100,35,23,13,4,26,35.63
2019-08-19,4,General Ward,100,52,13,14,3,27,52.69
2019-08-20,4,General Ward,100,49,17,15,3,22,49.47
2019-08-21,4,General Ward,100,50,14,14,3,24,50.19
2019-08-22,4,General Ward,100,58,22,15,3,25,58.71
2019-08-23,4,General Ward,100,53,9,12,4,25,53.76
2019-08-24,4,General Ward,100,39,12,20,4,26,39.98
2019-08-25,4,General Ward,100,33,17,11,4,24,33.88
2019-08-26,4,General Ward,100,56,11,11,4,21,56.82
2019-08-27,4,General Ward,100,54,17,14,2,25,54.26
2019-08-28,4,General Ward,100,51,16,13,4,25,51.9
2019-08-29,4,General Ward,100,44,9,15,3,23,44.9
2019-08-30,4,General Ward,100,64,11,22,3,27,64.35
2019-08-31,4,General Ward,100,31,12,20,3,21,31.12
2019-09-01,4,General Ward,100,30,15,12,3,20,30.0
2019-09-02,4,General Ward,100,45,16,19,3,29,45.22
2019-09-03,4,General Ward,100,55,13,18,2,23,55.69
2019-09-04,4,General Ward,100,53,10,12,6,22,53.14
2019-09-05,4,General Ward,100,51,17,8,5,24,51.41
2019-09-06,4,General Ward,100,44,12,10,6,23,44.21
2019-09-07,4,General Ward,100,42,15,19,3,25,42.96
2019-09-08,4,General Ward,100,33,15,22,1,25,33.04
2019-09-09,4,General Ward,100,59,13,9,2,20,59.72
2019-09-10,4,General Ward,100,48,14,9,1,24,48.48
2019-09-11,4,General Ward,100,49,16,14,4,23,49.57
2019-09-12,4,General Ward,100,57,13,17,4,23,57.24
2019-09-13,4,General Ward,100,43,10,17,5,22,43.17
2019-09-14,4,General Ward,100,30,12,8,2,23,30.0
2019-09-15,4,General Ward,100,37,18,15,2,23,37.63
2019-09-16,4,General Ward,100,49,9,14,4,24,49.51
2019-09-17,4,General Ward,100,54,12,18,4,25,54.8
2019-09-18,4,General Ward,100,47,20,15,4,24,47.55
2019-09-19,4,General Ward,100,48,18,16,4,25,48.91
2019-09-20,4,General Ward,100,37,17,6,3,27,37.71
2019-09-21,4,General Ward,100,36,8,12,3,22,36.07
2019-09-22,4,General Ward,100,34,14,8,6,26,34.52
2019-09-23,4,General Ward,100,53,20,19,2,24,53.64
2019-09-24,4,General Ward,100,51,11,13,2,27,51.83
2019-09-25,4,General Ward,100,53,14,21,1,27,53.14
2019-09-26,4,General Ward,100,40,18,7,3,23,40.17
2019-09-27,4,General Ward,100,42,17,15,3,26,42.22
2019-09-28,4,General Ward,100,35,19,7,4,21,35.02
2019-09-29,4,General Ward,100,39,16,10,2,22,39.57
2019-09-30,4,General Ward,100,47,13,10,3,23,47.53
2019-10-01,4,General Ward,100,56,17,11,4,28,56.31
2019-10-02,4,General Ward,100,53,10,16,3,23,53.31
2019-10-03,4,General Ward,100,46,13,16,4,21,46.84
2019-10-04,4,General Ward,100,51,14,14,4,21,51.54
2019-10-05,4,General Ward,100,39,16,12,4,23,39.84
2019-10-06,4,General Ward,100,36,18,16,2,27,36.02
2019-10-07,4,General Ward,100,53,7,13,4,28,53.14
2019-10-08,4,General Ward,100,50,14,10,4,26,50.49
2019-10-09,4,General Ward,100,59,11,12,3,23,59.17
2019-10-10,4,General Ward,100,53,16,16,3,25,53.82
2019-10-11,4,General Ward,100,53,17,11,3,25,53.96
2019-10-12,4,General Ward,100,37,16,20,3,22,37.92
2019-10-13,4,General Ward,100,42,14,10,2,25,42.67
2019-10-14,4,General Ward,100,52,13,16,2,25,52.95
2019-10-15,4,General Ward,100,52,14,23,3,25,52.48
2019-10-16,4,General Ward,100,46,19,11,4,24,46.33
2019-10-17,4,General Ward,100,54,16,11,4,24,54.49
2019-10-18,4,General Ward,100,50,13,17,5,24,50.8
2019-10-19,4,General Ward,100,36,12,16,3,23,36.24
2019-10-20,4,General Ward,100,44,21,10,4,21,44.03
2019-10-21,4,General Ward,100,48,23,16,4,26,48.37
2019-10-22,4,General Ward,100,51,15,14,4,26,51.88
2019-10-23,4,General Ward,100,58,20,17,3,24,58.37
2019-10-24,4,General Ward,100,56,19,25,4,24,56.24
2019-10-25,4,General Ward,100,47,18,17,3,28,47.12
2019-10-26,4,General Ward,100,38,15,18,2,24,38.93
2019-10-27,4,General Ward,100,38,13,9,2,24,38.88
2019-10-28,4,General Ward,100,44,10,20,4,23,44.85
2019-10-29,4,General Ward,100,48,9,21,4,22,48.89
2019-10-30,4,General Ward,100,51,17,20,3,27,51.24
2019-10-31,4,General Ward,100,52,14,12,3,22,52.18
2019-11-01,4,General Ward,100,57,11,21,4,28,57.66
2019-11-02,4,General Ward,100,39,14,15,3,22,39.0
2019-11-03,4,General Ward,100,41,17,18,3,22,41.41
2019-11-04,4,General Ward,100,54,25,16,4,20,54.33
2019-11-05,4,General Ward,100,59,22,24,4,24,59.07
2019-11-06,4,General Ward,100,51,13,11,5,24,51.55
2019-11-07,4,General Ward,100,56,20,14,3,25,56.95
2019-11-08,4,General Ward,100,53,20,20,4,26,53.54
2019-11-09,4,General Ward,100,41,19,16,3,19,41.92
2019-11-10,4,General Ward,100,38,14,20,4,24,38.11
2019-11-11,4,General Ward,100,54,13,16,4,24,54.2
2019-11-12,4,General Ward,100,56,16,16,3,29,56.56
2019-11-13,4,General Ward,100,65,15,17,4,27,65.46
2019-11-14,4,General Ward,100,54,12,10,3,26,54.02
2019-11-15,4,General Ward,100,50,11,17,3,28,50.4
2019-11-16,4,General Ward,100,36,10,16,4,26,36.05
2019-11-17,4,General Ward,100,47,10,16,4,27,47.67
2019-11-18,4,General Ward,100,53,14,25,4,28,53.53
2019-11-19,4,General Ward,100,56,23,15,4,28,57.0
2019-11-20,4,General Ward,100,53,18,15,3,25,53.31
2019-11-21,4,General Ward,100,55,13,13,4,25,55.15
2019-11-22,4,General Ward,100,56,22,12,3,26,56.1
2019-11-23,4,General Ward,100,53,10,17,4,25,53.02
2019-11-24,4,General Ward,100,33,18,18,5,18,33.6
2019-11-25,4,General Ward,100,61,17,11,4,26,61.07
2019-11-26,4,General Ward,100,58,8,12,1,25,58.7
2019-11-27,4,General Ward,100,60,12,10,3,26,60.19
2019-11-28,4,General Ward,100,70,14,18,5,26,70.34
2019-11-29,4,General Ward,100,66,13,12,4,21,66.16
2019-11-30,4,General Ward,100,38,10,19,3,24,38.39
2019-12-01,4,General Ward,100,47,14,14,4,24,47.32
2019-12-02,4,General Ward,100,58,25,18,5,25,58.37
2019-12-03,4,General Ward,100,63,19,21,5,23,63.06
2019-12-04,4,General Ward,100,57,18,20,3,25,57.1
2019-12-05,4,General Ward,100,59,24,9,3,27,59.1
2019-12-06,4,General Ward,100,64,11,13,5,23,64.87
2019-12-07,4,General Ward,100,45,12,11,5,23,45.62
2019-12-08,4,General Ward,100,47,10,12,2,22,47.68
2019-12-09,4,General Ward,100,61,15,24,3,22,61.13
2019-12-10,4,General Ward,100,65,20,13,4,28,65.25
2019-12-11,4,General Ward,100,56,14,18,4,25,56.4
2019-12-12,4,General Ward,100,78,17,16,3,25,78.17
2019-12-13,4,General Ward,100,66,17,10,7,29,66.38
2019-12-14,4,General Ward,100,46,14,22,3,21,46.53
2019-12-15,4,General Ward,100,42,11,15,2,21,42.63
2019-12-16,4,General Ward,100,72,10,10,3,25,72.45
2019-12-17,4,General Ward,100,68,17,7,4,26,68.25
2019-12-18,4,General Ward,100,63,9,9,4,28,63.07
2019-12-19,4,General Ward,100,69,15,18,4,29,69.06
2019-12-20,4,General Ward,100,70,15,9,3,25,70.14
2019-12-21,4,General Ward,100,49,17,17,5,21,49.75
2019-12-22,4,General Ward,100,48,21,16,3,21,48.12
2019-12-23,4,General Ward,100,58,15,19,4,26,58.85
2019-12-24,4,General Ward,100,70,17,12,4,25,70.68
2019-12-25,4,General Ward,100,72,12,20,5,30,72.47
2019-12-26,4,General Ward,100,61,19,13,4,25,61.53
2019-12-27,4,General Ward,100,59,11,13,3,23,59.13
2019-12-28,4,General Ward,100,48,20,18,4,23,48.82
2019-12-29,4,General Ward,100,52,17,12,4,26,52.99
2019-12-30,4,General Ward,100,60,17,15,3,29,60.33
2019-12-31,4,General Ward,100,68,15,10,4,30,68.27
2020-01-01,4,General Ward,100,90,9,5,2,30,90.73
2020-01-02,4,General Ward,100,91,17,16,5,26,91.13
2020-01-03,4,General Ward,100,90,11,11,2,29,90.72
2020-01-04,4,General Ward,100,85,13,18,4,27,85.46
2020-01-05,4,General Ward,100,83,12,15,5,29,83.11
2020-01-06,4,General Ward,100,94,17,11,4,32,94.69
2020-01-07,4,General Ward,100,93,14,16,4,29,93.76
2020-01-08,4,General Ward,100,94,20,14,2,29,94.04
2020-01-09,4,General Ward,100,89,23,8,4,28,89.22
2020-01-10,4,General Ward,100,95,10,7,6,31,95.0
2020-01-11,4,General Ward,100,80,12,14,3,26,80.91
2020-01-12,4,General Ward,100,75,10,12,5,27,75.43
2020-01-13,4,General Ward,100,92,20,13,2,26,92.69
2020-01-14,4,General Ward,100,87,16,18,4,30,87.85
2020-01-15,4,General Ward,100,91,16,17,3,30,91.98
2020-01-16,4,General Ward,100,90,13,6,5,29,90.18
2020-01-17,4,General Ward,100,93,11,9,3,28,93.66
2020-01-18,4,General Ward,100,83,13,14,3,28,83.43
2020-01-19,4,General Ward,100,74,13,9,5,29,74.36
2020-01-20,4,General Ward,100,86,20,16,2,28,86.84
2020-01-21,4,General Ward,100,95,17,17,3,29,95.0
2020-01-22,4,General Ward,100,95,20,16,3,28,95.0
2020-01-23,4,General Ward,100,86,15,9,2,26,86.22
2020-01-24,4,General Ward,100,82,25,14,1,26,82.46
2020-01-25,4,General Ward,100,81,10,9,3,30,81.85
2020-01-26,4,General Ward,100,92,17,18,4,29,92.48
2020-01-27,4,General Ward,100,95,15,15,3,27,95.0
2020-01-28,4,General Ward,100,89,17,13,4,31,89.27
2020-01-29,4,General Ward,100,92,19,17,4,29,92.71
2020-01-30,4,General Ward,100,95,18,11,2,24,95.0
2020-01-31,4,General Ward,100,84,12,18,3,29,84.61
2020-02-01,4,General Ward,100,84,20,14,3,27,84.94
2020-02-02,4,General Ward,100,83,17,18,6,30,83.95
2020-02-03,4,General Ward,100,89,13,11,2,27,89.55
2020-02-04,4,General Ward,100,95,16,12,2,26,95.0
2020-02-05,4,General Ward,100,95,16,10,3,29,95.0
2020-02-06,4,General Ward,100,95,18,16,3,29,95.0
2020-02-07,4,General Ward,100,95,12,15,3,28,95.0
2020-02-08,4,General Ward,100,86,16,14,1,26,86.24
2020-02-09,4,General Ward,100,89,16,13,3,29,89.13
2020-02-10,4,General Ward,100,95,20,20,2,32,95.0
2020-02-11,4,General Ward,100,95,10,11,3,26,95.0
2020-02-12,4,General Ward,100,95,14,13,4,29,95.0
2020-02-13,4,General Ward,100,95,18,13,5,33,95.0
2020-02-14,4,General Ward,100,95,18,18,5,32,95.0
2020-02-15,4,General Ward,100,85,12,10,4,29,85.32
2020-02-16,4,General Ward,100,85,16,10,6,24,85.49
2020-02-17,4,General Ward,100,95,15,15,3,30,95.0
2020-02-18,4,General Ward,100,95,12,14,2,31,95.0
2020-02-19,4,General Ward,100,90,19,15,3,30,90.74
2020-02-20,4,General Ward,100,95,12,13,5,28,95.0
2020-02-21,4,General Ward,100,95,14,13,4,30,95.0
2020-02-22,4,General Ward,100,78,10,15,3,28,78.84
2020-02-23,4,General Ward,100,82,14,8,5,28,82.71
2020-02-24,4,General Ward,100,93,14,16,4,28,93.53
2020-02-25,4,General Ward,100,95,14,14,4,30,95.0
2020-02-26,4,General Ward,100,95,9,18,4,26,95.0
2020-02-27,4,General Ward,100,95,20,15,2,31,95.0
2020-02-28,4,General Ward,100,95,14,5,3,29,95.0
2020-02-29,4,General Ward,100,87,12,8,3,26,87.14
2020-03-01,4,General Ward,100,74,22,12,2,26,74.91
2020-03-02,4,General Ward,100,95,10,14,2,30,95.0
2020-03-03,4,General Ward,100,94,12,10,3,29,94.71
2020-03-04,4,General Ward,100,91,17,10,3,29,91.7
2020-03-05,4,General Ward,100,95,13,18,2,26,95.0
2020-03-06,4,General Ward,100,95,13,13,4,34,95.0
2020-03-07,4,General Ward,100,90,20,12,3,30,90.17
2020-03-08,4,General Ward,100,92,13,21,3,23,92.86
2020-03-09,4,General Ward,100,95,13,14,3,32,95.0
2020-03-10,4,General Ward,100,90,15,10,4,31,90.2
2020-03-11,4,General Ward,100,95,27,8,3,31,95.0
2020-03-12,4,General Ward,100,95,18,11,3,31,95.0
2020-03-13,4,General Ward,100,95,11,11,3,27,95.0
2020-03-14,4,General Ward,100,87,21,11,3,27,87.43
2020-03-15,4,General Ward,100,87,18,16,2,28,87.88
2020-03-16,4,General Ward,100,95,17,15,4,31,95.0
2020-03-17,4,General Ward,100,95,11,16,2,31,95.0
2020-03-18,4,General Ward,100,95,20,22,2,27,95.0
2020-03-19,4,General Ward,100,95,13,13,4,30,95.0
2020-03-20,4,General Ward,100,94,18,18,3,30,94.73
2020-03-21,4,General Ward,100,78,12,10,4,27,78.76
2020-03-22,4,General Ward,100,88,20,14,4,28,88.98
2020-03-23,4,General Ward,100,93,12,11,4,31,93.34
2020-03-24,4,General Ward,100,95,15,15,5,27,95.0
2020-03-25,4,General Ward,100,95,6,15,4,27,95.0
2020-03-26,4,General Ward,100,95,12,18,6,29,95.0
2020-03-27,4,General Ward,100,95,10,9,3,34,95.0
2020-03-28,4,General Ward,100,81,15,8,3,28,81.66
2020-03-29,4,General Ward,100,87,20,13,6,31,87.79
2020-03-30,4,General Ward,100,95,13,12,3,28,95.0
2020-03-31,4,General Ward,100,95,20,16,5,29,95.0
2020-04-01,4,General Ward,100,95,23,18,2,31,95.0
2020-04-02,4,General Ward,100,95,9,18,4,28,95.0
2020-04-03,4,General Ward,100,95,14,15,3,29,95.0
2020-04-04,4,General Ward,100,84,13,12,3,29,84.03
2020-04-05,4,General Ward,100,86,7,14,4,28,86.95
2020-04-06,4,General Ward,100,95,19,13,3,32,95.0
2020-04-07,4,General Ward,100,95,16,10,3,29,95.0
2020-04-08,4,General Ward,100,93,13,20,3,31,93.96
2020-04-09,4,General Ward,100,95,13,12,3,28,95.0
2020-04-10,4,General Ward,100,95,19,11,2,27,95.0
2020-04-11,4,General Ward,100,84,14,13,3,27,84.78
2020-04-12,4,General Ward,100,75,16,13,5,28,75.47
2020-04-13,4,General Ward,100,95,16,9,2,30,95.0
2020-04-14,4,General Ward,100,95,17,11,3,31,95.0
2020-04-15,4,General Ward,100,95,15,14,4,26,95.0
2020-04-16,4,General Ward,100,94,13,13,4,26,94.9
2020-04-17,4,General Ward,100,95,14,16,3,31,95.0
2020-04-18,4,General Ward,100,88,12,10,3,30,88.01
2020-04-19,4,General Ward,100,90,15,19,3,30,90.44
2020-04-20,4,General Ward,100,95,16,13,3,30,95.0
2020-04-21,4,General Ward,100,95,19,18,2,29,95.0
2020-04-22,4,General Ward,100,95,16,18,3,27,95.0
2020-04-23,4,General Ward,100,90,13,11,5,26,90.07
2020-04-24,4,General Ward,100,94,15,18,4,31,94.69
2020-04-25,4,General Ward,100,77,14,15,3,28,77.15
2020-04-26,4,General Ward,100,81,22,16,2,30,81.92
2020-04-27,4,General Ward,100,95,13,16,5,26,95.0
2020-04-28,4,General Ward,100,95,9,16,3,24,95.0
2020-04-29,4,General Ward,100,95,14,12,3,28,95.0
2020-04-30,4,General Ward,100,95,6,9,3,32,95.0
2020-05-01,4,General Ward,100,91,19,15,4,26,91.19
2020-05-02,4,General Ward,100,73,17,17,3,26,73.5
2020-05-03,4,General Ward,100,74,9,10,6,29,74.31
2020-05-04,4,General Ward,100,95,20,16,3,29,95.0
2020-05-05,4,General Ward,100,95,17,19,4,30,95.0
2020-05-06,4,General Ward,100,85,17,16,3,30,85.62
2020-05-07,4,General Ward,100,95,19,13,3,31,95.0
2020-05-08,4,General Ward,100,95,12,8,3,31,95.0
2020-05-09,4,General Ward,100,65,19,21,4,26,65.81
2020-05-10,4,General Ward,100,89,11,10,3,27,89.79
2020-05-11,4,General Ward,100,89,10,15,3,29,89.55
2020-05-12,4,General Ward,100,92,9,14,4,29,92.37
2020-05-13,4,General Ward,100,81,15,9,3,30,81.95
2020-05-14,4,General Ward,100,85,10,18,3,27,85.33
2020-05-15,4,General Ward,100,93,15,10,4,28,93.94
2020-05-16,4,General Ward,100,74,13,12,3,26,74.67
2020-05-17,4,General Ward,100,72,6,14,6,26,72.94
2020-05-18,4,General Ward,100,95,11,11,4,28,95.0
2020-05-19,4,General Ward,100,89,12,7,6,28,89.79
2020-05-20,4,General Ward,100,87,12,9,5,29,87.26
2020-05-21,4,General Ward,100,94,14,12,2,31,94.23
2020-05-22,4,General Ward,100,88,17,10,3,29,88.6
2020-05-23,4,General Ward,100,78,11,16,4,26,78.24
2020-05-24,4,General Ward,100,70,18,8,5,30,70.31
2020-05-25,4,General Ward,100,95,16,16,6,30,95.0
2020-05-26,4,General Ward,100,85,16,25,5,27,85.66
2020-05-27,4,General Ward,100,88,22,14,3,30,88.11
2020-05-28,4,General Ward,100,90,17,11,5,28,90.67
2020-05-29,4,General Ward,100,90,16,15,6,26,90.54
2020-05-30,4,General Ward,100,84,10,16,3,28,84.25
2020-05-31,4,General Ward,100,71,18,20,3,28,71.95
2020-06-01,4,General Ward,100,92,24,10,2,27,92.27
2020-06-02,4,General Ward,100,88,15,20,6,25,88.78
2020-06-03,4,General Ward,100,76,12,13,3,26,76.9
2020-06-04,4,General Ward,100,91,8,16,1,26,91.02
2020-06-05,4,General Ward,100,84,18,12,3,28,84.67
2020-06-06,4,General Ward,100,65,18,12,4,29,65.0
2020-06-07,4,General Ward,100,64,17,10,4,26,64.38
2020-06-08,4,General Ward,100,86,15,17,4,27,86.46
2020-06-09,4,General Ward,100,86,17,13,5,27,86.09
2020-06-10,4,General Ward,100,83,13,15,4,24,83.68
2020-06-11,4,General Ward,100,78,21,18,3,27,78.48
2020-06-12,4,General Ward,100,81,15,11,5,26,81.53
2020-06-13,4,General Ward,100,75,17,14,3,29,75.44
2020-06-14,4,General Ward,100,75,15,14,5,24,75.19
2020-06-15,4,General Ward,100,80,14,20,4,28,80.32
2020-06-16,4,General Ward,100,89,13,15,5,28,89.77
2020-06-17,4,General Ward,100,82,11,20,5,29,82.65
2020-06-18,4,General Ward,100,87,17,16,3,29,87.64
2020-06-19,4,General Ward,100,87,12,13,4,28,87.17
2020-06-20,4,General Ward,100,71,13,9,4,28,71.78
2020-06-21,4,General Ward,100,71,12,20,5,27,71.33
2020-06-22,4,General Ward,100,88,14,15,5,31,88.64
2020-06-23,4,General Ward,100,83,17,20,1,25,83.26
2020-06-24,4,General Ward,100,85,19,16,4,28,85.35
2020-06-25,4,General Ward,100,82,15,17,3,27,82.13
2020-06-26,4,General Ward,100,88,13,16,7,27,88.17
2020-06-27,4,General Ward,100,67,15,14,5,27,67.01
2020-06-28,4,General Ward,100,65,14,11,4,26,65.5
2020-06-29,4,General Ward,100,84,8,7,3,28,84.29
2020-06-30,4,General Ward,100,78,13,14,2,27,78.98
2020-07-01,4,General Ward,100,82,17,16,5,30,82.13
2020-07-02,4,General Ward,100,70,16,6,5,23,70.45
2020-07-03,4,General Ward,100,81,13,9,4,27,81.92
2020-07-04,4,General Ward,100,55,16,6,4,24,55.17
2020-07-05,4,General Ward,100,62,18,11,3,27,62.28
2020-07-06,4,General Ward,100,77,13,12,3,29,77.84
2020-07-07,4,General Ward,100,84,17,12,2,28,84.79
2020-07-08,4,General Ward,100,80,11,14,5,29,80.78
2020-07-09,4,General Ward,100,72,17,15,6,29,72.26
2020-07-10,4,General Ward,100,81,18,12,3,26,81.25
2020-07-11,4,General Ward,100,60,14,11,4,27,60.16
2020-07-12,4,General Ward,100,59,17,11,4,24,59.81
2020-07-13,4,General Ward,100,82,9,18,5,27,82.26
2020-07-14,4,General Ward,100,76,12,11,4,28,76.17
2020-07-15,4,General Ward,100,75,12,12,3,27,75.77
2020-07-16,4,General Ward,100,79,16,19,4,28,79.42
2020-07-17,4,General Ward,100,69,20,16,4,27,69.31
2020-07-18,4,General Ward,100,61,19,15,5,26,61.85
2020-07-19,4,General Ward,100,68,12,19,4,25,68.04
2020-07-20,4,General Ward,100,79,16,15,2,28,79.81
2020-07-21,4,General Ward,100,74,12,10,4,26,74.39
2020-07-22,4,General Ward,100,69,18,9,4,24,69.57
2020-07-23,4,General Ward,100,77,16,18,2,27,77.68
2020-07-24,4,General Ward,100,88,14,16,3,24,88.2
2020-07-25,4,General Ward,100,60,10,23,2,24,60.47
2020-07-26,4,General Ward,100,62,13,21,6,25,62.14
2020-07-27,4,General Ward,100,75,14,13,4,26,75.31
2020-07-28,4,General Ward,100,79,14,18,1,28,79.81
2020-07-29,4,General Ward,100,79,10,10,2,25,79.46
2020-07-30,4,General Ward,100,74,21,11,2,27,74.0
2020-07-31,4,General Ward,100,78,17,17,2,27,78.07
2020-08-01,4,General Ward,100,63,13,19,2,29,63.04
2020-08-02,4,General Ward,100,57,9,12,4,25,57.64
2020-08-03,4,General Ward,100,63,16,22,6,24,63.35
2020-08-04,4,General Ward,100,71,16,25,5,27,71.71
2020-08-05,4,General Ward,100,75,7,14,4,27,75.52
2020-08-06,4,General Ward,100,61,13,11,4,25,61.19
2020-08-07,4,General Ward,100,70,13,17,3,29,70.26
2020-08-08,4,General Ward,100,56,16,11,3,25,56.71
2020-08-09,4,General Ward,100,56,19,11,4,24,56.98
2020-08-10,4,General Ward,100,68,20,15,3,22,68.67
2020-08-11,4,General Ward,100,71,18,15,3,26,71.59
2020-08-12,4,General Ward,100,74,17,9,5,28,74.07
2020-08-13,4,General Ward,100,79,7,11,1,26,79.75
2020-08-14,4,General Ward,100,76,21,16,5,31,76.37
2020-08-15,4,General Ward,100,55,9,12,5,29,55.34
2020-08-16,4,General Ward,100,59,16,8,3,29,59.37
2020-08-17,4,General Ward,100,81,22,14,2,30,81.95
2020-08-18,4,General Ward,100,77,13,13,2,29,77.06
2020-08-19,4,General Ward,100,66,17,10,4,27,66.59
2020-08-20,4,General Ward,100,70,14,13,3,29,70.36
2020-08-21,4,General Ward,100,62,13,15,4,27,62.4
2020-08-22,4,General Ward,100,65,12,8,2,26,65.25
2020-08-23,4,General Ward,100,57,12,22,4,25,57.97
2020-08-24,4,General Ward,100,65,20,14,3,27,65.81
2020-08-25,4,General Ward,100,71,19,9,3,29,71.95
2020-08-26,4,General Ward,100,69,16,13,3,33,69.61
2020-08-27,4,General Ward,100,70,14,16,5,25,70.24
2020-08-28,4,General Ward,100,78,19,18,4,28,78.53
2020-08-29,4,General Ward,100,56,9,17,2,29,56.72
2020-08-30,4,General Ward,100,50,12,7,5,24,50.29
2020-08-31,4,General Ward,100,69,14,9,3,26,69.56
2020-09-01,4,General Ward,100,71,18,13,4,27,71.62
2020-09-02,4,General Ward,100,69,18,14,3,24,69.47
2020-09-03,4,General Ward,100,76,19,19,4,28,76.39
2020-09-04,4,General Ward,100,65,18,11,4,23,65.1
2020-09-05,4,General Ward,100,48,12,13,4,21,48.65
2020-09-06,4,General Ward,100,55,19,16,2,26,55.72
2020-09-07,4,General Ward,100,73,15,14,3,25,73.56
2020-09-08,4,General Ward,100,73,20,14,4,30,73.82
2020-09-09,4,General Ward,100,67,19,14,1,24,67.91
2020-09-10,4,General Ward,100,66,14,12,3,22,66.51
2020-09-11,4,General Ward,100,69,13,14,5,27,69.35
2020-09-12,4,General Ward,100,55,14,21,5,25,55.57
2020-09-13,4,General Ward,100,56,10,17,3,30,56.74
2020-09-14,4,General Ward,100,71,14,12,3,28,71.69
2020-09-15,4,General Ward,100,69,19,11,3,23,69.23
2020-09-16,4,General Ward,100,74,15,13,6,27,74.29
2020-09-17,4,General Ward,100,65,14,9,6,26,65.89
2020-09-18,4,General Ward,100,74,13,10,5,31,74.12
2020-09-19,4,General Ward,100,53,11,11,4,24,53.81
2020-09-20,4,General Ward,100,57,20,14,5,28,57.6
2020-09-21,4,General Ward,100,69,17,10,4,28,69.12
2020-09-22,4,General Ward,100,74,15,13,3,25,74.51
2020-09-23,4,General Ward,100,68,12,7,4,29,68.48
2020-09-24,4,General Ward,100,58,17,19,3,28,58.23
2020-09-25,4,General Ward,100,72,14,12,5,28,72.44
2020-09-26,4,General Ward,100,45,7,10,4,24,45.86
2020-09-27,4,General Ward,100,58,17,22,5,29,58.5
2020-09-28,4,General Ward,100,68,18,16,5,26,68.86
2020-09-29,4,General Ward,100,75,14,20,5,27,75.45
2020-09-30,4,General Ward,100,62,8,12,3,24,62.85
2020-10-01,4,General Ward,100,71,23,11,4,23,71.62
2020-10-02,4,General Ward,100,72,20,18,4,27,72.78
2020-10-03,4,General Ward,100,59,13,12,4,26,59.39
2020-10-04,4,General Ward,100,60,18,15,3,28,60.05
2020-10-05,4,General Ward,100,71,15,15,4,23,71.55
2020-10-06,4,General Ward,100,73,13,13,3,24,73.82
2020-10-07,4,General Ward,100,67,16,15,5,26,67.09
2020-10-08,4,General Ward,100,71,13,20,3,27,71.22
2020-10-09,4,General Ward,100,73,15,17,2,23,73.72
2020-10-10,4,General Ward,100,62,21,19,4,23,62.79
2020-10-11,4,General Ward,100,62,18,11,3,28,62.17
2020-10-12,4,General Ward,100,74,18,19,3,23,74.7
2020-10-13,4,General Ward,100,62,19,18,4,26,62.96
2020-10-14,4,General Ward,100,72,12,12,2,28,72.38
2020-10-15,4,General Ward,100,70,18,17,4,30,70.38
2020-10-16,4,General Ward,100,72,14,13,6,27,72.36
2020-10-17,4,General Ward,100,58,7,13,5,25,58.41
2020-10-18,4,General Ward,100,54,13,8,4,21,54.65
2020-10-19,4,General Ward,100,74,13,13,5,26,74.13
2020-10-20,4,General Ward,100,66,11,13,4,26,66.02
2020-10-21,4,General Ward,100,68,11,25,3,23,68.96
2020-10-22,4,General Ward,100,76,20,15,1,26,76.28
2020-10-23,4,General Ward,100,73,20,20,2,20,73.87
2020-10-24,4,General Ward,100,55,17,16,3,22,55.77
2020-10-25,4,General Ward,100,46,10,16,2,25,46.56
2020-10-26,4,General Ward,100,70,17,22,5,24,70.96
2020-10-27,4,General Ward,100,78,11,16,4,26,78.88
2020-10-28,4,General Ward,100,77,10,17,3,28,77.59
2020-10-29,4,General Ward,100,66,13,13,4,26,66.78
2020-10-30,4,General Ward,100,78,10,16,4,29,78.91
2020-10-31,4,General Ward,100,59,13,10,4,30,59.44
2020-11-01,4,General Ward,100,57,10,14,5,26,57.21
2020-11-02,4,General Ward,100,88,14,13,6,26,88.77
2020-11-03,4,General Ward,100,80,12,19,3,31,80.93
2020-11-04,4,General Ward,100,63,17,12,4,21,63.38
2020-11-05,4,General Ward,100,79,10,22,3,28,79.07
2020-11-06,4,General Ward,100,70,21,22,1,27,70.78
2020-11-07,4,General Ward,100,65,15,13,3,22,65.14
2020-11-08,4,General Ward,100,72,17,13,4,30,72.66
2020-11-09,4,General Ward,100,74,16,12,5,26,74.38
2020-11-10,4,General Ward,100,80,9,4,3,28,80.25
2020-11-11,4,General Ward,100,70,15,14,4,24,70.7
2020-11-12,4,General Ward,100,69,9,14,4,27,69.51
2020-11-13,4,General Ward,100,88,11,12,6,32,88.84
2020-11-14,4,General Ward,100,68,16,16,3,24,68.57
2020-11-15,4,General Ward,100,65,14,20,4,24,65.53
2020-11-16,4,General Ward,100,83,12,19,3,30,83.52
2020-11-17,4,General Ward,100,74,14,15,4,26,74.53
2020-11-18,4,General Ward,100,86,15,11,3,27,86.98
2020-11-19,4,General Ward,100,81,10,11,4,31,81.5
2020-11-20,4,General Ward,100,77,14,17,4,26,77.1
2020-11-21,4,General Ward,100,65,25,12,2,28,65.19
2020-11-22,4,General Ward,100,56,13,13,5,26,56.62
2020-11-23,4,General Ward,100,67,18,14,5,26,67.54
2020-11-24,4,General Ward,100,82,9,13,3,27,82.97
2020-11-25,4,General Ward,100,83,14,21,5,26,83.12
2020-11-26,4,General Ward,100,74,11,12,2,30,74.17
2020-11-27,4,General Ward,100,76,19,13,3,27,76.94
2020-11-28,4,General Ward,100,63,19,12,3,25,63.89
2020-11-29,4,General Ward,100,67,18,12,5,23,67.25
2020-11-30,4,General Ward,100,76,17,12,3,30,76.64
2020-12-01,4,General Ward,100,76,15,18,2,29,76.78
2020-12-02,4,General Ward,100,75,10,19,4,27,75.01
2020-12-03,4,General Ward,100,87,23,17,4,28,87.88
2020-12-04,4,General Ward,100,89,9,7,3,28,89.78
2020-12-05,4,General Ward,100,62,16,17,3,28,62.27
2020-12-06,4,General Ward,100,66,13,14,2,27,66.39
2020-12-07,4,General Ward,100,80,15,17,4,26,80.9
2020-12-08,4,General Ward,100,87,15,10,3,31,87.88
2020-12-09,4,General Ward,100,89,14,17,3,30,89.77
2020-12-10,4,General Ward,100,77,15,18,4,28,77.04
2020-12-11,4,General Ward,100,87,15,14,1,28,87.95
2020-12-12,4,General Ward,100,61,12,16,2,23,61.66
2020-12-13,4,General Ward,100,73,15,15,4,28,73.86
2020-12-14,4,General Ward,100,79,14,12,3,26,79.42
2020-12-15,4,General Ward,100,83,17,10,3,25,83.63
2020-12-16,4,General Ward,100,87,18,19,4,26,87.08
2020-12-17,4,General Ward,100,81,13,13,3,31,81.07
2020-12-18,4,General Ward,100,85,15,13,3,27,85.45
2020-12-19,4,General Ward,100,74,16,16,4,28,74.63
2020-12-20,4,General Ward,100,67,17,18,3,23,67.98
2020-12-21,4,General Ward,100,84,11,18,4,28,84.06
2020-12-22,4,General Ward,100,87,13,14,4,30,87.07
2020-12-23,4,General Ward,100,85,15,11,3,27,85.21
2020-12-24,4,General Ward,100,85,15,14,4,28,85.2
2020-12-25,4,General Ward,100,75,18,7,3,27,75.78
2020-12-26,4,General Ward,100,67,17,17,4,27,67.25
2020-12-27,4,General Ward,100,69,17,14,4,25,69.67
2020-12-28,4,General Ward,100,86,25,14,3,27,86.6
2020-12-29,4,General Ward,100,91,17,15,4,28,91.07
2020-12-30,4,General Ward,100,84,15,13,5,26,84.34
2020-12-31,4,General Ward,100,85,12,11,4,30,85.31
2021-01-01,4,General Ward,100,83,13,6,5,25,83.19
2021-01-02,4,General Ward,100,79,19,13,5,27,79.03
2021-01-03,4,General Ward,100,75,19,12,3,30,75.01
2021-01-04,4,General Ward,100,86,11,10,3,28,86.45
2021-01-05,4,General Ward,100,89,14,14,4,25,89.04
2021-01-06,4,General Ward,100,91,10,14,4,27,91.54
2021-01-07,4,General Ward,100,89,19,18,1,30,89.42
2021-01-08,4,General Ward,100,85,12,12,4,29,85.45
2021-01-09,4,General Ward,100,80,9,11,4,24,80.15
2021-01-10,4,General Ward,100,77,14,9,2,31,77.93
2021-01-11,4,General Ward,100,95,14,12,3,26,95.0
2021-01-12,4,General Ward,100,95,10,18,2,27,95.0
2021-01-13,4,General Ward,100,93,8,18,4,27,93.86
2021-01-14,4,General Ward,100,84,22,14,2,27,84.86
2021-01-15,4,General Ward,100,90,12,13,3,25,90.89
2021-01-16,4,General Ward,100,77,24,17,3,25,77.77
2021-01-17,4,General Ward,100,76,16,10,4,29,76.32
2021-01-18,4,General Ward,100,93,17,10,4,26,93.51
2021-01-19,4,General Ward,100,95,16,14,5,28,95.0
2021-01-20,4,General Ward,100,82,12,24,3,29,82.67
2021-01-21,4,General Ward,100,93,16,19,4,29,93.44
2021-01-22,4,General Ward,100,84,16,6,3,28,84.48
2021-01-23,4,General Ward,100,72,14,22,3,29,72.79
2021-01-24,4,General Ward,100,76,13,12,3,29,76.53
2021-01-25,4,General Ward,100,91,17,13,4,28,91.96
2021-01-26,4,General Ward,100,93,16,13,3,32,93.1
2021-01-27,4,General Ward,100,90,15,7,3,25,90.24
2021-01-28,4,General Ward,100,95,12,13,3,31,95.0
2021-01-29,4,General Ward,100,90,21,16,4,27,90.29
2021-01-30,4,General Ward,100,80,20,19,4,26,80.92
2021-01-31,4,General Ward,100,72,17,22,5,27,72.88
2021-02-01,4,General Ward,100,95,18,15,3,33,95.0
2021-02-02,4,General Ward,100,95,18,16,4,27,95.0
2021-02-03,4,General Ward,100,95,12,8,4,28,95.0
2021-02-04,4,General Ward,100,95,20,15,2,29,95.0
2021-02-05,4,General Ward,100,95,9,11,3,29,95.0
2021-02-06,4,General Ward,100,85,14,17,3,28,85.13
2021-02-07,4,General Ward,100,78,17,6,6,27,78.58
2021-02-08,4,General Ward,100,94,16,19,3,29,94.38
2021-02-09,4,General Ward,100,95,12,13,3,28,95.0
2021-02-10,4,General Ward,100,95,15,12,1,27,95.0
2021-02-11,4,General Ward,100,95,18,11,2,32,95.0
2021-02-12,4,General Ward,100,95,11,10,6,32,95.0
2021-02-13,4,General Ward,100,85,17,18,4,26,85.06
2021-02-14,4,General Ward,100,82,13,12,2,30,82.61
2021-02-15,4,General Ward,100,95,16,15,4,29,95.0
2021-02-16,4,General Ward,100,94,12,14,5,30,94.78
2021-02-17,4,General Ward,100,95,12,8,4,31,95.0
2021-02-18,4,General Ward,100,95,10,14,3,32,95.0
2021-02-19,4,General Ward,100,92,8,15,4,28,92.52
2021-02-20,4,General Ward,100,89,20,20,4,29,89.21
2021-02-21,4,General Ward,100,86,19,14,6,28,86.53
2021-02-22,4,General Ward,100,95,12,17,3,31,95.0
2021-02-23,4,General Ward,100,95,13,12,4,27,95.0
2021-02-24,4,General Ward,100,95,21,13,4,27,95.0
2021-02-25,4,General Ward,100,95,7,8,4,29,95.0
2021-02-26,4,General Ward,100,95,13,11,4,26,95.0
2021-02-27,4,General Ward,100,87,14,8,5,28,87.06
2021-02-28,4,General Ward,100,87,19,16,3,29,87.25
2021-03-01,4,General Ward,100,95,24,8,5,30,95.0
2021-03-02,4,General Ward,100,95,14,15,4,27,95.0
2021-03-03,4,General Ward,100,95,15,15,3,33,95.0
2021-03-04,4,General Ward,100,95,12,15,3,29,95.0
2021-03-05,4,General Ward,100,92,12,9,5,28,92.49
2021-03-06,4,General Ward,100,88,17,14,3,25,88.25
2021-03-07,4,General Ward,100,89,15,7,4,28,89.66
2021-03-08,4,General Ward,100,95,21,16,2,24,95.0
2021-03-09,4,General Ward,100,95,14,15,5,29,95.0
2021-03-10,4,General Ward,100,95,14,16,3,30,95.0
2021-03-11,4,General Ward,100,95,15,13,3,26,95.0
2021-03-12,4,General Ward,100,95,14,7,4,31,95.0
2021-03-13,4,General Ward,100,83,11,14,1,28,83.64
2021-03-14,4,General Ward,100,81,17,8,3,27,81.76
2021-03-15,4,General Ward,100,95,13,18,3,29,95.0
2021-03-16,4,General Ward,100,95,15,23,4,32,95.0
2021-03-17,4,General Ward,100,95,14,10,3,31,95.0
2021-03-18,4,General Ward,100,95,14,13,4,30,95.0
2021-03-19,4,General Ward,100,95,19,17,2,27,95.0
2021-03-20,4,General Ward,100,88,12,16,3,23,88.13
2021-03-21,4,General Ward,100,75,21,7,4,27,75.42
2021-03-22,4,General Ward,100,95,16,13,3,30,95.0
2021-03-23,4,General Ward,100,95,14,13,2,27,95.0
2021-03-24,4,General Ward,100,95,15,22,3,30,95.0
2021-03-25,4,General Ward,100,94,18,14,5,30,94.12
2021-03-26,4,General Ward,100,95,11,18,3,30,95.0
2021-03-27,4,General Ward,100,89,18,12,3,29,90.0
2021-03-28,4,General Ward,100,88,12,9,2,29,88.54
2021-03-29,4,General Ward,100,95,22,12,2,27,95.0
2021-03-30,4,General Ward,100,95,23,12,3,32,95.0
2021-03-31,4,General Ward,100,95,17,16,3,28,95.0
2021-04-01,4,General Ward,100,95,15,12,5,29,95.0
2021-04-02,4,General Ward,100,95,14,8,4,27,95.0
2021-04-03,4,General Ward,100,82,15,14,4,27,82.82
2021-04-04,4,General Ward,100,72,11,13,4,25,72.72
2021-04-05,4,General Ward,100,95,18,16,4,30,95.0
2021-04-06,4,General Ward,100,92,16,14,4,32,92.45
2021-04-07,4,General Ward,100,93,24,17,3,29,93.33
2021-04-08,4,General Ward,100,95,16,9,4,29,95.0
2021-04-09,4,General Ward,100,95,9,9,3,29,95.0
2021-04-10,4,General Ward,100,86,10,8,4,28,86.44
2021-04-11,4,General Ward,100,78,19,15,2,27,78.63
2021-04-12,4,General Ward,100,93,14,19,5,30,93.48
2021-04-13,4,General Ward,100,95,13,12,4,31,95.0
2021-04-14,4,General Ward,100,87,13,14,1,29,87.42
2021-04-15,4,General Ward,100,95,20,5,3,29,95.0
2021-04-16,4,General Ward,100,95,19,13,3,30,95.0
2021-04-17,4,General Ward,100,90,18,17,4,27,90.46
2021-04-18,4,General Ward,100,82,20,9,4,29,82.2
2021-04-19,4,General Ward,100,95,17,13,4,28,95.0
2021-04-20,4,General Ward,100,95,19,13,4,29,95.0
2021-04-21,4,General Ward,100,95,15,13,2,29,95.0
2021-04-22,4,General Ward,100,95,11,8,1,26,95.0
2021-04-23,4,General Ward,100,95,12,10,4,30,95.0
2021-04-24,4,General Ward,100,91,21,19,3,30,91.07
2021-04-25,4,General Ward,100,80,16,14,4,29,80.48
2021-04-26,4,General Ward,100,94,17,11,3,29,94.2
2021-04-27,4,General Ward,100,89,18,17,2,30,89.94
2021-04-28,4,General Ward,100,95,16,6,1,28,95.0
2021-04-29,4,General Ward,100,95,20,9,2,31,95.0
2021-04-30,4,General Ward,100,95,9,18,3,30,95.0
2021-05-01,4,General Ward,100,80,12,9,4,27,80.81
2021-05-02,4,General Ward,100,88,15,13,4,27,88.44
2021-05-03,4,General Ward,100,95,20,10,3,24,95.0
2021-05-04,4,General Ward,100,95,22,14,4,29,95.0
2021-05-05,4,General Ward,100,91,15,18,3,28,91.81
2021-05-06,4,General Ward,100,87,16,19,2,30,87.12
2021-05-07,4,General Ward,100,86,13,21,4,25,86.15
2021-05-08,4,General Ward,100,72,13,12,2,29,72.77
2021-05-09,4,General Ward,100,84,13,15,3,27,84.07
2021-05-10,4,General Ward,100,92,12,14,5,31,92.84
2021-05-11,4,General Ward,100,88,11,12,3,32,88.71
2021-05-12,4,General Ward,100,86,9,4,4,29,86.46
2021-05-13,4,General Ward,100,89,17,14,3,31,89.01
2021-05-14,4,General Ward,100,93,11,17,1,28,93.19
2021-05-15,4,General Ward,100,82,12,18,6,27,82.68
2021-05-16,4,General Ward,100,87,14,13,4,27,87.22
2021-05-17,4,General Ward,100,85,7,21,5,29,85.11
2021-05-18,4,General Ward,100,90,15,17,4,26,90.48
2021-05-19,4,General Ward,100,87,14,9,4,32,87.97
2021-05-20,4,General Ward,100,86,12,13,4,32,86.27
2021-05-21,4,General Ward,100,95,12,22,5,31,95.0
2021-05-22,4,General Ward,100,81,16,9,3,30,81.79
2021-05-23,4,General Ward,100,81,13,15,6,26,81.28
2021-05-24,4,General Ward,100,90,13,11,3,29,90.41
2021-05-25,4,General Ward,100,88,12,11,4,31,88.49
2021-05-26,4,General Ward,100,88,18,16,4,28,88.88
2021-05-27,4,General Ward,100,95,12,11,4,26,95.0
2021-05-28,4,General Ward,100,93,19,15,3,28,93.52
2021-05-29,4,General Ward,100,84,20,10,4,28,84.25
2021-05-30,4,General Ward,100,83,17,18,4,29,83.48
2021-05-31,4,General Ward,100,90,12,16,4,25,90.63
2021-06-01,4,General Ward,100,89,17,18,3,29,89.53
2021-06-02,4,General Ward,100,91,9,11,4,29,91.07
2021-06-03,4,General Ward,100,86,22,14,5,29,86.27
2021-06-04,4,General Ward,100,87,16,7,5,29,87.26
2021-06-05,4,General Ward,100,76,14,20,3,28,76.29
2021-06-06,4,General Ward,100,65,15,14,4,27,65.01
2021-06-07,4,General Ward,100,95,8,17,5,27,95.0
2021-06-08,4,General Ward,100,92,13,17,3,24,92.24
2021-06-09,4,General Ward,100,87,16,15,5,30,87.64
2021-06-10,4,General Ward,100,84,10,17,4,31,84.32
2021-06-11,4,General Ward,100,91,19,13,2,27,91.21
2021-06-12,4,General Ward,100,68,9,18,4,29,68.65
2021-06-13,4,General Ward,100,64,17,15,3,25,64.86
2021-06-14,4,General Ward,100,72,12,16,4,28,72.77
2021-06-15,4,General Ward,100,87,8,7,4,30,87.7
2021-06-16,4,General Ward,100,93,19,17,5,29,93.23
2021-06-17,4,General Ward,100,95,8,13,4,32,95.0
2021-06-18,4,General Ward,100,78,10,20,2,28,78.06
2021-06-19,4,General Ward,100,78,16,12,1,25,78.73
2021-06-20,4,General Ward,100,69,11,13,4,28,69.11
2021-06-21,4,General Ward,100,86,15,15,3,31,86.45
2021-06-22,4,General Ward,100,82,15,18,5,26,82.72
2021-06-23,4,General Ward,100,79,10,14,2,26,79.12
2021-06-24,4,General Ward,100,80,13,9,4,27,80.18
2021-06-25,4,General Ward,100,82,15,16,3,28,82.25
2021-06-26,4,General Ward,100,67,18,13,2,26,67.31
2021-06-27,4,General Ward,100,59,14,14,5,26,59.77
2021-06-28,4,General Ward,100,82,16,11,4,31,82.06
2021-06-29,4,General Ward,100,77,15,15,3,26,77.61
2021-06-30,4,General Ward,100,81,17,20,2,26,81.45
2021-07-01,4,General Ward,100,71,16,14,2,28,71.17
2021-07-02,4,General Ward,100,71,14,11,3,29,71.03
2021-07-03,4,General Ward,100,65,19,10,4,26,65.37
2021-07-04,4,General Ward,100,65,13,10,3,28,65.4
2021-07-05,4,General Ward,100,73,16,23,6,23,73.5
2021-07-06,4,General Ward,100,76,18,20,5,28,76.38
2021-07-07,4,General Ward,100,85,17,13,3,29,85.88
2021-07-08,4,General Ward,100,70,13,9,5,27,70.92
2021-07-09,4,General Ward,100,69,14,19,4,28,69.92
2021-07-10,4,General Ward,100,58,11,10,3,24,58.44
2021-07-11,4,General Ward,100,55,20,13,4,22,55.9
2021-07-12,4,General Ward,100,67,15,18,2,27,67.7
2021-07-13,4,General Ward,100,83,15,10,3,28,83.42
2021-07-14,4,General Ward,100,75,22,7,3,27,75.04
2021-07-15,4,General Ward,100,72,12,16,6,24,72.14
2021-07-16,4,General Ward,100,72,14,19,4,27,72.91
2021-07-17,4,General Ward,100,60,14,11,3,24,60.13
2021-07-18,4,General Ward,100,54,8,18,2,25,54.39
2021-07-19,4,General Ward,100,74,21,13,3,29,74.31
2021-07-20,4,General Ward,100,67,20,7,4,28,67.86
2021-07-21,4,General Ward,100,80,19,11,4,28,80.45
2021-07-22,4,General Ward,100,77,14,14,3,27,77.02
2021-07-23,4,General Ward,100,68,12,20,6,24,68.77
2021-07-24,4,General Ward,100,60,11,22,3,28,60.68
2021-07-25,4,General Ward,100,61,15,7,2,25,61.52
2021-07-26,4,General Ward,100,73,14,11,5,29,73.01
2021-07-27,4,General Ward,100,77,16,10,4,24,77.0
2021-07-28,4,General Ward,100,85,24,12,4,31,85.89
2021-07-29,4,General Ward,100,77,17,20,5,27,77.42
2021-07-30,4,General Ward,100,71,28,10,3,25,71.16
2021-07-31,4,General Ward,100,58,13,12,3,25,58.5
2021-08-01,4,General Ward,100,55,15,12,4,30,55.88
2021-08-02,4,General Ward,100,75,12,10,4,29,75.72
2021-08-03,4,General Ward,100,61,13,18,4,26,61.38
2021-08-04,4,General Ward,100,82,11,16,4,28,82.27
2021-08-05,4,General Ward,100,67,14,16,4,29,67.96
2021-08-06,4,General Ward,100,72,20,12,4,27,72.62
2021-08-07,4,General Ward,100,52,17,18,3,24,52.08
2021-08-08,4,General Ward,100,47,17,14,3,28,47.34
2021-08-09,4,General Ward,100,70,11,18,4,24,70.02
2021-08-10,4,General Ward,100,76,13,11,3,26,76.03
2021-08-11,4,General Ward,100,71,14,15,6,26,71.87
2021-08-12,4,General Ward,100,65,21,16,4,26,65.61
2021-08-13,4,General Ward,100,73,9,17,3,28,73.51
2021-08-14,4,General Ward,100,66,16,15,2,26,66.45
2021-08-15,4,General Ward,100,55,12,14,3,25,55.78
2021-08-16,4,General Ward,100,70,9,19,6,26,70.41
2021-08-17,4,General Ward,100,72,15,16,1,28,72.85
2021-08-18,4,General Ward,100,63,22,7,3,26,63.99
2021-08-19,4,General Ward,100,64,12,11,4,29,64.8
2021-08-20,4,General Ward,100,63,13,14,3,27,63.62
2021-08-21,4,General Ward,100,55,13,10,6,25,55.9
2021-08-22,4,General Ward,100,48,22,13,3,23,48.34
2021-08-23,4,General Ward,100,77,10,10,2,29,77.51
2021-08-24,4,General Ward,100,60,13,19,5,21,60.57
2021-08-25,4,General Ward,100,69,14,16,4,24,69.21
2021-08-26,4,General Ward,100,67,14,12,3,26,67.11
2021-08-27,4,General Ward,100,69,11,15,4,27,69.77
2021-08-28,4,General Ward,100,53,12,17,4,25,53.69
2021-08-29,4,General Ward,100,53,14,14,4,28,53.98
2021-08-30,4,General Ward,100,82,11,10,6,29,82.13
2021-08-31,4,General Ward,100,62,17,28,2,25,62.06
2021-09-01,4,General Ward,100,70,14,13,5,26,70.11
2021-09-02,4,General Ward,100,67,13,18,4,24,67.45
2021-09-03,4,General Ward,100,70,28,19,2,24,70.04
2021-09-04,4,General Ward,100,60,17,13,4,25,60.53
2021-09-05,4,General Ward,100,62,16,16,5,26,62.11
2021-09-06,4,General Ward,100,55,15,11,5,27,55.78
2021-09-07,4,General Ward,100,70,18,13,3,24,70.81
2021-09-08,4,General Ward,100,70,14,9,5,26,70.11
2021-09-09,4,General Ward,100,75,24,17,4,28,75.69
2021-09-10,4,General Ward,100,75,17,11,4,25,75.01
2021-09-11,4,General Ward,100,55,10,15,4,25,55.52
2021-09-12,4,General Ward,100,56,15,16,2,28,56.81
2021-09-13,4,General Ward,100,64,17,13,5,27,64.12
2021-09-14,4,General Ward,100,66,14,17,4,26,66.84
2021-09-15,4,General Ward,100,76,15,19,5,25,76.61
2021-09-16,4,General Ward,100,70,8,16,4,28,70.74
2021-09-17,4,General Ward,100,69,15,10,3,28,69.4
2021-09-18,4,General Ward,100,53,15,14,4,27,53.12
2021-09-19,4,General Ward,100,51,17,7,2,24,51.41
2021-09-20,4,General Ward,100,74,18,12,3,26,74.93
2021-09-21,4,General Ward,100,74,9,12,2,29,74.51
2021-09-22,4,General Ward,100,67,8,11,4,25,67.11
2021-09-23,4,General Ward,100,77,17,21,4,25,77.05
2021-09-24,4,General Ward,100,70,17,12,2,29,70.24
2021-09-25,4,General Ward,100,60,20,8,4,26,60.72
2021-09-26,4,General Ward,100,54,17,21,3,30,54.72
2021-09-27,4,General Ward,100,65,11,14,4,23,65.37
2021-09-28,4,General Ward,100,73,16,23,6,26,73.06
2021-09-29,4,General Ward,100,70,14,15,4,27,70.5
2021-09-30,4,General Ward,100,78,23,7,3,26,78.01
2021-10-01,4,General Ward,100,69,17,19,3,23,69.19
2021-10-02,4,General Ward,100,55,14,15,3,27,55.56
2021-10-03,4,General Ward,100,55,7,11,3,27,55.04
2021-10-04,4,General Ward,100,72,12,9,2,28,72.06
2021-10-05,4,General Ward,100,64,26,13,4,29,64.62
2021-10-06,4,General Ward,100,80,13,19,4,30,80.63
2021-10-07,4,General Ward,100,72,19,10,3,29,72.45
2021-10-08,4,General Ward,100,75,16,7,5,29,75.3
2021-10-09,4,General Ward,100,60,19,14,3,24,60.05
2021-10-10,4,General Ward,100,60,13,14,6,26,60.97
2021-10-11,4,General Ward,100,76,17,18,6,26,76.45
2021-10-12,4,General Ward,100,72,16,26,5,27,72.98
2021-10-13,4,General Ward,100,67,19,12,4,25,67.06
2021-10-14,4,General Ward,100,68,14,12,4,28,68.84
2021-10-15,4,General Ward,100,64,16,13,5,26,64.51
2021-10-16,4,General Ward,100,64,16,26,1,26,64.51
2021-10-17,4,General Ward,100,50,14,16,4,21,50.86
2021-10-18,4,General Ward,100,71,23,18,3,27,71.74
2021-10-19,4,General Ward,100,77,11,12,3,24,77.19
2021-10-20,4,General Ward,100,63,13,12,5,26,63.37
2021-10-21,4,General Ward,100,73,15,14,3,33,73.34
2021-10-22,4,General Ward,100,76,11,15,2,26,76.9
2021-10-23,4,General Ward,100,54,21,17,5,30,54.16
2021-10-24,4,General Ward,100,63,19,10,1,23,63.08
2021-10-25,4,General Ward,100,73,15,20,4,27,73.02
2021-10-26,4,General Ward,100,67,13,11,5,26,67.37
2021-10-27,4,General Ward,100,72,16,12,4,30,72.3
2021-10-28,4,General Ward,100,76,14,13,2,26,76.61
2021-10-29,4,General Ward,100,75,21,13,5,25,75.18
2021-10-30,4,General Ward,100,55,17,10,5,27,55.16
2021-10-31,4,General Ward,100,59,11,9,2,26,59.54
2021-11-01,4,General Ward,100,76,14,13,4,27,76.79
2021-11-02,4,General Ward,100,68,13,11,4,25,68.83
2021-11-03,4,General Ward,100,68,19,21,3,28,68.82
2021-11-04,4,General Ward,100,83,12,12,3,32,83.3
2021-11-05,4,General Ward,100,79,16,10,3,25,79.05
2021-11-06,4,General Ward,100,60,19,16,3,24,60.61
2021-11-07,4,General Ward,100,57,15,13,4,26,57.63
2021-11-08,4,General Ward,100,76,14,13,3,24,76.61
2021-11-09,4,General Ward,100,74,13,13,6,25,74.66
2021-11-10,4,General Ward,100,81,13,10,4,29,81.87
2021-11-11,4,General Ward,100,81,11,15,5,26,81.87
2021-11-12,4,General Ward,100,72,14,10,1,31,72.93
2021-11-13,4,General Ward,100,66,22,13,3,26,66.46
2021-11-14,4,General Ward,100,56,16,13,3,26,56.52
2021-11-15,4,General Ward,100,84,8,12,4,27,84.97
2021-11-16,4,General Ward,100,68,15,9,3,28,68.85
2021-11-17,4,General Ward,100,81,20,14,2,26,81.71
2021-11-18,4,General Ward,100,80,12,16,5,23,80.93
2021-11-19,4,General Ward,100,83,21,11,5,28,83.42
2021-11-20,4,General Ward,100,75,10,12,5,26,75.51
2021-11-21,4,General Ward,100,63,14,14,4,27,63.49
2021-11-22,4,General Ward,100,68,15,9,4,28,68.23
2021-11-23,4,General Ward,100,78,13,21,4,24,78.5
2021-11-24,4,General Ward,100,74,18,12,3,29,74.08
2021-11-25,4,General Ward,100,73,10,11,4,24,73.62
2021-11-26,4,General Ward,100,77,18,19,4,31,77.92
2021-11-27,4,General Ward,100,59,21,12,3,27,59.15
2021-11-28,4,General Ward,100,59,12,12,1,26,59.03
2021-11-29,4,General Ward,100,73,20,11,4,29,73.93
2021-11-30,4,General Ward,100,73,19,9,4,26,73.61
2021-12-01,4,General Ward,100,87,15,22,4,27,87.29
2021-12-02,4,General Ward,100,80,19,13,4,27,80.98
2021-12-03,4,General Ward,100,88,13,16,3,25,88.79
2021-12-04,4,General Ward,100,68,12,15,4,29,68.79
2021-12-05,4,General Ward,100,68,12,13,5,24,68.77
2021-12-06,4,General Ward,100,89,12,13,2,30,89.64
2021-12-07,4,General Ward,100,84,19,8,4,26,84.64
2021-12-08,4,General Ward,100,91,14,8,5,31,91.42
2021-12-09,4,General Ward,100,80,11,13,4,28,80.92
2021-12-10,4,General Ward,100,93,15,12,3,30,93.89
2021-12-11,4,General Ward,100,72,15,12,4,28,72.3
2021-12-12,4,General Ward,100,75,10,15,3,28,75.61
2021-12-13,4,General Ward,100,75,15,15,4,27,75.58
2021-12-14,4,General Ward,100,85,15,16,2,29,85.89
2021-12-15,4,General Ward,100,84,11,15,4,31,84.51
2021-12-16,4,General Ward,100,80,9,20,5,28,80.11
2021-12-17,4,General Ward,100,87,15,21,3,25,87.08
2021-12-18,4,General Ward,100,69,14,18,3,28,69.06
2021-12-19,4,General Ward,100,67,14,14,5,30,67.68
2021-12-20,4,General Ward,100,84,11,10,5,31,84.15
2021-12-21,4,General Ward,100,84,19,19,5,29,84.92
2021-12-22,4,General Ward,100,85,12,17,4,29,85.44
2021-12-23,4,General Ward,100,87,26,14,6,30,87.37
2021-12-24,4,General Ward,100,82,12,17,5,27,82.49
2021-12-25,4,General Ward,100,82,19,12,5,26,82.7
2021-12-26,4,General Ward,100,71,10,10,1,26,71.1
2021-12-27,4,General Ward,100,83,10,10,5,32,83.97
2021-12-28,4,General Ward,100,84,13,11,4,28,84.55
2021-12-29,4,General Ward,100,91,22,16,4,28,91.16
2021-12-30,4,General Ward,100,80,21,11,2,28,80.23
2021-12-31,4,General Ward,100,95,11,14,5,30,95.0
2022-01-01,4,General Ward,100,60,17,8,4,25,60.21
2022-01-02,4,General Ward,100,61,16,8,3,22,61.03
2022-01-03,4,General Ward,100,63,12,21,4,23,63.68
2022-01-04,4,General Ward,100,71,15,10,4,26,71.85
2022-01-05,4,General Ward,100,77,22,13,3,31,77.4
2022-01-06,4,General Ward,100,70,10,14,3,26,70.25
2022-01-07,4,General Ward,100,73,6,14,2,26,73.27
2022-01-08,4,General Ward,100,59,13,14,5,26,59.8
2022-01-09,4,General Ward,100,56,18,12,4,24,56.84
2022-01-10,4,General Ward,100,64,16,8,4,25,64.93
2022-01-11,4,General Ward,100,70,11,12,4,28,70.77
2022-01-12,4,General Ward,100,66,16,9,1,25,66.98
2022-01-13,4,General Ward,100,72,8,11,4,29,72.76
2022-01-14,4,General Ward,100,78,22,16,3,28,78.77
2022-01-15,4,General Ward,100,66,13,13,5,24,66.01
2022-01-16,4,General Ward,100,59,17,9,4,26,59.34
2022-01-17,4,General Ward,100,79,21,10,3,23,79.12
2022-01-18,4,General Ward,100,63,12,19,3,23,63.22
2022-01-19,4,General Ward,100,68,9,19,2,25,68.01
2022-01-20,4,General Ward,100,65,12,13,4,29,65.91
2022-01-21,4,General Ward,100,71,16,23,3,28,71.16
2022-01-22,4,General Ward,100,51,11,16,4,24,51.92
2022-01-23,4,General Ward,100,59,9,18,4,27,59.41
2022-01-24,4,General Ward,100,77,18,13,2,25,77.71
2022-01-25,4,General Ward,100,73,13,9,4,26,73.03
2022-01-26,4,General Ward,100,71,15,11,3,27,71.97
2022-01-27,4,General Ward,100,72,16,14,4,29,72.72
2022-01-28,4,General Ward,100,75,11,24,4,24,75.72
2022-01-29,4,General Ward,100,63,14,13,3,24,63.74
2022-01-30,4,General Ward,100,64,8,12,4,27,64.51
2022-01-31,4,General Ward,100,78,19,15,4,29,78.37
2022-02-01,4,General Ward,100,72,17,13,4,28,72.8
2022-02-02,4,General Ward,100,73,16,13,4,29,73.47
2022-02-03,4,General Ward,100,78,11,13,1,30,78.94
2022-02-04,4,General Ward,100,76,9,16,3,26,76.84
2022-02-05,4,General Ward,100,61,12,8,4,27,61.72
2022-02-06,4,General Ward,100,68,15,12,3,25,68.12
2022-02-07,4,General Ward,100,79,12,16,4,27,79.74
2022-02-08,4,General Ward,100,72,14,17,1,24,72.92
2022-02-09,4,General Ward,100,84,16,11,3,27,84.19
2022-02-10,4,General Ward,100,72,12,22,4,25,72.59
2022-02-11,4,General Ward,100,84,14,13,5,31,84.62
2022-02-12,4,General Ward,100,63,16,15,2,23,63.96
2022-02-13,4,General Ward,100,58,14,11,2,24,58.98
2022-02-14,4,General Ward,100,76,18,15,3,29,76.06
2022-02-15,4,General Ward,100,76,9,16,2,27,76.48
2022-02-16,4,General Ward,100,78,15,13,2,30,78.13
2022-02-17,4,General Ward,100,81,20,11,4,28,81.56
2022-02-18,4,General Ward,100,72,10,16,5,27,73.0
2022-02-19,4,General Ward,100,58,19,18,2,23,58.49
2022-02-20,4,General Ward,100,72,16,16,3,24,72.21
2022-02-21,4,General Ward,100,76,21,13,3,23,76.22
2022-02-22,4,General Ward,100,81,11,11,4,26,81.0
2022-02-23,4,General Ward,100,80,15,13,3,25,80.4
2022-02-24,4,General Ward,100,76,13,10,6,28,76.44
2022-02-25,4,General Ward,100,73,16,13,3,26,73.36
2022-02-26,4,General Ward,100,62,18,15,4,30,62.42
2022-02-27,4,General Ward,100,65,11,9,2,27,65.27
2022-02-28,4,General Ward,100,75,17,17,2,26,75.67
2022-03-01,4,General Ward,100,91,15,10,5,28,91.75
2022-03-02,4,General Ward,100,77,9,16,5,26,77.51
2022-03-03,4,General Ward,100,75,18,15,6,28,75.94
2022-03-04,4,General Ward,100,77,13,16,5,26,77.18
2022-03-05,4,General Ward,100,72,11,6,4,28,72.24
2022-03-06,4,General Ward,100,65,12,8,4,31,65.88
2022-03-07,4,General Ward,100,84,20,13,3,31,84.16
2022-03-08,4,General Ward,100,75,17,24,3,28,75.18
2022-03-09,4,General Ward,100,84,14,13,4,25,84.96
2022-03-10,4,General Ward,100,73,16,17,4,29,73.79
2022-03-11,4,General Ward,100,71,17,14,5,27,71.55
2022-03-12,4,General Ward,100,71,13,16,4,31,71.01
2022-03-13,4,General Ward,100,65,10,13,3,25,65.88
2022-03-14,4,General Ward,100,86,12,13,5,28,87.0
2022-03-15,4,General Ward,100,78,27,14,3,27,78.35
2022-03-16,4,General Ward,100,76,21,10,3,27,76.07
2022-03-17,4,General Ward,100,72,15,15,2,29,72.53
2022-03-18,4,General Ward,100,73,14,13,3,28,73.99
2022-03-19,4,General Ward,100,57,12,17,3,25,57.4
2022-03-20,4,General Ward,100,68,14,13,3,29,68.95
2022-03-21,4,General Ward,100,82,9,17,4,28,82.27
2022-03-22,4,General Ward,100,80,14,19,4,26,80.11
2022-03-23,4,General Ward,100,84,11,13,3,28,84.93
2022-03-24,4,General Ward,100,88,11,13,2,29,88.61
2022-03-25,4,General Ward,100,75,14,12,4,27,75.68
2022-03-26,4,General Ward,100,64,19,18,4,27,64.69
2022-03-27,4,General Ward,100,74,17,14,3,28,74.82
2022-03-28,4,General Ward,100,70,12,18,6,26,70.4
2022-03-29,4,General Ward,100,77,12,22,4,24,77.26
2022-03-30,4,General Ward,100,82,14,15,4,28,82.69
2022-03-31,4,General Ward,100,83,22,20,4,32,83.72
2022-04-01,4,General Ward,100,82,13,12,4,30,82.57
2022-04-02,4,General Ward,100,62,15,9,5,26,62.77
2022-04-03,4,General Ward,100,69,9,13,3,29,69.73
2022-04-04,4,General Ward,100,79,14,15,3,27,79.14
2022-04-05,4,General Ward,100,73,12,27,5,28,73.8
2022-04-06,4,General Ward,100,80,15,13,4,29,80.42
2022-04-07,4,General Ward,100,72,7,17,4,26,72.43
2022-04-08,4,General Ward,100,78,12,11,2,30,78.01
2022-04-09,4,General Ward,100,68,19,18,3,28,68.5
2022-04-10,4,General Ward,100,59,21,12,5,26,59.31
2022-04-11,4,General Ward,100,79,19,21,3,27,79.91
2022-04-12,4,General Ward,100,80,15,8,4,28,80.39
2022-04-13,4,General Ward,100,74,11,13,4,29,74.52
2022-04-14,4,General Ward,100,79,20,12,4,26,79.07
2022-04-15,4,General Ward,100,80,19,16,1,27,80.19
2022-04-16,4,General Ward,100,58,14,9,3,25,58.56
2022-04-17,4,General Ward,100,64,12,15,4,28,64.5
2022-04-18,4,General Ward,100,85,15,15,5,29,85.85
2022-04-19,4,General Ward,100,78,20,10,5,29,78.2
2022-04-20,4,General Ward,100,76,17,14,6,29,77.0
2022-04-21,4,General Ward,100,78,22,11,4,28,78.49
2022-04-22,4,General Ward,100,75,21,9,5,30,75.13
2022-04-23,4,General Ward,100,64,13,12,3,26,64.29
2022-04-24,4,General Ward,100,58,12,4,4,22,58.44
2022-04-25,4,General Ward,100,73,17,18,3,28,73.56
2022-04-26,4,General Ward,100,78,20,15,4,24,78.06
2022-04-27,4,General Ward,100,86,23,18,5,29,86.06
2022-04-28,4,General Ward,100,77,19,15,4,25,77.36
2022-04-29,4,General Ward,100,73,9,13,6,29,73.75
2022-04-30,4,General Ward,100,63,13,24,3,26,63.67
2022-05-01,4,General Ward,100,58,11,12,4,24,58.16
2022-05-02,4,General Ward,100,73,9,21,4,27,73.65
2022-05-03,4,General Ward,100,73,9,14,3,25,73.26
2022-05-04,4,General Ward,100,75,13,16,3,26,75.21
2022-05-05,4,General Ward,100,74,12,12,2,25,74.79
2022-05-06,4,General Ward,100,79,16,15,4,25,79.69
2022-05-07,4,General Ward,100,54,14,15,2,22,54.4
2022-05-08,4,General Ward,100,59,23,9,4,23,59.33
2022-05-09,4,General Ward,100,80,18,16,4,26,80.3
2022-05-10,4,General Ward,100,82,19,14,4,31,82.84
2022-05-11,4,General Ward,100,69,15,14,3,26,69.17
2022-05-12,4,General Ward,100,67,8,9,3,27,67.79
2022-05-13,4,General Ward,100,73,23,10,1,26,73.62
2022-05-14,4,General Ward,100,60,11,11,4,28,60.33
2022-05-15,4,General Ward,100,47,24,13,3,25,47.74
2022-05-16,4,General Ward,100,75,11,14,5,27,75.66
2022-05-17,4,General Ward,100,75,12,13,3,25,75.22
2022-05-18,4,General Ward,100,74,12,15,5,26,74.67
2022-05-19,4,General Ward,100,71,13,21,6,28,71.44
2022-05-20,4,General Ward,100,76,17,10,1,27,76.79
2022-05-21,4,General Ward,100,56,18,18,4,26,56.94
2022-05-22,4,General Ward,100,62,19,14,2,23,62.66
2022-05-23,4,General Ward,100,67,18,18,3,28,67.23
2022-05-24,4,General Ward,100,74,13,14,5,26,74.51
2022-05-25,4,General Ward,100,66,12,9,4,27,66.15
2022-05-26,4,General Ward,100,76,11,13,4,24,77.0
2022-05-27,4,General Ward,100,64,11,15,5,26,64.98
2022-05-28,4,General Ward,100,59,14,15,5,26,59.75
2022-05-29,4,General Ward,100,64,17,17,3,26,64.84
2022-05-30,4,General Ward,100,82,21,12,5,29,82.46
2022-05-31,4,General Ward,100,73,14,20,2,27,73.43
2022-06-01,4,General Ward,100,72,11,23,4,27,72.53
2022-06-02,4,General Ward,100,70,12,16,3,21,70.18
2022-06-03,4,General Ward,100,62,14,10,3,27,62.8
2022-06-04,4,General Ward,100,53,17,18,4,26,53.11
2022-06-05,4,General Ward,100,45,16,12,4,23,45.94
2022-06-06,4,General Ward,100,64,12,7,5,28,64.04
2022-06-07,4,General Ward,100,66,18,17,2,23,66.77
2022-06-08,4,General Ward,100,63,14,17,4,27,63.94
2022-06-09,4,General Ward,100,62,13,16,3,28,62.58
2022-06-10,4,General Ward,100,66,14,20,3,22,66.87
2022-06-11,4,General Ward,100,52,16,14,5,27,52.9
2022-06-12,4,General Ward,100,50,10,16,5,26,50.62
2022-06-13,4,General Ward,100,68,16,9,3,27,68.27
2022-06-14,4,General Ward,100,59,18,16,4,31,59.14
2022-06-15,4,General Ward,100,55,24,16,1,27,55.38
2022-06-16,4,General Ward,100,66,14,12,4,26,66.13
2022-06-17,4,General Ward,100,67,17,16,5,24,67.42
2022-06-18,4,General Ward,100,56,12,12,5,25,56.63
2022-06-19,4,General Ward,100,54,23,10,3,25,54.4
2022-06-20,4,General Ward,100,69,11,15,4,26,69.84
2022-06-21,4,General Ward,100,62,15,12,5,27,62.97
2022-06-22,4,General Ward,100,62,9,11,3,24,62.13
2022-06-23,4,General Ward,100,57,11,13,4,29,57.58
2022-06-24,4,General Ward,100,63,16,18,3,28,63.73
2022-06-25,4,General Ward,100,42,25,11,4,25,42.87
2022-06-26,4,General Ward,100,49,19,13,2,21,49.66
2022-06-27,4,General Ward,100,66,15,16,2,29,66.91
2022-06-28,4,General Ward,100,61,14,17,3,29,61.99
2022-06-29,4,General Ward,100,68,17,22,4,26,68.8
2022-06-30,4,General Ward,100,66,16,12,3,27,66.08
2022-07-01,4,General Ward,100,58,9,6,5,23,58.33
2022-07-02,4,General Ward,100,30,16,21,3,23,30.36
2022-07-03,4,General Ward,100,44,21,15,5,24,44.31
2022-07-04,4,General Ward,100,59,17,17,3,27,59.17
2022-07-05,4,General Ward,100,57,14,15,3,25,57.06
2022-07-06,4,General Ward,100,51,16,12,3,25,51.32
2022-07-07,4,General Ward,100,55,12,13,4,29,55.13
2022-07-08,4,General Ward,100,59,19,14,3,25,59.59
2022-07-09,4,General Ward,100,45,16,3,1,24,45.54
2022-07-10,4,General Ward,100,50,19,14,4,22,50.5
2022-07-11,4,General Ward,100,57,19,8,3,27,57.02
2022-07-12,4,General Ward,100,52,11,14,2,28,52.57
2022-07-13,4,General Ward,100,61,19,17,3,26,61.37
2022-07-14,4,General Ward,100,58,17,20,4,25,58.7
2022-07-15,4,General Ward,100,59,13,16,2,24,59.05
2022-07-16,4,General Ward,100,38,14,11,2,20,38.9
2022-07-17,4,General Ward,100,32,11,10,4,23,32.04
2022-07-18,4,General Ward,100,56,15,14,3,27,56.14
2022-07-19,4,General Ward,100,59,17,12,4,29,59.01
2022-07-20,4,General Ward,100,53,23,9,5,26,53.54
2022-07-21,4,General Ward,100,57,14,16,3,23,57.83
2022-07-22,4,General Ward,100,52,11,15,5,26,52.25
2022-07-23,4,General Ward,100,34,16,15,4,24,34.48
2022-07-24,4,General Ward,100,43,14,9,5,24,43.86
2022-07-25,4,General Ward,100,64,17,12,4,25,64.56
2022-07-26,4,General Ward,100,53,13,10,4,29,53.13
2022-07-27,4,General Ward,100,63,13,11,3,28,63.36
2022-07-28,4,General Ward,100,57,18,15,3,21,57.0
2022-07-29,4,General Ward,100,56,7,12,2,25,56.43
2022-07-30,4,General Ward,100,43,17,14,4,22,43.52
2022-07-31,4,General Ward,100,40,12,19,2,23,40.77
2022-08-01,4,General Ward,100,50,16,19,4,26,50.04
2022-08-02,4,General Ward,100,55,11,15,5,23,55.22
2022-08-03,4,General Ward,100,54,18,15,5,28,54.25
2022-08-04,4,General Ward,100,53,24,21,3,26,53.39
2022-08-05,4,General Ward,100,46,15,21,3,26,46.6
2022-08-06,4,General Ward,100,37,17,15,5,26,37.69
2022-08-07,4,General Ward,100,35,17,7,4,22,35.79
2022-08-08,4,General Ward,100,40,14,13,4,25,40.24
2022-08-09,4,General Ward,100,55,17,16,3,30,55.72
2022-08-10,4,General Ward,100,48,14,8,3,26,48.35
2022-08-11,4,General Ward,100,44,11,14,4,27,44.61
2022-08-12,4,General Ward,100,59,14,12,3,26,59.8
2022-08-13,4,General Ward,100,37,14,16,2,27,37.2
2022-08-14,4,General Ward,100,38,17,8,4,24,38.51
2022-08-15,4,General Ward,100,52,18,10,4,25,52.48
2022-08-16,4,General Ward,100,51,14,13,4,22,51.79
2022-08-17,4,General Ward,100,53,15,13,5,25,53.56
2022-08-18,4,General Ward,100,60,13,9,4,28,60.12
2022-08-19,4,General Ward,100,48,18,13,4,25,48.49
2022-08-20,4,General Ward,100,43,9,16,3,23,43.58
2022-08-21,4,General Ward,100,41,16,11,6,23,41.39
2022-08-22,4,General Ward,100,36,12,12,5,24,36.87
2022-08-23,4,General Ward,100,57,15,22,5,27,57.97
2022-08-24,4,General Ward,100,48,30,18,4,23,48.79
2022-08-25,4,General Ward,100,43,10,12,4,24,43.86
2022-08-26,4,General Ward,100,51,16,22,3,27,51.64
2022-08-27,4,General Ward,100,39,9,17,2,21,39.43
2022-08-28,4,General Ward,100,32,20,9,2,22,32.8
2022-08-29,4,General Ward,100,53,11,18,4,29,53.96
2022-08-30,4,General Ward,100,51,19,11,3,23,51.35
2022-08-31,4,General Ward,100,53,13,11,6,25,53.99
2022-09-01,4,General Ward,100,60,14,17,5,21,60.54
2022-09-02,4,General Ward,100,48,15,9,3,26,48.44
2022-09-03,4,General Ward,100,39,10,18,5,22,39.71
2022-09-04,4,General Ward,100,32,15,8,5,25,32.84
2022-09-05,4,General Ward,100,47,20,16,4,24,47.28
2022-09-06,4,General Ward,100,48,17,14,2,24,48.72
2022-09-07,4,General Ward,100,50,14,15,6,26,50.2
2022-09-08,4,General Ward,100,52,18,12,2,24,52.51
2022-09-09,4,General Ward,100,52,13,14,3,27,52.5
2022-09-10,4,General Ward,100,30,15,17,2,23,30.0
2022-09-11,4,General Ward,100,42,15,9,3,21,42.78
2022-09-12,4,General Ward,100,43,14,13,4,24,43.69
2022-09-13,4,General Ward,100,48,19,7,4,25,48.06
2022-09-14,4,General Ward,100,49,17,13,3,26,49.32
2022-09-15,4,General Ward,100,47,17,13,4,26,47.27
2022-09-16,4,General Ward,100,55,12,21,3,25,55.0
2022-09-17,4,General Ward,100,35,19,11,3,25,35.85
2022-09-18,4,General Ward,100,39,18,16,4,22,39.92
2022-09-19,4,General Ward,100,63,21,10,1,27,63.66
2022-09-20,4,General Ward,100,44,14,13,2,26,44.24
2022-09-21,4,General Ward,100,43,16,10,3,24,43.08
2022-09-22,4,General Ward,100,42,17,11,3,21,42.24
2022-09-23,4,General Ward,100,41,8,16,4,24,41.89
2022-09-24,4,General Ward,100,31,10,16,4,19,31.26
2022-09-25,4,General Ward,100,39,19,14,3,22,39.41
2022-09-26,4,General Ward,100,53,17,20,5,27,53.85
2022-09-27,4,General Ward,100,48,18,18,5,25,48.76
2022-09-28,4,General Ward,100,39,11,20,3,21,39.72
2022-09-29,4,General Ward,100,50,21,13,5,22,50.14
2022-09-30,4,General Ward,100,50,16,20,2,25,50.52
2022-10-01,4,General Ward,100,30,15,15,3,21,30.0
2022-10-02,4,General Ward,100,36,16,19,4,22,36.5
2022-10-03,4,General Ward,100,43,14,22,3,27,43.57
2022-10-04,4,General Ward,100,56,21,8,2,24,56.23
2022-10-05,4,General Ward,100,49,18,16,3,24,49.13
2022-10-06,4,General Ward,100,63,7,17,4,26,63.13
2022-10-07,4,General Ward,100,57,11,12,4,22,57.27
2022-10-08,4,General Ward,100,36,15,12,5,25,36.14
2022-10-09,4,General Ward,100,40,19,14,5,22,40.52
2022-10-10,4,General Ward,100,45,15,8,4,23,45.79
2022-10-11,4,General Ward,100,59,17,20,3,26,59.15
2022-10-12,4,General Ward,100,48,18,20,2,24,48.16
2022-10-13,4,General Ward,100,54,14,12,4,23,54.06
2022-10-14,4,General Ward,100,48,12,15,3,22,48.82
2022-10-15,4,General Ward,100,43,17,8,2,26,43.99
2022-10-16,4,General Ward,100,43,12,14,3,21,43.96
2022-10-17,4,General Ward,100,55,18,19,4,24,55.11
2022-10-18,4,General Ward,100,49,13,13,4,24,49.13
2022-10-19,4,General Ward,100,48,11,13,3,22,48.08
2022-10-20,4,General Ward,100,45,11,16,4,28,45.33
2022-10-21,4,General Ward,100,52,18,10,2,23,52.71
2022-10-22,4,General Ward,100,32,16,19,4,24,32.09
2022-10-23,4,General Ward,100,42,19,12,4,21,42.75
2022-10-24,4,General Ward,100,59,12,10,3,20,59.49
2022-10-25,4,General Ward,100,51,11,25,2,26,51.11
2022-10-26,4,General Ward,100,54,14,19,3,24,54.65
2022-10-27,4,General Ward,100,44,20,23,4,23,44.52
2022-10-28,4,General Ward,100,56,16,13,2,22,56.28
2022-10-29,4,General Ward,100,33,14,15,4,23,33.94
2022-10-30,4,General Ward,100,44,15,16,3,27,44.83
2022-10-31,4,General Ward,100,51,20,17,3,25,51.74
2022-11-01,4,General Ward,100,58,9,12,4,26,58.65
2022-11-02,4,General Ward,100,54,20,9,4,27,54.86
2022-11-03,4,General Ward,100,51,14,14,4,27,51.73
2022-11-04,4,General Ward,100,54,11,12,4,22,54.8
2022-11-05,4,General Ward,100,44,16,12,5,27,44.88
2022-11-06,4,General Ward,100,40,19,12,4,26,40.45
2022-11-07,4,General Ward,100,59,15,14,4,24,59.05
2022-11-08,4,General Ward,100,53,19,14,3,28,53.29
2022-11-09,4,General Ward,100,49,13,10,4,24,49.71
2022-11-10,4,General Ward,100,59,9,8,4,27,59.37
2022-11-11,4,General Ward,100,56,13,12,4,23,56.62
2022-11-12,4,General Ward,100,36,21,16,3,24,36.24
2022-11-13,4,General Ward,100,37,18,21,4,24,37.19
2022-11-14,4,General Ward,100,57,12,9,4,25,57.16
2022-11-15,4,General Ward,100,58,19,14,4,29,58.71
2022-11-16,4,General Ward,100,48,20,13,4,23,48.41
2022-11-17,4,General Ward,100,54,9,5,5,26,54.46
2022-11-18,4,General Ward,100,54,20,21,3,24,54.6
2022-11-19,4,General Ward,100,40,11,8,3,21,40.08
2022-11-20,4,General Ward,100,43,11,17,4,24,43.82
2022-11-21,4,General Ward,100,61,18,13,4,23,61.88
2022-11-22,4,General Ward,100,69,13,11,5,27,69.13
2022-11-23,4,General Ward,100,61,7,18,5,26,61.04
2022-11-24,4,General Ward,100,55,12,16,4,26,55.83
2022-11-25,4,General Ward,100,61,14,17,5,23,61.87
2022-11-26,4,General Ward,100,43,15,21,4,21,43.26
2022-11-27,4,General Ward,100,39,13,17,3,25,39.12
2022-11-28,4,General Ward,100,56,8,12,3,27,56.17
2022-11-29,4,General Ward,100,63,12,10,2,25,63.92
2022-11-30,4,General Ward,100,57,14,16,4,27,57.36
2022-12-01,4,General Ward,100,54,16,11,3,28,54.59
2022-12-02,4,General Ward,100,62,10,14,4,29,62.06
2022-12-03,4,General Ward,100,49,19,18,3,28,49.62
2022-12-04,4,General Ward,100,45,22,6,4,21,45.61
2022-12-05,4,General Ward,100,66,13,16,3,27,66.8
2022-12-06,4,General Ward,100,62,18,13,4,28,62.66
2022-12-07,4,General Ward,100,68,11,15,2,26,68.14
2022-12-08,4,General Ward,100,52,18,13,4,26,52.84
2022-12-09,4,General Ward,100,61,18,10,3,29,61.03
2022-12-10,4,General Ward,100,41,11,7,3,24,41.97
2022-12-11,4,General Ward,100,34,13,11,3,25,34.52
2022-12-12,4,General Ward,100,67,8,19,3,27,67.97
2022-12-13,4,General Ward,100,62,12,13,3,25,62.67
2022-12-14,4,General Ward,100,54,13,12,4,27,54.01
2022-12-15,4,General Ward,100,64,10,11,5,29,64.24
2022-12-16,4,General Ward,100,70,16,16,4,28,70.58
2022-12-17,4,General Ward,100,52,21,13,5,23,52.89
2022-12-18,4,General Ward,100,55,10,20,6,25,55.9
2022-12-19,4,General Ward,100,57,10,11,2,25,57.5
2022-12-20,4,General Ward,100,67,13,21,2,23,67.04
2022-12-21,4,General Ward,100,74,17,7,3,26,74.16
2022-12-22,4,General Ward,100,69,9,14,5,29,69.22
2022-12-23,4,General Ward,100,56,12,18,4,26,56.9
2022-12-24,4,General Ward,100,53,15,21,3,25,53.16
2022-12-25,4,General Ward,100,50,10,9,5,23,50.01
2022-12-26,4,General Ward,100,66,16,16,5,26,66.54
2022-12-27,4,General Ward,100,71,13,10,3,27,71.34
2022-12-28,4,General Ward,100,61,11,6,5,27,61.75
2022-12-29,4,General Ward,100,67,16,15,3,27,67.36
2022-12-30,4,General Ward,100,64,15,20,3,25,64.87
2022-12-31,4,General Ward,100,44,12,19,4,22,44.89
2023-01-01,4,General Ward,100,56,17,12,4,22,56.28
2023-01-02,4,General Ward,100,64,10,15,2,26,64.25
2023-01-03,4,General Ward,100,74,12,14,4,24,74.01
2023-01-04,4,General Ward,100,70,13,22,4,30,70.22
2023-01-05,4,General Ward,100,70,20,16,5,29,70.95
2023-01-06,4,General Ward,100,75,15,13,3,22,75.32
2023-01-07,4,General Ward,100,57,21,11,4,25,57.86
2023-01-08,4,General Ward,100,60,8,12,5,25,60.81
2023-01-09,4,General Ward,100,75,12,13,5,30,75.53
2023-01-10,4,General Ward,100,65,13,11,4,27,65.97
2023-01-11,4,General Ward,100,74,14,19,4,27,74.07
2023-01-12,4,General Ward,100,72,20,13,5,28,72.24
2023-01-13,4,General Ward,100,73,17,15,3,28,73.78
2023-01-14,4,General Ward,100,51,19,13,3,24,51.16
2023-01-15,4,General Ward,100,66,18,20,4,25,66.58
2023-01-16,4,General Ward,100,79,17,13,4,29,79.06
2023-01-17,4,General Ward,100,69,19,11,4,26,69.51
2023-01-18,4,General Ward,100,63,24,18,2,23,63.22
2023-01-19,4,General Ward,100,70,13,13,5,21,70.21
2023-01-20,4,General Ward,100,72,18,11,4,26,72.55
2023-01-21,4,General Ward,100,66,18,17,3,26,66.92
2023-01-22,4,General Ward,100,50,13,15,4,31,50.56
2023-01-23,4,General Ward,100,56,11,13,2,29,56.79
2023-01-24,4,General Ward,100,61,18,13,4,26,61.53
2023-01-25,4,General Ward,100,63,12,21,4,27,63.38
2023-01-26,4,General Ward,100,61,21,11,1,28,61.37
2023-01-27,4,General Ward,100,66,19,9,4,29,66.35
2023-01-28,4,General Ward,100,64,12,12,4,32,64.47
2023-01-29,4,General Ward,100,66,16,10,5,23,66.53
2023-01-30,4,General Ward,100,79,11,23,2,27,79.58
2023-01-31,4,General Ward,100,71,5,13,3,28,71.77
2023-02-01,4,General Ward,100,71,16,14,3,26,71.29
2023-02-02,4,General Ward,100,73,19,15,3,27,73.39
2023-02-03,4,General Ward,100,79,21,15,2,25,79.76
2023-02-04,4,General Ward,100,58,12,11,4,26,58.11
2023-02-05,4,General Ward,100,67,20,19,5,26,67.47
2023-02-06,4,General Ward,100,83,15,16,3,26,83.1
2023-02-07,4,General Ward,100,82,17,8,4,28,82.08
2023-02-08,4,General Ward,100,78,20,11,4,24,78.41
2023-02-09,4,General Ward,100,82,20,18,3,27,82.67
2023-02-10,4,General Ward,100,74,4,11,3,25,74.95
2023-02-11,4,General Ward,100,67,24,13,2,27,67.22
2023-02-12,4,General Ward,100,57,10,20,3,26,57.54
2023-02-13,4,General Ward,100,82,19,13,5,29,82.48
2023-02-14,4,General Ward,100,80,14,16,1,27,80.35
2023-02-15,4,General Ward,100,72,10,12,5,27,72.82
2023-02-16,4,General Ward,100,80,11,19,1,31,80.46
2023-02-17,4,General Ward,100,81,17,17,3,25,81.43
2023-02-18,4,General Ward,100,60,9,13,4,24,60.47
2023-02-19,4,General Ward,100,59,22,8,4,25,59.89
2023-02-20,4,General Ward,100,81,23,21,4,27,81.33
2023-02-21,4,General Ward,100,80,20,14,4,28,80.25
2023-02-22,4,General Ward,100,85,11,12,3,27,85.57
2023-02-23,4,General Ward,100,82,16,8,4,27,82.02
2023-02-24,4,General Ward,100,83,11,5,3,26,83.83
2023-02-25,4,General Ward,100,63,17,7,3,23,63.51
2023-02-26,4,General Ward,100,61,18,17,3,25,61.3
2023-02-27,4,General Ward,100,81,18,13,5,24,81.01
2023-02-28,4,General Ward,100,81,14,12,4,30,81.18
2023-03-01,4,General Ward,100,83,14,9,3,28,83.08
2023-03-02,4,General Ward,100,81,12,17,2,28,81.31
2023-03-03,4,General Ward,100,78,22,17,5,27,78.03
2023-03-04,4,General Ward,100,69,13,16,2,26,69.12
2023-03-05,4,General Ward,100,61,15,10,6,25,61.24
2023-03-06,4,General Ward,100,77,19,22,4,28,77.96
2023-03-07,4,General Ward,100,76,15,5,3,31,76.92
2023-03-08,4,General Ward,100,79,23,18,3,24,79.66
2023-03-09,4,General Ward,100,87,20,13,4,30,87.18
2023-03-10,4,General Ward,100,77,23,12,2,26,77.58
2023-03-11,4,General Ward,100,55,14,10,5,23,55.67
2023-03-12,4,General Ward,100,70,16,17,4,23,70.37
2023-03-13,4,General Ward,100,79,11,8,3,29,79.39
2023-03-14,4,General Ward,100,86,15,19,5,27,86.72
2023-03-15,4,General Ward,100,77,12,14,3,26,77.48
2023-03-16,4,General Ward,100,87,13,8,4,23,87.32
2023-03-17,4,General Ward,100,81,14,12,3,24,81.05
2023-03-18,4,General Ward,100,67,15,14,3,27,67.1
2023-03-19,4,General Ward,100,63,11,20,5,26,63.45
2023-03-20,4,General Ward,100,83,12,12,3,32,83.19
2023-03-21,4,General Ward,100,77,15,15,3,29,77.93
2023-03-22,4,General Ward,100,80,15,14,5,28,80.93
2023-03-23,4,General Ward,100,66,17,14,4,26,66.04
2023-03-24,4,General Ward,100,81,19,13,3,27,81.29
2023-03-25,4,General Ward,100,66,14,14,4,24,66.82
2023-03-26,4,General Ward,100,60,12,14,3,26,60.86
2023-03-27,4,General Ward,100,79,14,9,3,27,79.39
2023-03-28,4,General Ward,100,76,19,12,3,26,76.29
2023-03-29,4,General Ward,100,91,12,13,4,28,91.18
2023-03-30,4,General Ward,100,82,7,11,2,28,82.61
2023-03-31,4,General Ward,100,80,14,17,5,26,80.97
2023-04-01,4,General Ward,100,60,8,9,7,25,60.63
2023-04-02,4,General Ward,100,56,14,12,5,22,56.57
2023-04-03,4,General Ward,100,76,17,11,1,26,76.57
2023-04-04,4,General Ward,100,74,13,16,4,25,74.45
2023-04-05,4,General Ward,100,82,11,15,3,31,82.06
2023-04-06,4,General Ward,100,84,17,10,5,27,84.15
2023-04-07,4,General Ward,100,72,13,9,2,25,72.71
2023-04-08,4,General Ward,100,62,13,17,3,24,62.54
2023-04-09,4,General Ward,100,64,24,12,5,25,64.14
2023-04-10,4,General Ward,100,77,16,6,2,27,77.36
2023-04-11,4,General Ward,100,83,20,16,4,26,83.56
2023-04-12,4,General Ward,100,80,20,19,3,29,80.05
2023-04-13,4,General Ward,100,80,12,18,3,32,80.42
2023-04-14,4,General Ward,100,77,26,9,2,23,77.94
2023-04-15,4,General Ward,100,57,10,12,4,25,57.91
2023-04-16,4,General Ward,100,61,14,12,3,26,61.2
2023-04-17,4,General Ward,100,63,16,18,3,27,63.97
2023-04-18,4,General Ward,100,80,18,19,4,29,80.2
2023-04-19,4,General Ward,100,69,16,9,4,30,69.79
2023-04-20,4,General Ward,100,85,21,17,4,28,85.68
2023-04-21,4,General Ward,100,81,13,15,3,25,81.65
2023-04-22,4,General Ward,100,56,16,8,5,26,56.87
2023-04-23,4,General Ward,100,64,12,17,4,23,64.6
2023-04-24,4,General Ward,100,87,19,16,2,29,87.09
2023-04-25,4,General Ward,100,80,12,12,4,29,80.97
2023-04-26,4,General Ward,100,82,9,18,4,28,82.42
2023-04-27,4,General Ward,100,75,15,22,3,27,75.49
2023-04-28,4,General Ward,100,70,20,21,6,26,70.86
2023-04-29,4,General Ward,100,62,18,9,3,24,62.64
2023-04-30,4,General Ward,100,60,19,13,4,24,60.48
2023-05-01,4,General Ward,100,68,8,16,3,24,68.39
2023-05-02,4,General Ward,100,72,19,14,3,29,72.32
2023-05-03,4,General Ward,100,64,15,8,2,26,64.54
2023-05-04,4,General Ward,100,77,23,13,2,26,77.18
2023-05-05,4,General Ward,100,80,19,17,5,26,80.47
2023-05-06,4,General Ward,100,56,21,19,6,25,56.23
2023-05-07,4,General Ward,100,65,12,18,2,24,65.28
2023-05-08,4,General Ward,100,78,8,18,3,28,78.87
2023-05-09,4,General Ward,100,82,11,13,4,30,82.88
2023-05-10,4,General Ward,100,70,10,10,3,28,70.24
2023-05-11,4,General Ward,100,64,18,16,4,25,64.69
2023-05-12,4,General Ward,100,75,16,14,3,27,75.94
2023-05-13,4,General Ward,100,55,13,10,4,25,55.67
2023-05-14,4,General Ward,100,62,18,9,4,27,62.14
2023-05-15,4,General Ward,100,72,14,20,2,24,72.92
2023-05-16,4,General Ward,100,73,14,15,5,31,73.17
2023-05-17,4,General Ward,100,78,10,11,4,31,78.7
2023-05-18,4,General Ward,100,73,19,15,2,27,73.95
2023-05-19,4,General Ward,100,73,18,17,3,33,73.71
2023-05-20,4,General Ward,100,59,13,13,4,27,59.54
2023-05-21,4,General Ward,100,55,14,20,3,24,55.37
2023-05-22,4,General Ward,100,74,13,27,5,24,74.99
2023-05-23,4,General Ward,100,69,19,13,4,27,69.22
2023-05-24,4,General Ward,100,81,13,10,3,27,81.67
2023-05-25,4,General Ward,100,79,12,21,3,27,79.7
2023-05-26,4,General Ward,100,69,15,15,1,28,69.34
2023-05-27,4,General Ward,100,50,15,13,5,25,50.01
2023-05-28,4,General Ward,100,49,16,11,3,25,49.24
2023-05-29,4,General Ward,100,75,6,13,6,28,75.1
2023-05-30,4,General Ward,100,70,18,21,3,25,70.48
2023-05-31,4,General Ward,100,80,19,17,3,26,80.3
2023-06-01,4,General Ward,100,65,10,10,5,29,65.55
2023-06-02,4,General Ward,100,62,20,16,3,28,62.49
2023-06-03,4,General Ward,100,48,13,17,3,24,48.14
2023-06-04,4,General Ward,100,51,13,23,5,26,51.4
2023-06-05,4,General Ward,100,60,16,18,4,23,60.56
2023-06-06,4,General Ward,100,63,15,13,4,29,63.36
2023-06-07,4,General Ward,100,68,8,10,5,25,68.61
2023-06-08,4,General Ward,100,69,18,14,2,29,69.92
2023-06-09,4,General Ward,100,68,16,9,4,26,68.38
2023-06-10,4,General Ward,100,53,10,21,4,27,53.68
2023-06-11,4,General Ward,100,42,16,16,3,28,42.13
2023-06-12,4,General Ward,100,72,16,15,6,26,72.09
2023-06-13,4,General Ward,100,53,21,16,3,27,53.59
2023-06-14,4,General Ward,100,64,17,9,3,28,64.36
2023-06-15,4,General Ward,100,57,18,12,3,27,57.31
2023-06-16,4,General Ward,100,71,16,6,3,28,71.56
2023-06-17,4,General Ward,100,49,15,6,4,22,49.36
2023-06-18,4,General Ward,100,46,18,11,4,23,46.13
2023-06-19,4,General Ward,100,59,12,18,3,26,59.98
2023-06-20,4,General Ward,100,70,22,13,3,29,70.51
2023-06-21,4,General Ward,100,67,20,14,3,29,67.13
2023-06-22,4,General Ward,100,65,13,17,4,27,65.16
2023-06-23,4,General Ward,100,58,15,14,3,25,58.21
2023-06-24,4,General Ward,100,56,15,8,3,26,56.42
2023-06-25,4,General Ward,100,38,16,18,3,24,38.48
2023-06-26,4,General Ward,100,64,14,10,3,24,64.49
2023-06-27,4,General Ward,100,66,12,19,5,29,66.14
2023-06-28,4,General Ward,100,71,21,16,4,26,71.4
2023-06-29,4,General Ward,100,68,12,18,4,26,68.34
2023-06-30,4,General Ward,100,70,12,16,4,28,70.53
2023-07-01,4,General Ward,100,42,15,12,5,20,42.35
2023-07-02,4,General Ward,100,45,16,11,4,24,45.46
2023-07-03,4,General Ward,100,65,15,18,4,26,65.17
2023-07-04,4,General Ward,100,51,14,14,2,26,51.68
2023-07-05,4,General Ward,100,63,10,16,5,29,63.39
2023-07-06,4,General Ward,100,53,16,16,4,30,53.4
2023-07-07,4,General Ward,100,55,11,13,4,24,55.11
2023-07-08,4,General Ward,100,44,15,13,5,27,44.33
2023-07-09,4,General Ward,100,34,15,16,5,22,34.82
2023-07-10,4,General Ward,100,62,16,12,4,29,62.74
2023-07-11,4,General Ward,100,55,10,16,4,26,55.59
2023-07-12,4,General Ward,100,63,17,18,4,23,63.7
2023-07-13,4,General Ward,100,51,14,15,5,21,51.93
2023-07-14,4,General Ward,100,70,15,18,4,28,70.07
2023-07-15,4,General Ward,100,42,11,11,3,28,42.07
2023-07-16,4,General Ward,100,47,11,11,3,27,47.02
2023-07-17,4,General Ward,100,54,14,9,2,21,54.41
2023-07-18,4,General Ward,100,50,18,12,2,24,50.54
2023-07-19,4,General Ward,100,53,15,27,6,24,53.8
2023-07-20,4,General Ward,100,61,17,18,4,24,61.1
2023-07-21,4,General Ward,100,61,20,10,4,28,61.62
2023-07-22,4,General Ward,100,46,13,10,3,23,46.66
2023-07-23,4,General Ward,100,33,17,13,5,21,33.54
2023-07-24,4,General Ward,100,56,12,13,2,23,56.46
2023-07-25,4,General Ward,100,63,23,19,5,25,63.35
2023-07-26,4,General Ward,100,54,10,11,3,27,54.54
2023-07-27,4,General Ward,100,57,17,12,3,28,57.37
2023-07-28,4,General Ward,100,58,15,11,4,26,58.26
2023-07-29,4,General Ward,100,42,12,10,3,24,42.76
2023-07-30,4,General Ward,100,44,12,12,4,24,44.82
2023-07-31,4,General Ward,100,52,18,11,4,23,52.18
2023-08-01,4,General Ward,100,55,16,14,4,26,55.35
2023-08-02,4,General Ward,100,50,21,11,4,21,50.45
2023-08-03,4,General Ward,100,57,9,11,3,24,57.88
2023-08-04,4,General Ward,100,60,14,9,3,28,60.73
2023-08-05,4,General Ward,100,33,9,13,3,25,33.59
2023-08-06,4,General Ward,100,34,9,12,3,23,34.74
2023-08-07,4,General Ward,100,48,13,19,3,22,48.17
2023-08-08,4,General Ward,100,42,12,16,4,22,42.3
2023-08-09,4,General Ward,100,43,8,13,4,23,43.26
2023-08-10,4,General Ward,100,54,17,7,2,29,54.41
2023-08-11,4,General Ward,100,48,17,19,4,24,48.97
2023-08-12,4,General Ward,100,37,20,7,4,22,37.97
2023-08-13,4,General Ward,100,30,12,13,4,23,30.0
2023-08-14,4,General Ward,100,51,15,11,2,26,51.21
2023-08-15,4,General Ward,100,44,14,9,3,22,44.91
2023-08-16,4,General Ward,100,66,15,11,3,27,66.38
2023-08-17,4,General Ward,100,54,15,19,4,23,54.39
2023-08-18,4,General Ward,100,52,17,13,3,23,52.09
2023-08-19,4,General Ward,100,34,14,17,6,24,34.59
2023-08-20,4,General Ward,100,30,18,21,4,25,30.0
2023-08-21,4,General Ward,100,58,14,7,4,23,58.61
2023-08-22,4,General Ward,100,46,12,16,3,23,46.2
2023-08-23,4,General Ward,100,44,16,16,5,23,44.74
2023-08-24,4,General Ward,100,52,15,9,4,24,52.86
2023-08-25,4,General Ward,100,57,18,11,4,25,57.38
2023-08-26,4,General Ward,100,46,11,17,3,26,46.2
2023-08-27,4,General Ward,100,41,13,14,4,23,41.28
2023-08-28,4,General Ward,100,52,14,14,3,24,52.87
2023-08-29,4,General Ward,100,50,14,19,5,26,50.16
2023-08-30,4,General Ward,100,48,18,17,2,22,48.03
2023-08-31,4,General Ward,100,47,11,7,4,26,47.74
2023-09-01,4,General Ward,100,41,26,13,2,26,41.05
2023-09-02,4,General Ward,100,30,16,14,2,18,30.0
2023-09-03,4,General Ward,100,40,11,12,4,24,40.87
2023-09-04,4,General Ward,100,43,7,11,2,24,43.06
2023-09-05,4,General Ward,100,46,12,11,4,25,46.43
2023-09-06,4,General Ward,100,52,18,10,1,24,52.14
2023-09-07,4,General Ward,100,48,20,17,3,24,48.86
2023-09-08,4,General Ward,100,51,14,13,3,21,51.28
2023-09-09,4,General Ward,100,36,21,14,3,22,36.92
2023-09-10,4,General Ward,100,32,12,19,3,20,32.59
2023-09-11,4,General Ward,100,52,13,13,3,25,52.99
2023-09-12,4,General Ward,100,54,6,13,2,23,54.73
2023-09-13,4,General Ward,100,46,15,15,3,24,46.41
2023-09-14,4,General Ward,100,44,14,14,3,25,44.48
2023-09-15,4,General Ward,100,53,14,12,3,26,53.05
2023-09-16,4,General Ward,100,30,12,13,4,23,30.0
2023-09-17,4,General Ward,100,35,8,7,3,23,35.56
2023-09-18,4,General Ward,100,53,17,15,2,27,53.47
2023-09-19,4,General Ward,100,49,8,12,5,24,49.14
2023-09-20,4,General Ward,100,40,13,13,3,27,40.01
2023-09-21,4,General Ward,100,50,14,15,5,20,50.25
2023-09-22,4,General Ward,100,50,23,9,2,25,50.39
2023-09-23,4,General Ward,100,31,17,12,3,24,31.54
2023-09-24,4,General Ward,100,34,13,18,4,25,34.95
2023-09-25,4,General Ward,100,53,25,16,3,26,53.02
2023-09-26,4,General Ward,100,54,14,16,3,26,54.08
2023-09-27,4,General Ward,100,48,20,13,4,22,48.97
2023-09-28,4,General Ward,100,45,17,9,5,27,45.24
2023-09-29,4,General Ward,100,58,13,12,3,24,58.58
2023-09-30,4,General Ward,100,33,14,12,4,23,33.77
2023-10-01,4,General Ward,100,40,10,17,3,20,40.24
2023-10-02,4,General Ward,100,47,15,18,5,24,47.83
2023-10-03,4,General Ward,100,49,11,17,4,23,49.21
2023-10-04,4,General Ward,100,56,13,16,4,22,56.75
2023-10-05,4,General Ward,100,52,14,17,5,26,52.42
2023-10-06,4,General Ward,100,51,18,16,3,23,51.78
2023-10-07,4,General Ward,100,35,21,12,2,19,35.39
2023-10-08,4,General Ward,100,34,15,16,3,21,34.67
2023-10-09,4,General Ward,100,46,16,7,3,24,46.28
2023-10-10,4,General Ward,100,49,10,14,5,22,49.34
2023-10-11,4,General Ward,100,46,13,13,4,24,46.53
2023-10-12,4,General Ward,100,41,14,14,1,25,41.27
2023-10-13,4,General Ward,100,50,15,13,5,24,50.41
2023-10-14,4,General Ward,100,35,25,17,3,21,35.57
2023-10-15,4,General Ward,100,30,14,12,5,23,30.34
2023-10-16,4,General Ward,100,51,22,14,4,23,51.95
2023-10-17,4,General Ward,100,54,11,19,4,24,54.48
2023-10-18,4,General Ward,100,50,13,19,5,22,50.6
2023-10-19,4,General Ward,100,50,19,17,3,25,50.88
2023-10-20,4,General Ward,100,50,8,12,3,25,50.0
2023-10-21,4,General Ward,100,38,12,13,3,19,38.18
2023-10-22,4,General Ward,100,32,11,10,4,23,32.24
2023-10-23,4,General Ward,100,46,17,13,5,22,46.55
2023-10-24,4,General Ward,100,53,24,15,2,26,53.7
2023-10-25,4,General Ward,100,50,13,18,3,24,50.8
2023-10-26,4,General Ward,100,54,12,15,4,25,54.56
2023-10-27,4,General Ward,100,56,16,18,4,20,56.01
2023-10-28,4,General Ward,100,34,11,9,5,25,34.24
2023-10-29,4,General Ward,100,42,10,15,5,27,42.52
2023-10-30,4,General Ward,100,54,11,13,4,25,54.54
2023-10-31,4,General Ward,100,48,9,14,5,21,48.95
2023-11-01,4,General Ward,100,61,13,8,3,24,61.5
2023-11-02,4,General Ward,100,63,19,9,3,24,63.84
2023-11-03,4,General Ward,100,57,9,15,2,26,57.46
2023-11-04,4,General Ward,100,40,11,15,1,25,40.1
2023-11-05,4,General Ward,100,39,15,8,2,23,39.63
2023-11-06,4,General Ward,100,49,11,17,3,20,49.17
2023-11-07,4,General Ward,100,52,20,13,4,26,52.55
2023-11-08,4,General Ward,100,51,11,13,5,27,51.77
2023-11-09,4,General Ward,100,62,14,11,4,28,62.57
2023-11-10,4,General Ward,100,56,10,12,4,25,56.19
2023-11-11,4,General Ward,100,39,11,12,5,19,39.59
2023-11-12,4,General Ward,100,36,10,10,4,22,36.36
2023-11-13,4,General Ward,100,61,12,13,5,25,61.01
2023-11-14,4,General Ward,100,54,14,14,5,26,54.68
2023-11-15,4,General Ward,100,47,14,16,3,22,47.38
2023-11-16,4,General Ward,100,61,27,13,4,27,61.9
2023-11-17,4,General Ward,100,52,19,11,5,27,52.04
2023-11-18,4,General Ward,100,50,23,15,4,24,50.52
2023-11-19,4,General Ward,100,42,17,7,3,23,42.52
2023-11-20,4,General Ward,100,53,19,17,3,27,53.28
2023-11-21,4,General Ward,100,62,13,15,5,27,62.34
2023-11-22,4,General Ward,100,62,13,14,4,26,62.04
2023-11-23,4,General Ward,100,58,22,17,3,25,58.21
2023-11-24,4,General Ward,100,57,18,8,3,22,57.81
2023-11-25,4,General Ward,100,38,21,16,4,25,38.83
2023-11-26,4,General Ward,100,50,19,15,3,27,50.77
2023-11-27,4,General Ward,100,63,9,17,2,30,63.33
2023-11-28,4,General Ward,100,55,13,9,3,21,55.42
2023-11-29,4,General Ward,100,52,22,14,4,25,52.08
2023-11-30,4,General Ward,100,56,10,16,3,27,56.81
2023-12-01,4,General Ward,100,69,20,19,3,29,69.01
2023-12-02,4,General Ward,100,48,11,13,4,26,48.8
2023-12-03,4,General Ward,100,45,19,16,2,22,45.41
2023-12-04,4,General Ward,100,70,17,19,4,24,70.17
2023-12-05,4,General Ward,100,61,16,15,4,23,61.41
2023-12-06,4,General Ward,100,54,18,14,5,25,54.1
2023-12-07,4,General Ward,100,59,17,26,2,26,59.77
2023-12-08,4,General Ward,100,59,13,9,3,22,59.85
2023-12-09,4,General Ward,100,40,23,15,3,26,40.32
2023-12-10,4,General Ward,100,51,14,12,3,24,51.47
2023-12-11,4,General Ward,100,64,22,18,3,26,64.87
2023-12-12,4,General Ward,100,65,15,10,5,26,65.88
2023-12-13,4,General Ward,100,63,19,13,3,25,63.76
2023-12-14,4,General Ward,100,66,11,13,2,25,66.93
2023-12-15,4,General Ward,100,71,15,16,3,25,71.03
2023-12-16,4,General Ward,100,57,15,21,3,23,57.35
2023-12-17,4,General Ward,100,45,15,19,4,23,45.99
2023-12-18,4,General Ward,100,59,19,17,3,27,59.56
2023-12-19,4,General Ward,100,64,13,11,5,27,64.0
2023-12-20,4,General Ward,100,62,14,9,3,26,62.61
2023-12-21,4,General Ward,100,71,12,14,4,30,71.78
2023-12-22,4,General Ward,100,67,12,19,4,24,67.48
2023-12-23,4,General Ward,100,50,15,16,4,23,50.19
2023-12-24,4,General Ward,100,52,14,13,4,25,52.8
2023-12-25,4,General Ward,100,61,12,13,3,26,61.81
2023-12-26,4,General Ward,100,64,18,14,1,22,64.25
2023-12-27,4,General Ward,100,53,15,14,2,24,53.45
2023-12-28,4,General Ward,100,73,16,13,3,26,73.53
2023-12-29,4,General Ward,100,59,12,15,4,22,59.45
2023-12-30,4,General Ward,100,53,15,10,3,29,53.77
2023-12-31,4,General Ward,100,47,12,15,3,26,47.59
2019-01-01,4,ICU,30,26,3,4,7,15,87.8
2019-01-02,4,ICU,30,26,5,1,6,16,89.39
2019-01-03,4,ICU,30,24,8,1,5,17,83.01
2019-01-04,4,ICU,30,25,3,6,4,15,84.54
2019-01-05,4,ICU,30,20,5,3,4,21,68.5
2019-01-06,4,ICU,30,22,2,8,5,13,76.59
2019-01-07,4,ICU,30,26,7,3,2,19,86.84
2019-01-08,4,ICU,30,27,4,6,4,17,90.22
2019-01-09,4,ICU,30,26,6,5,6,18,88.62
2019-01-10,4,ICU,30,25,7,3,5,14,85.56
2019-01-11,4,ICU,30,25,2,3,3,16,84.93
2019-01-12,4,ICU,30,21,6,3,4,15,72.09
2019-01-13,4,ICU,30,21,5,3,4,18,71.98
2019-01-14,4,ICU,30,25,5,5,4,18,84.69
2019-01-15,4,ICU,30,27,5,3,5,16,91.72
2019-01-16,4,ICU,30,26,3,5,5,16,87.69
2019-01-17,4,ICU,30,26,11,6,4,18,87.67
2019-01-18,4,ICU,30,24,4,0,5,15,81.04
2019-01-19,4,ICU,30,21,4,8,4,17,72.27
2019-01-20,4,ICU,30,21,6,4,4,13,72.17
2019-01-21,4,ICU,30,25,4,1,5,17,84.84
2019-01-22,4,ICU,30,28,3,5,5,17,95.0
2019-01-23,4,ICU,30,25,2,2,4,15,84.53
2019-01-24,4,ICU,30,27,5,4,5,19,90.52
2019-01-25,4,ICU,30,26,6,4,4,16,87.9
2019-01-26,4,ICU,30,22,2,5,5,14,74.2
2019-01-27,4,ICU,30,20,4,6,6,17,66.83
2019-01-28,4,ICU,30,24,3,2,4,17,82.9
2019-01-29,4,ICU,30,26,7,3,6,19,88.41
2019-01-30,4,ICU,30,27,5,6,4,18,92.31
2019-01-31,4,ICU,30,28,9,4,2,16,93.92
2019-02-01,4,ICU,30,28,6,2,6,13,95.0
2019-02-02,4,ICU,30,21,3,3,6,17,71.02
2019-02-03,4,ICU,30,21,6,1,5,18,71.72
2019-02-04,4,ICU,30,28,2,5,4,19,95.0
2019-02-05,4,ICU,30,25,2,4,5,19,86.29
2019-02-06,4,ICU,30,26,4,4,4,16,88.08
2019-02-07,4,ICU,30,27,6,4,5,22,92.48
2019-02-08,4,ICU,30,28,5,3,5,19,95.0
2019-02-09,4,ICU,30,21,8,3,4,16,73.09
2019-02-10,4,ICU,30,23,4,7,5,14,77.84
2019-02-11,4,ICU,30,27,2,7,4,13,92.86
2019-02-12,4,ICU,30,28,5,4,3,18,95.0
2019-02-13,4,ICU,30,27,3,6,4,21,92.45
2019-02-14,4,ICU,30,27,4,5,5,15,90.05
2019-02-15,4,ICU,30,28,2,6,4,16,95.0
2019-02-16,4,ICU,30,23,2,5,2,20,76.76
2019-02-17,4,ICU,30,21,5,2,6,13,71.65
2019-02-18,4,ICU,30,28,2,2,3,17,94.15
2019-02-19,4,ICU,30,24,5,6,2,15,83.28
2019-02-20,4,ICU,30,28,2,3,6,15,95.0
2019-02-21,4,ICU,30,28,2,5,5,19,95.0
2019-02-22,4,ICU,30,28,3,4,5,16,95.0
2019-02-23,4,ICU,30,24,2,2,6,17,83.1
2019-02-24,4,ICU,30,23,2,6,4,17,76.73
2019-02-25,4,ICU,30,28,6,2,4,16,94.84
2019-02-26,4,ICU,30,28,8,2,2,17,95.0
2019-02-27,4,ICU,30,28,8,1,4,17,95.0
2019-02-28,4,ICU,30,28,4,5,5,21,95.0
2019-03-01,4,ICU,30,27,4,6,5,22,91.56
2019-03-02,4,ICU,30,27,9,4,4,19,90.0
2019-03-03,4,ICU,30,27,6,2,5,18,90.21
2019-03-04,4,ICU,30,27,3,3,5,19,90.36
2019-03-05,4,ICU,30,28,3,3,5,17,95.0
2019-03-06,4,ICU,30,26,9,2,4,16,88.53
2019-03-07,4,ICU,30,28,6,1,6,14,95.0
2019-03-08,4,ICU,30,28,6,3,4,19,95.0
2019-03-09,4,ICU,30,24,7,3,5,14,82.16
2019-03-10,4,ICU,30,24,3,5,4,17,82.66
2019-03-11,4,ICU,30,27,8,3,6,16,91.42
2019-03-12,4,ICU,30,27,7,6,5,15,90.84
2019-03-13,4,ICU,30,27,2,4,5,18,90.86
2019-03-14,4,ICU,30,28,3,2,5,20,94.05
2019-03-15,4,ICU,30,28,4,0,2,17,93.93
2019-03-16,4,ICU,30,25,5,3,5,18,84.0
2019-03-17,4,ICU,30,27,3,5,5,19,91.75
2019-03-18,4,ICU,30,28,5,4,3,15,95.0
2019-03-19,4,ICU,30,27,5,5,6,16,91.95
2019-03-20,4,ICU,30,27,5,3,5,17,92.16
2019-03-21,4,ICU,30,24,6,5,5,16,82.54
2019-03-22,4,ICU,30,27,2,2,3,16,91.51
2019-03-23,4,ICU,30,22,8,2,7,15,73.9
2019-03-24,4,ICU,30,24,5,6,6,14,80.71
2019-03-25,4,ICU,30,28,6,7,4,17,95.0
2019-03-26,4,ICU,30,28,5,2,6,19,95.0
2019-03-27,4,ICU,30,28,2,3,5,16,94.65
2019-03-28,4,ICU,30,25,5,3,6,15,86.45
2019-03-29,4,ICU,30,28,7,4,5,14,95.0
2019-03-30,4,ICU,30,27,4,5,5,19,92.62
2019-03-31,4,ICU,30,23,7,6,3,20,77.06
2019-04-01,4,ICU,30,27,4,4,5,14,91.51
2019-04-02,4,ICU,30,28,3,4,4,17,95.0
2019-04-03,4,ICU,30,28,7,2,5,18,95.0
2019-04-04,4,ICU,30,26,8,8,5,18,88.43
2019-04-05,4,ICU,30,28,3,3,5,13,94.41
2019-04-06,4,ICU,30,23,2,1,5,22,77.23
2019-04-07,4,ICU,30,23,1,2,4,19,78.78
2019-04-08,4,ICU,30,27,3,7,4,13,92.73
2019-04-09,4,ICU,30,28,6,2,4,16,95.0
2019-04-10,4,ICU,30,27,6,3,3,15,91.13
2019-04-11,4,ICU,30,28,7,6,6,18,95.0
2019-04-12,4,ICU,30,27,6,5,4,18,90.2
2019-04-13,4,ICU,30,22,6,6,4,12,75.34
2019-04-14,4,ICU,30,22,5,13,5,17,74.45
2019-04-15,4,ICU,30,28,6,4,5,15,95.0
2019-04-16,4,ICU,30,26,4,4,4,16,87.97
2019-04-17,4,ICU,30,26,3,4,5,19,87.02
2019-04-18,4,ICU,30,27,4,8,6,20,92.44
2019-04-19,4,ICU,30,25,7,5,5,15,84.72
2019-04-20,4,ICU,30,24,3,5,6,15,82.85
2019-04-21,4,ICU,30,22,12,3,4,16,75.56
2019-04-22,4,ICU,30,25,5,5,5,18,84.51
2019-04-23,4,ICU,30,27,2,5,3,11,91.34
2019-04-24,4,ICU,30,25,1,10,5,19,84.22
2019-04-25,4,ICU,30,27,4,2,5,18,91.42
2019-04-26,4,ICU,30,27,9,2,6,19,90.85
2019-04-27,4,ICU,30,23,5,8,4,18,77.64
2019-04-28,4,ICU,30,24,7,4,5,16,81.07
2019-04-29,4,ICU,30,26,7,3,5,20,88.51
2019-04-30,4,ICU,30,28,5,9,5,19,95.0
2019-05-01,4,ICU,30,24,2,2,5,16,81.28
2019-05-02,4,ICU,30,25,7,3,4,15,84.41
2019-05-03,4,ICU,30,26,3,7,5,18,89.27
2019-05-04,4,ICU,30,19,5,4,4,15,64.91
2019-05-05,4,ICU,30,20,5,7,3,18,67.35
2019-05-06,4,ICU,30,26,7,5,4,16,88.13
2019-05-07,4,ICU,30,26,5,7,4,14,86.7
2019-05-08,4,ICU,30,26,2,3,3,14,87.4
2019-05-09,4,ICU,30,28,4,5,5,15,95.0
2019-05-10,4,ICU,30,27,1,7,5,17,92.77
2019-05-11,4,ICU,30,19,6,5,4,15,63.99
2019-05-12,4,ICU,30,24,5,0,5,15,83.06
2019-05-13,4,ICU,30,27,6,2,4,15,92.8
2019-05-14,4,ICU,30,27,9,5,6,13,91.47
2019-05-15,4,ICU,30,27,6,5,6,17,90.99
2019-05-16,4,ICU,30,27,3,6,4,19,90.02
2019-05-17,4,ICU,30,26,1,6,4,14,88.22
2019-05-18,4,ICU,30,25,2,7,4,17,84.27
2019-05-19,4,ICU,30,22,1,7,6,18,75.49
2019-05-20,4,ICU,30,28,8,2,4,21,95.0
2019-05-21,4,ICU,30,27,3,3,5,23,91.78
2019-05-22,4,ICU,30,27,3,3,6,18,91.99
2019-05-23,4,ICU,30,27,5,9,4,20,91.49
2019-05-24,4,ICU,30,23,5,4,5,13,79.8
2019-05-25,4,ICU,30,23,5,4,4,19,78.75
2019-05-26,4,ICU,30,22,5,3,6,18,73.81
2019-05-27,4,ICU,30,24,6,5,4,18,81.68
2019-05-28,4,ICU,30,26,6,5,2,16,88.51
2019-05-29,4,ICU,30,26,2,2,5,19,86.75
2019-05-30,4,ICU,30,26,5,6,5,20,86.71
2019-05-31,4,ICU,30,24,5,7,4,16,83.33
2019-06-01,4,ICU,30,19,5,6,2,16,66.04
2019-06-02,4,ICU,30,20,3,2,4,18,69.24
2019-06-03,4,ICU,30,22,4,3,5,13,76.28
2019-06-04,4,ICU,30,20,7,5,7,12,69.81
2019-06-05,4,ICU,30,25,5,5,3,17,86.35
2019-06-06,4,ICU,30,24,2,7,4,19,83.05
2019-06-07,4,ICU,30,23,3,2,5,20,78.3
2019-06-08,4,ICU,30,19,3,3,4,19,65.81
2019-06-09,4,ICU,30,17,8,8,4,15,58.3
2019-06-10,4,ICU,30,23,3,2,4,13,79.73
2019-06-11,4,ICU,30,25,4,4,4,18,84.79
2019-06-12,4,ICU,30,23,6,5,5,18,79.11
2019-06-13,4,ICU,30,24,8,8,4,18,81.04
2019-06-14,4,ICU,30,25,3,3,5,18,83.87
2019-06-15,4,ICU,30,17,3,5,6,16,59.0
2019-06-16,4,ICU,30,19,1,4,5,13,65.41
2019-06-17,4,ICU,30,25,5,5,5,19,84.93
2019-06-18,4,ICU,30,24,4,5,4,19,82.19
2019-06-19,4,ICU,30,22,4,9,5,15,74.72
2019-06-20,4,ICU,30,22,2,2,3,16,76.18
2019-06-21,4,ICU,30,22,7,1,4,14,75.22
2019-06-22,4,ICU,30,21,4,1,5,14,70.07
2019-06-23,4,ICU,30,19,9,3,4,13,64.46
2019-06-24,4,ICU,30,24,4,3,4,17,82.48
2019-06-25,4,ICU,30,23,4,4,5,15,79.54
2019-06-26,4,ICU,30,27,4,1,2,15,90.12
2019-06-27,4,ICU,30,22,3,5,5,17,75.27
2019-06-28,4,ICU,30,25,4,9,4,19,85.71
2019-06-29,4,ICU,30,17,9,5,4,14,58.88
2019-06-30,4,ICU,30,17,5,5,5,11,58.06
2019-07-01,4,ICU,30,22,2,3,5,14,74.01
2019-07-02,4,ICU,30,22,1,5,4,14,74.11
2019-07-03,4,ICU,30,19,3,3,4,15,65.47
2019-07-04,4,ICU,30,19,5,2,5,16,64.68
2019-07-05,4,ICU,30,20,8,6,5,19,68.36
2019-07-06,4,ICU,30,17,1,0,5,15,59.53
2019-07-07,4,ICU,30,18,7,4,6,18,61.35
2019-07-08,4,ICU,30,19,7,2,6,14,66.18
2019-07-09,4,ICU,30,23,3,1,4,16,79.01
2019-07-10,4,ICU,30,24,3,6,6,15,80.27
2019-07-11,4,ICU,30,22,7,8,4,17,73.81
2019-07-12,4,ICU,30,21,3,5,5,21,73.11
2019-07-13,4,ICU,30,17,4,3,4,14,58.26
2019-07-14,4,ICU,30,17,5,3,5,18,56.77
2019-07-15,4,ICU,30,22,4,4,5,20,74.86
2019-07-16,4,ICU,30,23,3,4,6,18,77.59
2019-07-17,4,ICU,30,22,6,2,5,18,74.87
2019-07-18,4,ICU,30,19,6,5,4,17,66.13
2019-07-19,4,ICU,30,22,7,5,4,16,74.98
2019-07-20,4,ICU,30,16,6,5,5,13,55.25
2019-07-21,4,ICU,30,18,6,5,3,16,60.81
2019-07-22,4,ICU,30,21,2,4,5,16,70.4
2019-07-23,4,ICU,30,21,8,7,7,14,72.87
2019-07-24,4,ICU,30,18,3,5,3,12,62.94
2019-07-25,4,ICU,30,22,6,7,4,12,76.17
2019-07-26,4,ICU,30,21,9,6,4,16,71.74
2019-07-27,4,ICU,30,17,3,5,5,15,58.9
2019-07-28,4,ICU,30,16,1,3,4,16,53.34
2019-07-29,4,ICU,30,23,4,7,4,12,76.78
2019-07-30,4,ICU,30,23,5,4,4,17,78.15
2019-07-31,4,ICU,30,24,7,7,5,13,80.17
2019-08-01,4,ICU,30,19,4,4,5,15,64.14
2019-08-02,4,ICU,30,18,6,0,3,16,62.75
2019-08-03,4,ICU,30,17,9,3,5,17,56.83
2019-08-04,4,ICU,30,13,5,4,4,13,44.75
2019-08-05,4,ICU,30,18,0,7,3,13,62.19
2019-08-06,4,ICU,30,22,5,6,4,17,74.16
2019-08-07,4,ICU,30,17,3,5,5,14,58.16
2019-08-08,4,ICU,30,19,6,9,5,15,65.06
2019-08-09,4,ICU,30,21,7,8,5,15,70.69
2019-08-10,4,ICU,30,16,4,7,6,15,55.17
2019-08-11,4,ICU,30,16,2,1,7,15,55.44
2019-08-12,4,ICU,30,21,5,6,4,14,70.02
2019-08-13,4,ICU,30,23,3,5,4,12,76.86
2019-08-14,4,ICU,30,20,6,4,6,18,67.48
2019-08-15,4,ICU,30,19,5,3,4,15,65.86
2019-08-16,4,ICU,30,20,3,3,3,15,69.82
2019-08-17,4,ICU,30,17,4,4,4,12,58.71
2019-08-18,4,ICU,30,13,4,4,5,17,46.3
2019-08-19,4,ICU,30,17,6,2,5,14,58.46
2019-08-20,4,ICU,30,19,8,5,6,15,63.66
2019-08-21,4,ICU,30,20,2,1,3,13,68.47
2019-08-22,4,ICU,30,22,3,3,2,15,73.6
2019-08-23,4,ICU,30,21,2,3,6,17,72.01
2019-08-24,4,ICU,30,17,0,4,4,11,56.73
2019-08-25,4,ICU,30,17,7,6,6,15,57.52
2019-08-26,4,ICU,30,20,6,3,6,18,67.75
2019-08-27,4,ICU,30,17,3,3,4,16,57.71
2019-08-28,4,ICU,30,19,4,3,5,14,64.18
2019-08-29,4,ICU,30,21,2,9,5,15,71.65
2019-08-30,4,ICU,30,18,4,4,4,13,62.2
2019-08-31,4,ICU,30,17,6,6,6,17,58.27
2019-09-01,4,ICU,30,16,7,5,5,17,55.72
2019-09-02,4,ICU,30,19,5,6,4,18,65.96
2019-09-03,4,ICU,30,20,8,5,3,17,68.79
2019-09-04,4,ICU,30,22,1,7,4,16,73.9
2019-09-05,4,ICU,30,18,1,5,5,12,62.74
2019-09-06,4,ICU,30,19,4,7,3,17,66.37
2019-09-07,4,ICU,30,17,3,3,5,15,59.73
2019-09-08,4,ICU,30,13,3,3,5,16,44.5
2019-09-09,4,ICU,30,19,3,5,3,16,65.01
2019-09-10,4,ICU,30,20,5,7,5,13,67.7
2019-09-11,4,ICU,30,18,3,5,4,15,60.59
2019-09-12,4,ICU,30,19,2,2,3,18,65.35
2019-09-13,4,ICU,30,17,8,6,4,9,58.72
2019-09-14,4,ICU,30,14,6,5,5,13,49.66
2019-09-15,4,ICU,30,17,2,5,5,12,57.35
2019-09-16,4,ICU,30,17,7,6,5,16,57.32
2019-09-17,4,ICU,30,19,6,5,5,13,64.18
2019-09-18,4,ICU,30,18,4,3,5,16,62.33
2019-09-19,4,ICU,30,19,6,3,5,14,64.77
2019-09-20,4,ICU,30,21,3,4,4,17,71.15
2019-09-21,4,ICU,30,15,6,5,5,15,52.13
2019-09-22,4,ICU,30,13,6,5,5,12,43.48
2019-09-23,4,ICU,30,19,6,3,5,18,64.63
2019-09-24,4,ICU,30,18,5,1,5,16,61.21
2019-09-25,4,ICU,30,19,6,5,5,18,64.36
2019-09-26,4,ICU,30,19,5,4,4,16,66.09
2019-09-27,4,ICU,30,21,2,4,4,14,72.65
2019-09-28,4,ICU,30,17,8,6,5,14,57.4
2019-09-29,4,ICU,30,14,4,1,4,18,47.53
2019-09-30,4,ICU,30,16,1,5,5,16,56.23
2019-10-01,4,ICU,30,22,3,4,4,17,76.45
2019-10-02,4,ICU,30,18,6,6,6,19,63.32
2019-10-03,4,ICU,30,19,5,7,6,14,66.28
2019-10-04,4,ICU,30,18,5,3,6,12,61.34
2019-10-05,4,ICU,30,16,4,5,4,13,53.39
2019-10-06,4,ICU,30,15,7,1,3,15,51.71
2019-10-07,4,ICU,30,19,4,2,6,16,63.44
2019-10-08,4,ICU,30,21,5,1,5,14,72.33
2019-10-09,4,ICU,30,19,5,3,7,14,64.04
2019-10-10,4,ICU,30,21,5,3,3,18,73.04
2019-10-11,4,ICU,30,18,6,2,6,18,63.02
2019-10-12,4,ICU,30,15,5,5,5,13,52.77
2019-10-13,4,ICU,30,16,2,1,4,16,55.73
2019-10-14,4,ICU,30,19,7,3,4,11,64.45
2019-10-15,4,ICU,30,19,3,3,4,14,65.02
2019-10-16,4,ICU,30,20,2,2,5,14,68.07
2019-10-17,4,ICU,30,19,4,5,4,15,66.16
2019-10-18,4,ICU,30,18,3,3,4,15,62.39
2019-10-19,4,ICU,30,13,2,10,5,16,46.37
2019-10-20,4,ICU,30,16,2,3,5,17,56.02
2019-10-21,4,ICU,30,18,8,4,5,17,63.28
2019-10-22,4,ICU,30,20,6,1,5,18,68.98
2019-10-23,4,ICU,30,18,6,8,5,16,63.28
2019-10-24,4,ICU,30,23,8,8,4,17,78.47
2019-10-25,4,ICU,30,20,6,2,5,19,68.88
2019-10-26,4,ICU,30,16,5,8,4,14,54.74
2019-10-27,4,ICU,30,15,3,5,4,15,53.05
2019-10-28,4,ICU,30,18,3,2,4,16,61.31
2019-10-29,4,ICU,30,19,3,5,3,15,64.83
2019-10-30,4,ICU,30,19,2,4,4,11,64.03
2019-10-31,4,ICU,30,23,9,4,4,18,78.64
2019-11-01,4,ICU,30,22,5,6,6,15,75.59
2019-11-02,4,ICU,30,15,7,4,4,18,51.85
2019-11-03,4,ICU,30,16,3,4,5,17,56.12
2019-11-04,4,ICU,30,20,6,4,4,16,66.88
2019-11-05,4,ICU,30,20,5,8,4,17,68.72
2019-11-06,4,ICU,30,19,7,2,4,14,64.4
2019-11-07,4,ICU,30,20,2,2,3,16,67.92
2019-11-08,4,ICU,30,25,3,4,4,15,84.73
2019-11-09,4,ICU,30,16,6,6,5,16,55.34
2019-11-10,4,ICU,30,17,4,3,4,17,58.35
2019-11-11,4,ICU,30,20,6,4,5,19,66.97
2019-11-12,4,ICU,30,23,6,5,5,14,77.54
2019-11-13,4,ICU,30,21,7,4,5,18,72.72
2019-11-14,4,ICU,30,21,1,8,4,12,70.74
2019-11-15,4,ICU,30,21,6,5,5,18,70.4
2019-11-16,4,ICU,30,18,4,1,6,16,60.48
2019-11-17,4,ICU,30,18,4,4,5,16,61.21
2019-11-18,4,ICU,30,20,3,7,4,18,69.47
2019-11-19,4,ICU,30,20,3,4,5,14,69.83
2019-11-20,4,ICU,30,22,3,4,5,13,76.1
2019-11-21,4,ICU,30,19,6,3,4,16,64.14
2019-11-22,4,ICU,30,20,3,2,4,19,69.23
2019-11-23,4,ICU,30,16,2,8,3,15,55.34
2019-11-24,4,ICU,30,17,5,4,4,15,59.45
2019-11-25,4,ICU,30,25,1,2,5,16,83.65
2019-11-26,4,ICU,30,21,4,4,3,18,72.99
2019-11-27,4,ICU,30,20,4,5,5,18,68.71
2019-11-28,4,ICU,30,19,6,7,5,15,65.38
2019-11-29,4,ICU,30,24,5,3,5,21,82.28
2019-11-30,4,ICU,30,19,0,1,5,16,63.44
2019-12-01,4,ICU,30,20,6,7,4,14,67.07
2019-12-02,4,ICU,30,22,4,5,6,15,75.06
2019-12-03,4,ICU,30,24,1,4,5,14,83.16
2019-12-04,4,ICU,30,24,5,5,6,18,81.17
2019-12-05,4,ICU,30,23,5,2,6,16,78.1
2019-12-06,4,ICU,30,25,4,2,6,17,83.38
2019-12-07,4,ICU,30,19,3,4,6,19,63.82
2019-12-08,4,ICU,30,17,3,2,4,17,58.67
2019-12-09,4,ICU,30,20,5,5,3,15,69.22
2019-12-10,4,ICU,30,21,5,5,6,18,72.99
2019-12-11,4,ICU,30,22,5,3,4,16,75.28
2019-12-12,4,ICU,30,23,6,8,5,16,77.68
2019-12-13,4,ICU,30,23,4,6,4,17,77.39
2019-12-14,4,ICU,30,16,10,9,4,17,54.91
2019-12-15,4,ICU,30,20,4,4,6,16,69.07
2019-12-16,4,ICU,30,24,7,4,5,17,81.61
2019-12-17,4,ICU,30,24,3,3,4,15,83.08
2019-12-18,4,ICU,30,25,3,2,4,19,85.03
2019-12-19,4,ICU,30,25,3,13,4,13,83.56
2019-12-20,4,ICU,30,26,3,7,5,19,89.17
2019-12-21,4,ICU,30,20,6,1,4,20,69.74
2019-12-22,4,ICU,30,21,4,3,5,12,72.32
2019-12-23,4,ICU,30,19,7,5,2,16,64.65
2019-12-24,4,ICU,30,23,2,4,5,16,77.01
2019-12-25,4,ICU,30,24,5,9,4,17,80.42
2019-12-26,4,ICU,30,23,3,4,3,16,78.95
2019-12-27,4,ICU,30,23,8,3,3,16,78.68
2019-12-28,4,ICU,30,19,6,4,4,15,65.77
2019-12-29,4,ICU,30,19,5,3,4,15,66.1
2019-12-30,4,ICU,30,26,3,5,4,16,86.94
2019-12-31,4,ICU,30,20,6,4,5,16,68.84
2020-01-01,4,ICU,30,28,5,9,5,20,95.0
2020-01-02,4,ICU,30,28,3,8,4,15,95.0
2020-01-03,4,ICU,30,28,4,2,5,14,95.0
2020-01-04,4,ICU,30,27,6,2,6,17,91.44
2020-01-05,4,ICU,30,26,8,5,5,15,88.72
2020-01-06,4,ICU,30,28,8,4,4,15,95.0
2020-01-07,4,ICU,30,28,3,2,5,18,95.0
2020-01-08,4,ICU,30,28,8,4,4,16,95.0
2020-01-09,4,ICU,30,28,3,3,5,19,95.0
2020-01-10,4,ICU,30,28,7,5,3,18,95.0
2020-01-11,4,ICU,30,26,3,8,4,24,89.17
2020-01-12,4,ICU,30,25,9,3,4,17,86.45
2020-01-13,4,ICU,30,28,3,3,3,14,95.0
2020-01-14,4,ICU,30,28,5,4,4,19,95.0
2020-01-15,4,ICU,30,28,4,1,5,14,95.0
2020-01-16,4,ICU,30,28,3,3,5,20,95.0
2020-01-17,4,ICU,30,28,4,3,4,18,95.0
2020-01-18,4,ICU,30,28,4,2,6,15,94.46
2020-01-19,4,ICU,30,25,0,6,5,16,85.86
2020-01-20,4,ICU,30,28,3,3,3,17,95.0
2020-01-21,4,ICU,30,28,1,4,5,18,95.0
2020-01-22,4,ICU,30,28,5,2,2,19,95.0
2020-01-23,4,ICU,30,28,2,6,4,16,95.0
2020-01-24,4,ICU,30,28,6,9,4,15,95.0
2020-01-25,4,ICU,30,26,3,4,5,20,88.91
2020-01-26,4,ICU,30,28,5,3,3,18,95.0
2020-01-27,4,ICU,30,28,1,4,3,16,95.0
2020-01-28,4,ICU,30,28,4,1,5,19,95.0
2020-01-29,4,ICU,30,28,5,2,6,14,95.0
2020-01-30,4,ICU,30,28,3,3,4,22,95.0
2020-01-31,4,ICU,30,28,4,5,5,17,95.0
2020-02-01,4,ICU,30,27,14,3,6,18,91.99
2020-02-02,4,ICU,30,25,5,8,6,18,86.01
2020-02-03,4,ICU,30,28,5,5,4,19,95.0
2020-02-04,4,ICU,30,28,5,3,4,19,95.0
2020-02-05,4,ICU,30,28,2,3,6,19,95.0
2020-02-06,4,ICU,30,28,3,9,4,19,95.0
2020-02-07,4,ICU,30,28,3,5,3,16,95.0
2020-02-08,4,ICU,30,28,2,3,6,16,94.65
2020-02-09,4,ICU,30,28,9,5,4,16,93.59
2020-02-10,4,ICU,30,28,9,5,6,18,95.0
2020-02-11,4,ICU,30,28,5,3,3,19,95.0
2020-02-12,4,ICU,30,28,9,5,4,16,95.0
2020-02-13,4,ICU,30,28,6,6,2,13,95.0
2020-02-14,4,ICU,30,28,6,4,4,12,95.0
2020-02-15,4,ICU,30,28,7,9,4,14,93.37
2020-02-16,4,ICU,30,28,3,5,4,17,95.0
2020-02-17,4,ICU,30,28,2,1,5,19,95.0
2020-02-18,4,ICU,30,28,4,3,4,16,95.0
2020-02-19,4,ICU,30,28,7,2,4,17,95.0
2020-02-20,4,ICU,30,28,8,4,4,19,95.0
2020-02-21,4,ICU,30,28,5,6,5,18,95.0
2020-02-22,4,ICU,30,28,3,7,5,16,95.0
2020-02-23,4,ICU,30,28,8,3,4,17,95.0
2020-02-24,4,ICU,30,28,1,5,6,17,95.0
2020-02-25,4,ICU,30,28,4,4,2,18,95.0
2020-02-26,4,ICU,30,28,4,4,5,18,95.0
2020-02-27,4,ICU,30,28,6,3,4,17,95.0
2020-02-28,4,ICU,30,28,3,3,4,15,95.0
2020-02-29,4,ICU,30,28,6,3,5,16,95.0
2020-03-01,4,ICU,30,27,3,2,4,17,91.34
2020-03-02,4,ICU,30,28,5,5,4,14,95.0
2020-03-03,4,ICU,30,28,3,3,6,24,95.0
2020-03-04,4,ICU,30,28,6,5,7,16,95.0
2020-03-05,4,ICU,30,28,9,2,4,16,95.0
2020-03-06,4,ICU,30,28,9,4,5,16,95.0
2020-03-07,4,ICU,30,28,6,5,5,20,95.0
2020-03-08,4,ICU,30,28,4,5,5,13,95.0
2020-03-09,4,ICU,30,28,4,10,4,18,95.0
2020-03-10,4,ICU,30,28,2,3,4,15,95.0
2020-03-11,4,ICU,30,28,3,2,3,17,95.0
2020-03-12,4,ICU,30,28,6,6,5,19,95.0
2020-03-13,4,ICU,30,28,2,6,6,18,95.0
2020-03-14,4,ICU,30,28,4,4,4,18,95.0
2020-03-15,4,ICU,30,28,6,4,4,20,95.0
2020-03-16,4,ICU,30,28,3,2,3,18,95.0
2020-03-17,4,ICU,30,28,6,3,3,15,95.0
2020-03-18,4,ICU,30,28,3,3,6,15,95.0
2020-03-19,4,ICU,30,28,6,2,4,18,95.0
2020-03-20,4,ICU,30,28,6,4,5,18,95.0
2020-03-21,4,ICU,30,28,3,2,3,18,94.61
2020-03-22,4,ICU,30,28,4,5,4,18,95.0
2020-03-23,4,ICU,30,28,3,5,4,16,95.0
2020-03-24,4,ICU,30,28,6,2,5,17,95.0
2020-03-25,4,ICU,30,28,4,5,5,16,95.0
2020-03-26,4,ICU,30,28,4,4,6,15,95.0
2020-03-27,4,ICU,30,28,4,2,5,19,95.0
2020-03-28,4,ICU,30,28,3,3,3,16,95.0
2020-03-29,4,ICU,30,28,2,4,5,22,95.0
2020-03-30,4,ICU,30,28,5,6,5,19,95.0
2020-03-31,4,ICU,30,28,4,3,3,17,95.0
2020-04-01,4,ICU,30,28,9,5,4,19,95.0
2020-04-02,4,ICU,30,28,6,3,4,20,95.0
2020-04-03,4,ICU,30,28,5,4,3,17,95.0
2020-04-04,4,ICU,30,28,7,2,4,12,95.0
2020-04-05,4,ICU,30,28,3,4,6,17,95.0
2020-04-06,4,ICU,30,28,7,4,6,18,95.0
2020-04-07,4,ICU,30,28,4,2,5,16,95.0
2020-04-08,4,ICU,30,28,4,4,4,16,95.0
2020-04-09,4,ICU,30,28,4,3,4,17,95.0
2020-04-10,4,ICU,30,28,5,7,6,18,95.0
2020-04-11,4,ICU,30,28,2,5,4,16,95.0
2020-04-12,4,ICU,30,28,9,4,4,18,95.0
2020-04-13,4,ICU,30,28,6,5,5,17,95.0
2020-04-14,4,ICU,30,28,2,7,5,15,95.0
2020-04-15,4,ICU,30,28,5,4,5,13,95.0
2020-04-16,4,ICU,30,28,2,4,6,19,95.0
2020-04-17,4,ICU,30,28,3,4,6,14,95.0
2020-04-18,4,ICU,30,28,3,1,5,20,95.0
2020-04-19,4,ICU,30,26,3,3,4,18,88.68
2020-04-20,4,ICU,30,28,1,3,4,17,95.0
2020-04-21,4,ICU,30,28,3,9,4,19,95.0
2020-04-22,4,ICU,30,28,5,3,5,16,95.0
2020-04-23,4,ICU,30,28,7,7,5,15,95.0
2020-04-24,4,ICU,30,28,5,4,6,15,95.0
2020-04-25,4,ICU,30,28,3,2,6,16,95.0
2020-04-26,4,ICU,30,28,4,4,4,19,95.0
2020-04-27,4,ICU,30,28,8,3,3,19,95.0
2020-04-28,4,ICU,30,28,8,3,4,17,95.0
2020-04-29,4,ICU,30,28,3,2,5,15,95.0
2020-04-30,4,ICU,30,28,6,7,5,19,95.0
2020-05-01,4,ICU,30,28,2,5,5,17,95.0
2020-05-02,4,ICU,30,28,6,3,3,15,95.0
2020-05-03,4,ICU,30,26,3,4,5,17,89.04
2020-05-04,4,ICU,30,28,4,5,5,15,95.0
2020-05-05,4,ICU,30,28,6,2,6,14,95.0
2020-05-06,4,ICU,30,28,5,2,5,18,95.0
2020-05-07,4,ICU,30,28,5,10,5,21,95.0
2020-05-08,4,ICU,30,28,4,4,5,15,95.0
2020-05-09,4,ICU,30,27,6,7,5,16,92.59
2020-05-10,4,ICU,30,28,4,1,5,17,95.0
2020-05-11,4,ICU,30,28,3,7,5,14,95.0
2020-05-12,4,ICU,30,28,1,2,4,16,95.0
2020-05-13,4,ICU,30,28,10,2,3,16,95.0
2020-05-14,4,ICU,30,28,6,4,4,18,95.0
2020-05-15,4,ICU,30,28,5,4,6,15,95.0
2020-05-16,4,ICU,30,27,2,4,4,20,92.03
2020-05-17,4,ICU,30,27,7,6,4,16,92.52
2020-05-18,4,ICU,30,28,10,4,4,17,95.0
2020-05-19,4,ICU,30,28,6,1,5,17,95.0
2020-05-20,4,ICU,30,28,4,7,5,14,95.0
2020-05-21,4,ICU,30,28,4,7,5,15,95.0
2020-05-22,4,ICU,30,28,7,3,5,16,95.0
2020-05-23,4,ICU,30,26,3,6,5,14,86.8
2020-05-24,4,ICU,30,27,2,6,3,19,91.23
2020-05-25,4,ICU,30,28,3,5,4,18,95.0
2020-05-26,4,ICU,30,28,6,3,4,20,95.0
2020-05-27,4,ICU,30,28,8,5,5,19,95.0
2020-05-28,4,ICU,30,28,5,2,5,17,95.0
2020-05-29,4,ICU,30,28,6,1,4,13,95.0
2020-05-30,4,ICU,30,26,5,4,4,18,89.63
2020-05-31,4,ICU,30,27,5,4,6,16,92.71
2020-06-01,4,ICU,30,28,4,6,4,17,95.0
2020-06-02,4,ICU,30,28,4,6,3,18,95.0
2020-06-03,4,ICU,30,28,4,3,4,16,95.0
2020-06-04,4,ICU,30,24,4,3,4,14,80.91
2020-06-05,4,ICU,30,28,4,3,6,19,95.0
2020-06-06,4,ICU,30,24,6,1,5,15,81.77
2020-06-07,4,ICU,30,27,1,4,4,17,91.16
2020-06-08,4,ICU,30,28,3,5,3,19,95.0
2020-06-09,4,ICU,30,28,5,6,4,17,95.0
2020-06-10,4,ICU,30,28,5,6,5,21,95.0
2020-06-11,4,ICU,30,28,3,5,2,21,95.0
2020-06-12,4,ICU,30,28,3,8,4,15,95.0
2020-06-13,4,ICU,30,25,4,5,7,16,83.44
2020-06-14,4,ICU,30,27,4,7,6,18,92.86
2020-06-15,4,ICU,30,28,7,11,3,15,95.0
2020-06-16,4,ICU,30,28,5,4,5,11,95.0
2020-06-17,4,ICU,30,28,8,1,2,16,95.0
2020-06-18,4,ICU,30,28,3,2,4,15,95.0
2020-06-19,4,ICU,30,28,3,3,3,16,95.0
2020-06-20,4,ICU,30,26,4,3,5,19,89.33
2020-06-21,4,ICU,30,24,7,3,6,18,80.24
2020-06-22,4,ICU,30,28,4,5,3,14,95.0
2020-06-23,4,ICU,30,28,7,7,5,18,95.0
2020-06-24,4,ICU,30,28,8,1,2,18,95.0
2020-06-25,4,ICU,30,28,6,6,4,14,95.0
2020-06-26,4,ICU,30,28,2,5,3,17,95.0
2020-06-27,4,ICU,30,24,6,4,6,14,81.96
2020-06-28,4,ICU,30,24,2,5,5,16,82.01
2020-06-29,4,ICU,30,28,2,6,4,15,95.0
2020-06-30,4,ICU,30,27,4,7,2,17,93.17
2020-07-01,4,ICU,30,26,6,1,3,17,87.67
2020-07-02,4,ICU,30,28,1,5,4,17,95.0
2020-07-03,4,ICU,30,28,4,5,5,17,95.0
2020-07-04,4,ICU,30,24,5,5,3,18,80.19
2020-07-05,4,ICU,30,23,4,8,2,18,77.37
2020-07-06,4,ICU,30,25,3,5,4,15,86.49
2020-07-07,4,ICU,30,26,6,3,3,17,86.76
2020-07-08,4,ICU,30,25,4,3,4,15,84.0
2020-07-09,4,ICU,30,24,7,6,5,17,81.36
2020-07-10,4,ICU,30,28,3,3,6,19,95.0
2020-07-11,4,ICU,30,22,8,5,5,17,76.5
2020-07-12,4,ICU,30,22,1,2,5,15,74.04
2020-07-13,4,ICU,30,28,6,7,4,17,95.0
2020-07-14,4,ICU,30,28,3,6,5,18,95.0
2020-07-15,4,ICU,30,27,4,2,3,13,92.93
2020-07-16,4,ICU,30,24,4,10,6,19,83.1
2020-07-17,4,ICU,30,26,6,5,3,18,89.37
2020-07-18,4,ICU,30,21,7,5,5,16,71.44
2020-07-19,4,ICU,30,26,9,2,5,14,87.34
2020-07-20,4,ICU,30,27,3,3,6,17,90.54
2020-07-21,4,ICU,30,28,3,5,4,18,95.0
2020-07-22,4,ICU,30,28,5,2,5,18,94.14
2020-07-23,4,ICU,30,27,6,3,6,18,91.24
2020-07-24,4,ICU,30,27,6,8,3,13,90.89
2020-07-25,4,ICU,30,23,3,5,4,14,78.52
2020-07-26,4,ICU,30,22,6,5,5,16,74.93
2020-07-27,4,ICU,30,27,5,6,6,13,90.05
2020-07-28,4,ICU,30,27,3,3,5,19,92.52
2020-07-29,4,ICU,30,26,7,3,3,19,87.16
2020-07-30,4,ICU,30,27,7,9,6,15,92.81
2020-07-31,4,ICU,30,28,4,4,3,13,95.0
2020-08-01,4,ICU,30,17,6,5,3,13,58.64
2020-08-02,4,ICU,30,20,6,4,6,15,69.24
2020-08-03,4,ICU,30,24,1,5,6,18,82.19
2020-08-04,4,ICU,30,26,5,2,4,16,87.78
2020-08-05,4,ICU,30,23,5,7,5,17,77.07
2020-08-06,4,ICU,30,26,5,2,5,16,88.4
2020-08-07,4,ICU,30,23,9,5,4,21,79.78
2020-08-08,4,ICU,30,21,3,1,5,17,72.06
2020-08-09,4,ICU,30,22,3,6,4,15,73.55
2020-08-10,4,ICU,30,26,2,1,3,16,88.5
2020-08-11,4,ICU,30,27,4,7,4,17,91.89
2020-08-12,4,ICU,30,27,5,3,4,16,91.63
2020-08-13,4,ICU,30,28,4,6,5,17,93.51
2020-08-14,4,ICU,30,24,7,3,4,21,80.07
2020-08-15,4,ICU,30,18,2,4,4,16,60.43
2020-08-16,4,ICU,30,23,3,3,3,18,79.92
2020-08-17,4,ICU,30,26,4,4,3,19,87.53
2020-08-18,4,ICU,30,26,4,5,4,15,87.88
2020-08-19,4,ICU,30,24,6,6,4,15,80.56
2020-08-20,4,ICU,30,28,9,4,2,18,95.0
2020-08-21,4,ICU,30,24,1,4,5,15,80.77
2020-08-22,4,ICU,30,22,3,5,5,14,73.78
2020-08-23,4,ICU,30,21,3,6,5,19,70.14
2020-08-24,4,ICU,30,26,2,5,5,19,86.92
2020-08-25,4,ICU,30,27,2,2,4,16,90.96
2020-08-26,4,ICU,30,26,2,8,4,15,88.73
2020-08-27,4,ICU,30,23,6,1,4,13,79.98
2020-08-28,4,ICU,30,28,9,3,4,16,95.0
2020-08-29,4,ICU,30,21,7,4,6,13,70.55
2020-08-30,4,ICU,30,20,7,4,5,17,67.19
2020-08-31,4,ICU,30,28,4,4,4,16,94.48
2020-09-01,4,ICU,30,24,6,3,2,17,83.03
2020-09-02,4,ICU,30,26,5,7,3,17,87.09
2020-09-03,4,ICU,30,25,8,4,5,15,85.88
2020-09-04,4,ICU,30,26,2,1,4,19,88.98
2020-09-05,4,ICU,30,21,9,7,6,15,71.17
2020-09-06,4,ICU,30,21,3,6,4,12,70.65
2020-09-07,4,ICU,30,22,3,3,6,17,76.55
2020-09-08,4,ICU,30,28,7,5,4,19,95.0
2020-09-09,4,ICU,30,23,5,5,4,13,79.05
2020-09-10,4,ICU,30,24,9,4,6,16,82.27
2020-09-11,4,ICU,30,26,1,3,5,20,88.23
2020-09-12,4,ICU,30,21,7,5,6,15,72.24
2020-09-13,4,ICU,30,17,1,1,4,17,58.95
2020-09-14,4,ICU,30,26,4,6,5,21,87.83
2020-09-15,4,ICU,30,24,9,3,4,13,82.15
2020-09-16,4,ICU,30,25,7,11,5,16,84.34
2020-09-17,4,ICU,30,28,5,4,6,13,95.0
2020-09-18,4,ICU,30,23,4,4,6,17,79.05
2020-09-19,4,ICU,30,21,8,5,5,14,73.15
2020-09-20,4,ICU,30,23,7,1,6,15,79.72
2020-09-21,4,ICU,30,24,9,6,6,12,82.42
2020-09-22,4,ICU,30,26,2,5,5,17,87.71
2020-09-23,4,ICU,30,26,5,3,4,20,88.18
2020-09-24,4,ICU,30,23,1,6,4,14,79.08
2020-09-25,4,ICU,30,26,1,5,5,16,88.34
2020-09-26,4,ICU,30,21,4,6,3,17,72.74
2020-09-27,4,ICU,30,21,2,5,5,17,71.54
2020-09-28,4,ICU,30,25,3,3,4,20,85.78
2020-09-29,4,ICU,30,22,4,3,3,17,76.1
2020-09-30,4,ICU,30,25,5,4,5,18,84.16
2020-10-01,4,ICU,30,28,3,6,3,17,95.0
2020-10-02,4,ICU,30,26,6,4,4,16,89.09
2020-10-03,4,ICU,30,21,3,3,3,15,70.59
2020-10-04,4,ICU,30,22,5,3,2,14,74.41
2020-10-05,4,ICU,30,22,6,2,5,12,75.55
2020-10-06,4,ICU,30,28,2,3,4,16,93.75
2020-10-07,4,ICU,30,25,5,4,3,17,83.9
2020-10-08,4,ICU,30,25,3,4,5,15,84.63
2020-10-09,4,ICU,30,24,3,4,5,18,82.01
2020-10-10,4,ICU,30,19,4,4,4,18,65.86
2020-10-11,4,ICU,30,19,5,3,5,18,64.47
2020-10-12,4,ICU,30,25,1,6,5,17,86.05
2020-10-13,4,ICU,30,23,3,4,4,20,77.74
2020-10-14,4,ICU,30,27,4,4,4,17,90.76
2020-10-15,4,ICU,30,23,2,6,2,15,77.93
2020-10-16,4,ICU,30,26,9,9,4,16,89.27
2020-10-17,4,ICU,30,22,7,3,7,17,74.34
2020-10-18,4,ICU,30,22,4,8,4,16,75.36
2020-10-19,4,ICU,30,25,5,7,4,15,84.94
2020-10-20,4,ICU,30,26,5,4,4,17,88.08
2020-10-21,4,ICU,30,28,4,5,5,14,95.0
2020-10-22,4,ICU,30,26,3,6,5,16,88.94
2020-10-23,4,ICU,30,27,5,5,4,16,90.8
2020-10-24,4,ICU,30,21,10,6,4,15,71.73
2020-10-25,4,ICU,30,20,4,5,5,14,69.42
2020-10-26,4,ICU,30,25,3,4,4,14,83.36
2020-10-27,4,ICU,30,24,2,3,4,15,83.31
2020-10-28,4,ICU,30,25,10,7,4,18,83.81
2020-10-29,4,ICU,30,26,6,1,5,15,89.39
2020-10-30,4,ICU,30,26,5,3,5,19,88.33
2020-10-31,4,ICU,30,23,4,4,5,14,79.37
2020-11-01,4,ICU,30,23,5,3,5,12,77.35
2020-11-02,4,ICU,30,28,8,2,5,17,95.0
2020-11-03,4,ICU,30,28,4,3,4,17,93.62
2020-11-04,4,ICU,30,26,4,3,5,22,87.41
2020-11-05,4,ICU,30,28,5,8,4,19,95.0
2020-11-06,4,ICU,30,28,7,2,5,20,95.0
2020-11-07,4,ICU,30,22,11,4,5,16,74.4
2020-11-08,4,ICU,30,21,6,4,4,13,71.17
2020-11-09,4,ICU,30,28,3,5,4,17,95.0
2020-11-10,4,ICU,30,28,3,3,6,18,95.0
2020-11-11,4,ICU,30,27,3,3,5,20,92.81
2020-11-12,4,ICU,30,28,2,4,5,20,95.0
2020-11-13,4,ICU,30,28,6,4,6,15,95.0
2020-11-14,4,ICU,30,21,4,3,4,15,70.42
2020-11-15,4,ICU,30,22,4,5,2,20,74.92
2020-11-16,4,ICU,30,28,3,3,6,14,95.0
2020-11-17,4,ICU,30,28,3,0,5,15,95.0
2020-11-18,4,ICU,30,26,6,4,4,20,87.64
2020-11-19,4,ICU,30,28,2,6,4,13,95.0
2020-11-20,4,ICU,30,26,1,4,3,15,88.03
2020-11-21,4,ICU,30,21,5,2,6,14,70.83
2020-11-22,4,ICU,30,24,5,3,2,14,82.66
2020-11-23,4,ICU,30,25,2,0,3,15,84.37
2020-11-24,4,ICU,30,26,7,4,4,15,87.95
2020-11-25,4,ICU,30,25,2,8,4,17,85.38
2020-11-26,4,ICU,30,28,4,9,4,14,95.0
2020-11-27,4,ICU,30,28,1,2,6,16,95.0
2020-11-28,4,ICU,30,22,9,7,5,16,76.42
2020-11-29,4,ICU,30,20,2,4,5,16,67.25
2020-11-30,4,ICU,30,26,5,3,4,17,89.13
2020-12-01,4,ICU,30,28,4,1,4,16,95.0
2020-12-02,4,ICU,30,28,5,7,4,19,95.0
2020-12-03,4,ICU,30,28,0,4,5,17,95.0
2020-12-04,4,ICU,30,28,5,3,5,17,95.0
2020-12-05,4,ICU,30,24,7,2,4,16,80.93
2020-12-06,4,ICU,30,25,3,4,5,15,85.04
2020-12-07,4,ICU,30,28,5,4,6,16,95.0
2020-12-08,4,ICU,30,28,7,2,3,14,95.0
2020-12-09,4,ICU,30,28,7,3,5,14,95.0
2020-12-10,4,ICU,30,28,4,5,4,16,95.0
2020-12-11,4,ICU,30,28,7,5,4,15,95.0
2020-12-12,4,ICU,30,24,4,2,5,16,80.37
2020-12-13,4,ICU,30,24,4,4,4,18,82.31
2020-12-14,4,ICU,30,28,4,1,5,16,95.0
2020-12-15,4,ICU,30,28,7,4,4,16,95.0
2020-12-16,4,ICU,30,28,3,7,4,17,95.0
2020-12-17,4,ICU,30,27,3,6,5,15,91.9
2020-12-18,4,ICU,30,28,4,3,3,16,93.87
2020-12-19,4,ICU,30,26,3,2,5,19,88.41
2020-12-20,4,ICU,30,21,4,5,5,17,72.58
2020-12-21,4,ICU,30,28,5,4,5,20,95.0
2020-12-22,4,ICU,30,28,1,4,3,18,95.0
2020-12-23,4,ICU,30,26,4,2,4,17,88.85
2020-12-24,4,ICU,30,28,5,4,4,17,95.0
2020-12-25,4,ICU,30,28,6,3,4,17,95.0
2020-12-26,4,ICU,30,26,7,4,5,14,87.34
2020-12-27,4,ICU,30,23,4,2,4,16,79.86
2020-12-28,4,ICU,30,28,5,4,5,18,95.0
2020-12-29,4,ICU,30,28,6,4,3,18,95.0
2020-12-30,4,ICU,30,28,8,5,5,17,95.0
2020-12-31,4,ICU,30,28,10,2,5,19,95.0
2021-01-01,4,ICU,30,28,4,5,4,18,95.0
2021-01-02,4,ICU,30,28,4,4,5,17,95.0
2021-01-03,4,ICU,30,26,1,5,4,17,88.8
2021-01-04,4,ICU,30,28,9,3,5,16,95.0
2021-01-05,4,ICU,30,28,8,3,5,19,95.0
2021-01-06,4,ICU,30,28,3,8,4,14,95.0
2021-01-07,4,ICU,30,28,4,4,2,18,95.0
2021-01-08,4,ICU,30,28,3,3,5,16,95.0
2021-01-09,4,ICU,30,26,1,3,3,19,87.28
2021-01-10,4,ICU,30,27,5,1,3,16,92.53
2021-01-11,4,ICU,30,28,8,5,4,17,95.0
2021-01-12,4,ICU,30,28,2,5,4,17,95.0
2021-01-13,4,ICU,30,28,4,3,4,20,95.0
2021-01-14,4,ICU,30,28,6,4,4,21,95.0
2021-01-15,4,ICU,30,28,4,4,5,17,95.0
2021-01-16,4,ICU,30,27,6,4,4,17,92.55
2021-01-17,4,ICU,30,24,7,6,5,17,81.73
2021-01-18,4,ICU,30,28,5,3,4,16,95.0
2021-01-19,4,ICU,30,28,4,5,4,15,95.0
2021-01-20,4,ICU,30,28,3,6,6,15,95.0
2021-01-21,4,ICU,30,28,4,5,5,15,95.0
2021-01-22,4,ICU,30,28,5,4,4,16,95.0
2021-01-23,4,ICU,30,25,6,2,5,17,85.57
2021-01-24,4,ICU,30,27,4,2,4,15,91.5
2021-01-25,4,ICU,30,28,8,6,5,12,95.0
2021-01-26,4,ICU,30,28,5,6,5,17,95.0
2021-01-27,4,ICU,30,28,6,3,6,16,95.0
2021-01-28,4,ICU,30,28,6,4,3,14,95.0
2021-01-29,4,ICU,30,28,8,2,4,19,95.0
2021-01-30,4,ICU,30,28,5,4,5,19,95.0
2021-01-31,4,ICU,30,28,10,6,4,18,94.23
2021-02-01,4,ICU,30,28,2,4,4,17,95.0
2021-02-02,4,ICU,30,28,8,5,5,18,95.0
2021-02-03,4,ICU,30,28,5,2,5,18,95.0
2021-02-04,4,ICU,30,28,0,2,4,16,95.0
2021-02-05,4,ICU,30,28,3,2,6,19,95.0
2021-02-06,4,ICU,30,28,6,2,5,20,95.0
2021-02-07,4,ICU,30,28,2,5,3,19,95.0
2021-02-08,4,ICU,30,28,11,2,5,20,95.0
2021-02-09,4,ICU,30,28,7,3,3,17,95.0
2021-02-10,4,ICU,30,28,0,3,3,17,95.0
2021-02-11,4,ICU,30,28,7,4,4,15,95.0
2021-02-12,4,ICU,30,28,8,2,5,18,95.0
2021-02-13,4,ICU,30,28,3,3,2,16,95.0
2021-02-14,4,ICU,30,28,4,2,3,18,95.0
2021-02-15,4,ICU,30,28,3,5,5,17,95.0
2021-02-16,4,ICU,30,28,3,3,6,18,95.0
2021-02-17,4,ICU,30,28,7,6,5,18,95.0
2021-02-18,4,ICU,30,28,6,4,7,16,95.0
2021-02-19,4,ICU,30,28,2,7,5,15,95.0
2021-02-20,4,ICU,30,28,2,7,6,20,95.0
2021-02-21,4,ICU,30,28,5,2,3,18,95.0
2021-02-22,4,ICU,30,28,4,5,5,16,95.0
2021-02-23,4,ICU,30,28,6,6,4,16,95.0
2021-02-24,4,ICU,30,28,4,6,4,17,95.0
2021-02-25,4,ICU,30,28,2,4,2,17,95.0
2021-02-26,4,ICU,30,28,6,3,6,21,95.0
2021-02-27,4,ICU,30,27,8,5,6,15,90.45
2021-02-28,4,ICU,30,28,7,6,4,19,95.0
2021-03-01,4,ICU,30,28,7,7,5,16,95.0
2021-03-02,4,ICU,30,28,4,5,6,19,95.0
2021-03-03,4,ICU,30,28,7,5,4,17,95.0
2021-03-04,4,ICU,30,28,6,3,3,18,95.0
2021-03-05,4,ICU,30,28,5,4,5,11,95.0
2021-03-06,4,ICU,30,28,4,3,4,12,95.0
2021-03-07,4,ICU,30,28,3,5,5,19,95.0
2021-03-08,4,ICU,30,28,9,2,3,17,95.0
2021-03-09,4,ICU,30,28,6,6,5,19,95.0
2021-03-10,4,ICU,30,28,4,4,6,19,95.0
2021-03-11,4,ICU,30,28,4,3,4,19,95.0
2021-03-12,4,ICU,30,28,8,6,5,19,95.0
2021-03-13,4,ICU,30,28,6,2,5,15,95.0
2021-03-14,4,ICU,30,28,7,5,3,15,95.0
2021-03-15,4,ICU,30,28,5,5,5,19,95.0
2021-03-16,4,ICU,30,28,7,4,4,15,95.0
2021-03-17,4,ICU,30,28,8,4,6,13,95.0
2021-03-18,4,ICU,30,28,3,7,3,14,95.0
2021-03-19,4,ICU,30,28,2,3,6,16,95.0
2021-03-20,4,ICU,30,28,7,4,4,14,95.0
2021-03-21,4,ICU,30,28,6,2,5,16,95.0
2021-03-22,4,ICU,30,28,2,2,6,20,95.0
2021-03-23,4,ICU,30,28,5,5,4,14,95.0
2021-03-24,4,ICU,30,28,4,3,4,15,95.0
2021-03-25,4,ICU,30,28,2,1,7,17,95.0
2021-03-26,4,ICU,30,28,6,2,5,18,95.0
2021-03-27,4,ICU,30,27,8,3,4,19,90.82
2021-03-28,4,ICU,30,28,3,8,4,17,95.0
2021-03-29,4,ICU,30,28,2,6,5,18,95.0
2021-03-30,4,ICU,30,28,2,2,4,17,95.0
2021-03-31,4,ICU,30,28,1,2,7,20,95.0
2021-04-01,4,ICU,30,28,8,5,4,17,95.0
2021-04-02,4,ICU,30,28,2,3,4,17,95.0
2021-04-03,4,ICU,30,28,3,4,5,16,95.0
2021-04-04,4,ICU,30,28,6,2,4,15,95.0
2021-04-05,4,ICU,30,28,4,5,2,18,95.0
2021-04-06,4,ICU,30,28,7,6,3,18,95.0
2021-04-07,4,ICU,30,28,3,2,4,17,95.0
2021-04-08,4,ICU,30,28,4,2,5,19,95.0
2021-04-09,4,ICU,30,28,6,2,5,16,95.0
2021-04-10,4,ICU,30,28,2,2,3,17,95.0
2021-04-11,4,ICU,30,28,7,4,5,18,95.0
2021-04-12,4,ICU,30,28,10,8,5,15,95.0
2021-04-13,4,ICU,30,28,4,2,6,15,95.0
2021-04-14,4,ICU,30,28,3,6,5,13,95.0
2021-04-15,4,ICU,30,28,4,3,5,15,95.0
2021-04-16,4,ICU,30,28,6,4,6,15,95.0
2021-04-17,4,ICU,30,27,8,5,5,18,93.31
2021-04-18,4,ICU,30,28,3,6,4,17,95.0
2021-04-19,4,ICU,30,28,9,1,3,15,95.0
2021-04-20,4,ICU,30,28,7,2,4,17,95.0
2021-04-21,4,ICU,30,28,4,5,5,18,95.0
2021-04-22,4,ICU,30,28,3,2,4,14,95.0
2021-04-23,4,ICU,30,28,5,3,4,19,95.0
2021-04-24,4,ICU,30,27,7,7,5,19,93.19
2021-04-25,4,ICU,30,28,5,5,4,17,94.72
2021-04-26,4,ICU,30,28,6,7,5,18,95.0
2021-04-27,4,ICU,30,28,6,5,6,18,95.0
2021-04-28,4,ICU,30,28,6,2,3,16,95.0
2021-04-29,4,ICU,30,28,6,7,4,18,95.0
2021-04-30,4,ICU,30,28,3,3,5,19,95.0
2021-05-01,4,ICU,30,25,4,8,4,17,83.6
2021-05-02,4,ICU,30,26,4,5,6,17,89.05
2021-05-03,4,ICU,30,28,0,9,5,18,95.0
2021-05-04,4,ICU,30,28,7,8,6,15,95.0
2021-05-05,4,ICU,30,28,5,7,5,19,95.0
2021-05-06,4,ICU,30,28,2,2,6,22,95.0
2021-05-07,4,ICU,30,28,8,3,5,21,95.0
2021-05-08,4,ICU,30,28,8,6,4,21,95.0
2021-05-09,4,ICU,30,26,3,3,3,16,87.33
2021-05-10,4,ICU,30,28,2,2,4,18,95.0
2021-05-11,4,ICU,30,28,2,4,4,18,95.0
2021-05-12,4,ICU,30,28,5,3,3,17,95.0
2021-05-13,4,ICU,30,28,7,4,3,15,95.0
2021-05-14,4,ICU,30,28,5,5,5,18,95.0
2021-05-15,4,ICU,30,27,3,4,6,18,92.99
2021-05-16,4,ICU,30,26,1,2,6,18,87.61
2021-05-17,4,ICU,30,28,8,4,5,15,95.0
2021-05-18,4,ICU,30,28,7,2,3,18,95.0
2021-05-19,4,ICU,30,28,4,4,4,16,95.0
2021-05-20,4,ICU,30,28,2,5,2,18,95.0
2021-05-21,4,ICU,30,28,10,4,4,18,95.0
2021-05-22,4,ICU,30,28,2,1,3,16,95.0
2021-05-23,4,ICU,30,28,4,6,5,21,95.0
2021-05-24,4,ICU,30,28,5,9,4,21,95.0
2021-05-25,4,ICU,30,28,2,2,3,15,95.0
2021-05-26,4,ICU,30,28,4,4,4,20,95.0
2021-05-27,4,ICU,30,28,4,6,6,15,95.0
2021-05-28,4,ICU,30,28,8,4,4,20,95.0
2021-05-29,4,ICU,30,26,3,1,4,17,88.29
2021-05-30,4,ICU,30,28,1,3,4,17,95.0
2021-05-31,4,ICU,30,28,3,5,5,20,95.0
2021-06-01,4,ICU,30,28,4,3,5,16,93.63
2021-06-02,4,ICU,30,28,2,2,6,14,95.0
2021-06-03,4,ICU,30,26,3,3,4,19,89.09
2021-06-04,4,ICU,30,27,5,10,4,19,93.11
2021-06-05,4,ICU,30,25,4,3,5,17,85.51
2021-06-06,4,ICU,30,23,6,5,3,16,77.26
2021-06-07,4,ICU,30,28,7,2,5,20,95.0
2021-06-08,4,ICU,30,28,4,5,4,14,95.0
2021-06-09,4,ICU,30,28,3,5,4,18,95.0
2021-06-10,4,ICU,30,26,7,5,4,18,89.54
2021-06-11,4,ICU,30,28,4,8,5,13,95.0
2021-06-12,4,ICU,30,26,5,2,4,17,89.96
2021-06-13,4,ICU,30,23,5,5,5,16,77.3
2021-06-14,4,ICU,30,28,4,3,5,18,95.0
2021-06-15,4,ICU,30,28,2,4,4,17,95.0
2021-06-16,4,ICU,30,27,6,4,3,18,92.39
2021-06-17,4,ICU,30,28,6,5,4,19,95.0
2021-06-18,4,ICU,30,28,4,2,6,18,95.0
2021-06-19,4,ICU,30,26,4,4,5,19,86.85
2021-06-20,4,ICU,30,24,4,5,4,17,81.08
2021-06-21,4,ICU,30,28,2,3,5,16,95.0
2021-06-22,4,ICU,30,28,3,6,6,15,95.0
2021-06-23,4,ICU,30,28,4,7,5,18,95.0
2021-06-24,4,ICU,30,28,3,6,2,15,95.0
2021-06-25,4,ICU,30,28,4,5,5,22,95.0
2021-06-26,4,ICU,30,25,5,4,4,16,84.57
2021-06-27,4,ICU,30,24,8,3,4,15,82.19
2021-06-28,4,ICU,30,28,7,6,6,16,95.0
2021-06-29,4,ICU,30,28,6,7,4,15,94.41
2021-06-30,4,ICU,30,28,6,7,4,15,95.0
2021-07-01,4,ICU,30,25,8,2,5,15,85.91
2021-07-02,4,ICU,30,28,1,6,6,16,93.81
2021-07-03,4,ICU,30,19,6,4,3,15,65.96
2021-07-04,4,ICU,30,22,6,0,6,19,76.24
2021-07-05,4,ICU,30,26,7,3,5,21,87.8
2021-07-06,4,ICU,30,26,5,1,5,18,89.98
2021-07-07,4,ICU,30,28,6,6,6,19,95.0
2021-07-08,4,ICU,30,28,6,8,4,17,94.03
2021-07-09,4,ICU,30,28,3,4,4,18,95.0
2021-07-10,4,ICU,30,24,3,5,5,14,82.69
2021-07-11,4,ICU,30,23,4,4,6,17,77.73
2021-07-12,4,ICU,30,25,4,4,3,11,83.59
2021-07-13,4,ICU,30,27,4,6,5,19,92.31
2021-07-14,4,ICU,30,27,7,2,4,15,92.19
2021-07-15,4,ICU,30,27,5,4,6,17,92.09
2021-07-16,4,ICU,30,27,5,3,5,18,93.02
2021-07-17,4,ICU,30,22,4,2,4,17,73.78
2021-07-18,4,ICU,30,22,2,3,3,13,74.84
2021-07-19,4,ICU,30,24,8,3,4,11,82.68
2021-07-20,4,ICU,30,28,4,2,5,20,95.0
2021-07-21,4,ICU,30,25,6,4,5,18,85.89
2021-07-22,4,ICU,30,27,3,3,6,19,91.17
2021-07-23,4,ICU,30,28,4,9,5,19,95.0
2021-07-24,4,ICU,30,25,6,8,4,15,83.43
2021-07-25,4,ICU,30,24,6,7,5,18,80.01
2021-07-26,4,ICU,30,28,2,4,4,14,95.0
2021-07-27,4,ICU,30,28,5,7,3,19,94.69
2021-07-28,4,ICU,30,27,1,4,3,18,92.55
2021-07-29,4,ICU,30,28,3,4,5,18,93.9
2021-07-30,4,ICU,30,28,2,4,4,18,95.0
2021-07-31,4,ICU,30,25,6,4,4,17,83.56
2021-08-01,4,ICU,30,24,3,6,3,14,82.52
2021-08-02,4,ICU,30,26,8,4,5,16,87.05
2021-08-03,4,ICU,30,26,7,4,4,16,87.72
2021-08-04,4,ICU,30,26,9,3,5,15,88.13
2021-08-05,4,ICU,30,24,5,5,4,17,80.57
2021-08-06,4,ICU,30,24,4,6,6,12,82.52
2021-08-07,4,ICU,30,23,5,4,5,18,77.77
2021-08-08,4,ICU,30,24,4,4,4,15,82.46
2021-08-09,4,ICU,30,25,4,2,6,19,84.67
2021-08-10,4,ICU,30,26,4,1,5,15,86.82
2021-08-11,4,ICU,30,25,5,3,3,15,85.72
2021-08-12,4,ICU,30,27,5,4,4,15,91.02
2021-08-13,4,ICU,30,27,5,5,6,17,90.96
2021-08-14,4,ICU,30,18,4,4,3,15,61.27
2021-08-15,4,ICU,30,22,12,5,6,15,74.82
2021-08-16,4,ICU,30,25,5,3,4,13,84.88
2021-08-17,4,ICU,30,26,4,7,4,20,86.73
2021-08-18,4,ICU,30,23,6,3,6,13,79.11
2021-08-19,4,ICU,30,25,3,4,3,18,84.73
2021-08-20,4,ICU,30,28,3,2,4,18,95.0
2021-08-21,4,ICU,30,22,4,3,6,19,74.17
2021-08-22,4,ICU,30,19,7,4,6,14,64.43
2021-08-23,4,ICU,30,24,3,4,4,17,80.02
2021-08-24,4,ICU,30,26,6,5,5,20,89.08
2021-08-25,4,ICU,30,28,5,5,4,18,94.11
2021-08-26,4,ICU,30,25,7,11,4,19,84.01
2021-08-27,4,ICU,30,27,4,3,6,16,90.64
2021-08-28,4,ICU,30,20,1,10,5,16,69.85
2021-08-29,4,ICU,30,23,2,6,6,16,79.47
2021-08-30,4,ICU,30,25,9,4,6,18,83.41
2021-08-31,4,ICU,30,26,5,4,2,16,89.56
2021-09-01,4,ICU,30,24,6,3,5,17,83.13
2021-09-02,4,ICU,30,25,1,5,4,17,84.48
2021-09-03,4,ICU,30,24,5,2,3,13,80.27
2021-09-04,4,ICU,30,19,5,2,6,17,65.5
2021-09-05,4,ICU,30,19,3,2,5,18,64.47
2021-09-06,4,ICU,30,23,5,4,4,12,78.8
2021-09-07,4,ICU,30,27,5,1,6,19,92.61
2021-09-08,4,ICU,30,24,8,3,6,16,82.53
2021-09-09,4,ICU,30,25,4,2,6,16,85.61
2021-09-10,4,ICU,30,23,1,4,3,19,77.71
2021-09-11,4,ICU,30,23,5,8,6,12,78.36
2021-09-12,4,ICU,30,18,4,4,5,12,62.21
2021-09-13,4,ICU,30,25,2,1,3,19,86.12
2021-09-14,4,ICU,30,25,6,6,5,21,86.43
2021-09-15,4,ICU,30,26,1,3,5,16,88.4
2021-09-16,4,ICU,30,22,1,1,4,10,73.78
2021-09-17,4,ICU,30,24,5,4,5,12,81.24
2021-09-18,4,ICU,30,19,3,3,4,13,66.57
2021-09-19,4,ICU,30,18,2,3,5,15,62.92
2021-09-20,4,ICU,30,22,5,2,4,18,76.09
2021-09-21,4,ICU,30,25,5,3,4,19,85.75
2021-09-22,4,ICU,30,24,7,5,4,19,80.78
2021-09-23,4,ICU,30,24,2,6,3,18,83.02
2021-09-24,4,ICU,30,27,5,4,4,19,92.39
2021-09-25,4,ICU,30,23,2,5,3,19,78.06
2021-09-26,4,ICU,30,23,4,3,4,16,78.19
2021-09-27,4,ICU,30,26,4,3,4,17,88.75
2021-09-28,4,ICU,30,24,7,5,3,17,80.05
2021-09-29,4,ICU,30,25,3,1,4,17,86.23
2021-09-30,4,ICU,30,25,6,5,4,17,84.63
2021-10-01,4,ICU,30,25,6,1,5,16,84.93
2021-10-02,4,ICU,30,21,3,1,4,13,70.48
2021-10-03,4,ICU,30,21,4,3,4,18,72.85
2021-10-04,4,ICU,30,25,7,4,3,17,85.06
2021-10-05,4,ICU,30,25,5,5,5,19,84.3
2021-10-06,4,ICU,30,24,2,7,6,14,82.94
2021-10-07,4,ICU,30,25,6,0,7,16,83.61
2021-10-08,4,ICU,30,26,5,4,4,13,86.77
2021-10-09,4,ICU,30,24,7,4,7,14,80.98
2021-10-10,4,ICU,30,22,4,5,5,17,75.9
2021-10-11,4,ICU,30,26,2,0,5,14,88.34
2021-10-12,4,ICU,30,28,4,5,5,20,95.0
2021-10-13,4,ICU,30,24,3,1,5,13,82.72
2021-10-14,4,ICU,30,28,6,7,4,15,94.5
2021-10-15,4,ICU,30,24,3,2,3,16,83.19
2021-10-16,4,ICU,30,21,5,6,5,13,71.02
2021-10-17,4,ICU,30,21,12,4,7,15,72.58
2021-10-18,4,ICU,30,26,4,2,4,18,87.26
2021-10-19,4,ICU,30,25,3,2,6,16,85.51
2021-10-20,4,ICU,30,25,2,3,5,16,84.54
2021-10-21,4,ICU,30,26,6,8,2,18,86.76
2021-10-22,4,ICU,30,24,5,2,5,16,82.91
2021-10-23,4,ICU,30,19,4,4,5,17,65.38
2021-10-24,4,ICU,30,22,7,0,4,17,73.67
2021-10-25,4,ICU,30,26,4,5,4,19,87.62
2021-10-26,4,ICU,30,26,4,3,4,17,88.97
2021-10-27,4,ICU,30,27,5,5,4,17,92.04
2021-10-28,4,ICU,30,25,9,4,5,18,86.34
2021-10-29,4,ICU,30,28,5,9,4,16,95.0
2021-10-30,4,ICU,30,21,3,4,4,20,71.98
2021-10-31,4,ICU,30,21,6,3,6,15,70.07
2021-11-01,4,ICU,30,27,10,5,5,19,92.82
2021-11-02,4,ICU,30,26,3,3,6,20,89.83
2021-11-03,4,ICU,30,28,9,4,3,14,95.0
2021-11-04,4,ICU,30,26,2,5,3,16,87.75
2021-11-05,4,ICU,30,28,1,3,6,17,95.0
2021-11-06,4,ICU,30,23,8,3,4,16,79.26
2021-11-07,4,ICU,30,23,6,4,3,14,77.97
2021-11-08,4,ICU,30,28,5,5,5,17,95.0
2021-11-09,4,ICU,30,28,3,6,4,19,95.0
2021-11-10,4,ICU,30,28,5,3,4,20,95.0
2021-11-11,4,ICU,30,28,0,2,6,18,95.0
2021-11-12,4,ICU,30,25,5,4,6,15,86.61
2021-11-13,4,ICU,30,22,5,7,4,17,73.99
2021-11-14,4,ICU,30,23,5,5,4,16,79.45
2021-11-15,4,ICU,30,26,7,5,3,19,87.54
2021-11-16,4,ICU,30,26,2,4,4,20,89.24
2021-11-17,4,ICU,30,28,7,5,5,18,95.0
2021-11-18,4,ICU,30,28,2,5,5,17,95.0
2021-11-19,4,ICU,30,26,4,3,3,16,86.99
2021-11-20,4,ICU,30,23,4,3,5,14,78.41
2021-11-21,4,ICU,30,24,4,2,4,20,82.0
2021-11-22,4,ICU,30,28,5,2,3,16,93.67
2021-11-23,4,ICU,30,26,5,4,5,16,87.81
2021-11-24,4,ICU,30,28,2,4,4,17,95.0
2021-11-25,4,ICU,30,28,2,2,5,20,95.0
2021-11-26,4,ICU,30,27,3,3,5,14,92.26
2021-11-27,4,ICU,30,23,6,5,4,14,77.66
2021-11-28,4,ICU,30,20,1,2,5,18,69.94
2021-11-29,4,ICU,30,28,1,3,4,19,94.88
2021-11-30,4,ICU,30,27,2,1,5,16,92.35
2021-12-01,4,ICU,30,28,3,8,4,18,95.0
2021-12-02,4,ICU,30,28,7,7,4,19,95.0
2021-12-03,4,ICU,30,28,6,8,2,17,95.0
2021-12-04,4,ICU,30,26,4,6,6,18,87.5
2021-12-05,4,ICU,30,26,5,6,4,15,88.48
2021-12-06,4,ICU,30,28,4,7,5,20,95.0
2021-12-07,4,ICU,30,28,7,6,3,15,95.0
2021-12-08,4,ICU,30,28,5,4,5,19,95.0
2021-12-09,4,ICU,30,28,2,8,5,20,95.0
2021-12-10,4,ICU,30,27,3,6,6,15,90.31
2021-12-11,4,ICU,30,25,6,4,5,16,84.25
2021-12-12,4,ICU,30,23,3,4,6,15,78.24
2021-12-13,4,ICU,30,28,1,6,5,17,95.0
2021-12-14,4,ICU,30,26,7,2,4,17,89.98
2021-12-15,4,ICU,30,28,4,7,3,16,95.0
2021-12-16,4,ICU,30,28,4,0,6,18,95.0
2021-12-17,4,ICU,30,28,6,5,4,19,95.0
2021-12-18,4,ICU,30,25,6,6,4,20,85.2
2021-12-19,4,ICU,30,26,5,7,6,18,88.14
2021-12-20,4,ICU,30,28,7,1,5,17,95.0
2021-12-21,4,ICU,30,28,5,6,6,18,95.0
2021-12-22,4,ICU,30,28,1,2,5,14,95.0
2021-12-23,4,ICU,30,28,8,4,6,16,95.0
2021-12-24,4,ICU,30,28,5,5,6,16,95.0
2021-12-25,4,ICU,30,21,8,5,5,14,72.63
2021-12-26,4,ICU,30,25,6,2,5,20,84.88
2021-12-27,4,ICU,30,28,5,6,5,20,95.0
2021-12-28,4,ICU,30,28,5,5,6,18,95.0
2021-12-29,4,ICU,30,28,3,4,5,14,95.0
2021-12-30,4,ICU,30,27,15,3,5,17,90.41
2021-12-31,4,ICU,30,28,7,4,5,20,94.97
2022-01-01,4,ICU,30,17,3,4,3,15,59.61
2022-01-02,4,ICU,30,21,4,4,4,15,73.32
2022-01-03,4,ICU,30,27,4,5,5,14,90.89
2022-01-04,4,ICU,30,26,4,8,5,19,89.62
2022-01-05,4,ICU,30,28,1,7,5,21,95.0
2022-01-06,4,ICU,30,26,7,8,6,18,89.06
2022-01-07,4,ICU,30,27,6,4,4,16,91.4
2022-01-08,4,ICU,30,21,8,7,6,14,71.95
2022-01-09,4,ICU,30,24,5,4,6,14,80.36
2022-01-10,4,ICU,30,26,7,2,6,16,87.63
2022-01-11,4,ICU,30,27,6,5,4,17,91.0
2022-01-12,4,ICU,30,24,3,3,4,21,82.26
2022-01-13,4,ICU,30,28,3,5,5,16,94.6
2022-01-14,4,ICU,30,26,5,8,4,18,89.68
2022-01-15,4,ICU,30,22,2,2,5,15,75.12
2022-01-16,4,ICU,30,21,6,3,5,15,70.08
2022-01-17,4,ICU,30,28,4,2,3,22,93.48
2022-01-18,4,ICU,30,28,5,4,5,15,95.0
2022-01-19,4,ICU,30,28,4,0,4,17,95.0
2022-01-20,4,ICU,30,24,3,5,4,16,82.24
2022-01-21,4,ICU,30,25,2,5,3,16,85.96
2022-01-22,4,ICU,30,22,8,2,4,16,74.65
2022-01-23,4,ICU,30,24,4,2,5,17,81.42
2022-01-24,4,ICU,30,23,5,7,6,17,78.43
2022-01-25,4,ICU,30,27,5,6,3,18,91.3
2022-01-26,4,ICU,30,27,4,4,5,17,91.68
2022-01-27,4,ICU,30,22,2,3,5,16,76.36
2022-01-28,4,ICU,30,26,4,4,4,17,89.74
2022-01-29,4,ICU,30,20,3,3,4,14,69.71
2022-01-30,4,ICU,30,20,4,5,3,14,67.25
2022-01-31,4,ICU,30,27,3,1,3,15,92.95
2022-02-01,4,ICU,30,28,4,7,6,17,95.0
2022-02-02,4,ICU,30,25,1,5,5,14,85.57
2022-02-03,4,ICU,30,28,6,4,5,18,94.0
2022-02-04,4,ICU,30,27,6,3,4,14,91.73
2022-02-05,4,ICU,30,23,4,5,5,14,77.12
2022-02-06,4,ICU,30,22,2,8,6,17,76.3
2022-02-07,4,ICU,30,26,6,6,5,20,87.4
2022-02-08,4,ICU,30,28,6,7,4,17,93.4
2022-02-09,4,ICU,30,28,4,3,6,20,95.0
2022-02-10,4,ICU,30,28,4,4,5,16,95.0
2022-02-11,4,ICU,30,27,3,2,6,17,93.25
2022-02-12,4,ICU,30,22,6,4,5,16,75.57
2022-02-13,4,ICU,30,22,7,4,4,17,75.57
2022-02-14,4,ICU,30,27,3,3,3,18,90.46
2022-02-15,4,ICU,30,26,0,4,6,16,88.62
2022-02-16,4,ICU,30,27,1,4,4,20,92.26
2022-02-17,4,ICU,30,28,8,0,6,19,94.14
2022-02-18,4,ICU,30,28,4,3,7,20,95.0
2022-02-19,4,ICU,30,24,1,6,5,14,81.17
2022-02-20,4,ICU,30,23,5,2,5,19,77.13
2022-02-21,4,ICU,30,27,3,3,5,15,91.28
2022-02-22,4,ICU,30,28,4,6,5,12,93.53
2022-02-23,4,ICU,30,28,4,7,5,16,95.0
2022-02-24,4,ICU,30,27,1,7,4,14,92.88
2022-02-25,4,ICU,30,28,4,5,3,19,95.0
2022-02-26,4,ICU,30,22,4,4,5,16,75.65
2022-02-27,4,ICU,30,22,5,4,5,18,75.66
2022-02-28,4,ICU,30,27,4,3,5,15,92.01
2022-03-01,4,ICU,30,28,3,6,5,14,93.96
2022-03-02,4,ICU,30,27,4,3,4,19,90.18
2022-03-03,4,ICU,30,28,2,1,5,17,95.0
2022-03-04,4,ICU,30,28,2,2,4,17,95.0
2022-03-05,4,ICU,30,23,4,3,4,14,77.29
2022-03-06,4,ICU,30,23,2,3,4,15,78.8
2022-03-07,4,ICU,30,28,4,7,5,20,95.0
2022-03-08,4,ICU,30,28,6,1,4,18,95.0
2022-03-09,4,ICU,30,28,5,8,4,18,94.82
2022-03-10,4,ICU,30,28,2,1,7,17,95.0
2022-03-11,4,ICU,30,27,6,2,4,20,90.11
2022-03-12,4,ICU,30,21,3,2,6,17,72.46
2022-03-13,4,ICU,30,23,4,3,4,17,79.35
2022-03-14,4,ICU,30,27,3,2,5,19,91.03
2022-03-15,4,ICU,30,27,7,1,5,17,92.62
2022-03-16,4,ICU,30,28,3,1,6,17,95.0
2022-03-17,4,ICU,30,28,5,8,5,19,93.93
2022-03-18,4,ICU,30,28,5,4,4,21,94.98
2022-03-19,4,ICU,30,22,5,4,4,15,74.06
2022-03-20,4,ICU,30,26,1,4,4,18,88.66
2022-03-21,4,ICU,30,28,5,3,5,19,95.0
2022-03-22,4,ICU,30,27,5,6,3,16,93.15
2022-03-23,4,ICU,30,28,4,2,5,21,95.0
2022-03-24,4,ICU,30,28,4,4,5,16,95.0
2022-03-25,4,ICU,30,27,7,4,2,15,92.14
2022-03-26,4,ICU,30,22,4,5,3,17,73.87
2022-03-27,4,ICU,30,22,5,5,6,15,76.08
2022-03-28,4,ICU,30,28,2,2,5,19,94.18
2022-03-29,4,ICU,30,27,7,7,5,16,93.02
2022-03-30,4,ICU,30,28,2,4,6,16,95.0
2022-03-31,4,ICU,30,28,4,6,5,19,95.0
2022-04-01,4,ICU,30,26,5,7,4,18,89.48
2022-04-02,4,ICU,30,24,8,2,3,17,82.98
2022-04-03,4,ICU,30,23,2,3,6,15,79.11
2022-04-04,4,ICU,30,28,4,8,4,17,95.0
2022-04-05,4,ICU,30,28,7,6,3,18,95.0
2022-04-06,4,ICU,30,28,4,4,4,19,95.0
2022-04-07,4,ICU,30,25,5,6,3,16,86.03
2022-04-08,4,ICU,30,27,5,4,4,19,91.51
2022-04-09,4,ICU,30,24,6,3,3,17,80.47
2022-04-10,4,ICU,30,24,2,3,4,15,81.35
2022-04-11,4,ICU,30,28,4,2,5,19,94.34
2022-04-12,4,ICU,30,27,2,5,4,14,92.09
2022-04-13,4,ICU,30,27,4,2,4,19,93.09
2022-04-14,4,ICU,30,27,7,6,4,18,93.15
2022-04-15,4,ICU,30,23,6,4,5,19,79.82
2022-04-16,4,ICU,30,26,1,2,5,14,86.88
2022-04-17,4,ICU,30,23,4,2,5,15,79.71
2022-04-18,4,ICU,30,28,6,2,4,15,95.0
2022-04-19,4,ICU,30,28,7,5,5,16,95.0
2022-04-20,4,ICU,30,28,7,1,4,17,94.28
2022-04-21,4,ICU,30,25,1,3,3,19,84.62
2022-04-22,4,ICU,30,24,3,7,6,15,80.48
2022-04-23,4,ICU,30,27,3,9,4,16,90.4
2022-04-24,4,ICU,30,22,3,6,4,14,74.67
2022-04-25,4,ICU,30,27,4,4,4,19,93.21
2022-04-26,4,ICU,30,28,5,2,6,17,93.82
2022-04-27,4,ICU,30,26,7,3,2,17,89.29
2022-04-28,4,ICU,30,26,9,5,5,17,88.23
2022-04-29,4,ICU,30,28,9,4,6,18,95.0
2022-04-30,4,ICU,30,22,4,5,6,17,74.09
2022-05-01,4,ICU,30,23,2,4,5,15,79.18
2022-05-02,4,ICU,30,26,5,5,4,18,87.93
2022-05-03,4,ICU,30,23,3,6,6,16,79.98
2022-05-04,4,ICU,30,25,0,4,4,20,85.0
2022-05-05,4,ICU,30,27,3,3,4,22,92.11
2022-05-06,4,ICU,30,26,8,2,6,13,87.65
2022-05-07,4,ICU,30,20,4,4,3,15,67.7
2022-05-08,4,ICU,30,20,5,3,5,18,68.76
2022-05-09,4,ICU,30,25,5,2,4,15,84.83
2022-05-10,4,ICU,30,25,3,5,6,14,85.14
2022-05-11,4,ICU,30,28,8,2,3,16,94.57
2022-05-12,4,ICU,30,25,4,6,5,17,85.11
2022-05-13,4,ICU,30,22,2,7,4,18,76.44
2022-05-14,4,ICU,30,21,4,2,4,14,70.93
2022-05-15,4,ICU,30,21,2,2,6,18,71.59
2022-05-16,4,ICU,30,27,5,2,6,16,90.6
2022-05-17,4,ICU,30,26,4,5,3,19,87.12
2022-05-18,4,ICU,30,27,7,4,7,18,91.48
2022-05-19,4,ICU,30,25,3,9,5,18,83.89
2022-05-20,4,ICU,30,27,5,1,4,19,90.79
2022-05-21,4,ICU,30,22,1,1,6,15,73.99
2022-05-22,4,ICU,30,24,3,8,6,18,82.99
2022-05-23,4,ICU,30,28,5,3,5,16,93.9
2022-05-24,4,ICU,30,24,1,3,5,18,80.29
2022-05-25,4,ICU,30,24,2,6,6,19,81.11
2022-05-26,4,ICU,30,25,3,3,6,20,83.41
2022-05-27,4,ICU,30,25,4,3,6,21,85.53
2022-05-28,4,ICU,30,21,5,7,6,18,72.76
2022-05-29,4,ICU,30,23,1,7,2,17,76.92
2022-05-30,4,ICU,30,28,5,3,3,18,94.35
2022-05-31,4,ICU,30,27,3,4,5,21,92.51
2022-06-01,4,ICU,30,20,2,6,5,16,68.65
2022-06-02,4,ICU,30,22,3,6,4,21,76.66
2022-06-03,4,ICU,30,24,4,9,5,16,80.38
2022-06-04,4,ICU,30,19,10,4,5,19,64.13
2022-06-05,4,ICU,30,19,3,10,4,12,65.15
2022-06-06,4,ICU,30,22,4,6,4,17,75.88
2022-06-07,4,ICU,30,24,6,4,5,16,81.13
2022-06-08,4,ICU,30,22,7,5,4,16,75.01
2022-06-09,4,ICU,30,23,7,6,4,19,78.59
2022-06-10,4,ICU,30,27,2,4,4,14,92.09
2022-06-11,4,ICU,30,20,6,3,6,15,67.6
2022-06-12,4,ICU,30,19,4,7,4,20,65.62
2022-06-13,4,ICU,30,24,5,4,5,15,80.16
2022-06-14,4,ICU,30,24,4,4,4,17,82.39
2022-06-15,4,ICU,30,22,6,1,3,14,74.86
2022-06-16,4,ICU,30,23,3,8,5,19,79.8
2022-06-17,4,ICU,30,26,7,5,4,18,88.15
2022-06-18,4,ICU,30,18,5,7,3,17,61.39
2022-06-19,4,ICU,30,20,7,3,3,17,68.63
2022-06-20,4,ICU,30,27,2,3,5,16,91.94
2022-06-21,4,ICU,30,25,3,6,2,12,83.98
2022-06-22,4,ICU,30,23,3,3,3,14,77.51
2022-06-23,4,ICU,30,22,7,1,4,14,74.52
2022-06-24,4,ICU,30,24,6,3,5,20,81.94
2022-06-25,4,ICU,30,19,6,6,4,16,63.45
2022-06-26,4,ICU,30,17,5,4,5,19,59.96
2022-06-27,4,ICU,30,25,4,3,5,15,85.89
2022-06-28,4,ICU,30,23,8,4,4,13,79.92
2022-06-29,4,ICU,30,25,4,3,5,16,83.77
2022-06-30,4,ICU,30,22,6,4,4,12,75.06
2022-07-01,4,ICU,30,21,1,4,6,15,71.92
2022-07-02,4,ICU,30,19,3,8,4,15,65.46
2022-07-03,4,ICU,30,15,5,2,4,14,52.29
2022-07-04,4,ICU,30,20,5,4,4,14,68.0
2022-07-05,4,ICU,30,22,2,4,6,19,74.29
2022-07-06,4,ICU,30,23,1,6,4,19,77.77
2022-07-07,4,ICU,30,22,2,4,5,16,76.16
2022-07-08,4,ICU,30,19,4,6,5,18,65.54
2022-07-09,4,ICU,30,16,5,4,5,14,53.74
2022-07-10,4,ICU,30,17,6,5,5,19,58.57
2022-07-11,4,ICU,30,22,2,3,5,18,73.53
2022-07-12,4,ICU,30,19,5,4,5,17,66.56
2022-07-13,4,ICU,30,20,5,1,5,16,69.17
2022-07-14,4,ICU,30,21,9,2,4,16,71.08
2022-07-15,4,ICU,30,21,1,5,5,18,72.16
2022-07-16,4,ICU,30,18,5,7,5,18,60.35
2022-07-17,4,ICU,30,16,3,3,4,14,54.06
2022-07-18,4,ICU,30,21,3,6,3,15,70.08
2022-07-19,4,ICU,30,22,8,3,3,16,75.93
2022-07-20,4,ICU,30,21,4,9,5,16,72.68
2022-07-21,4,ICU,30,23,3,4,4,20,80.0
2022-07-22,4,ICU,30,25,4,4,5,15,83.45
2022-07-23,4,ICU,30,17,9,1,6,16,56.86
2022-07-24,4,ICU,30,16,5,6,7,18,55.46
2022-07-25,4,ICU,30,20,3,2,5,12,67.51
2022-07-26,4,ICU,30,21,6,4,5,16,71.83
2022-07-27,4,ICU,30,19,4,7,5,17,66.24
2022-07-28,4,ICU,30,18,2,4,4,16,62.99
2022-07-29,4,ICU,30,22,6,5,6,16,74.2
2022-07-30,4,ICU,30,16,1,6,5,18,53.92
2022-07-31,4,ICU,30,16,3,4,3,13,54.66
2022-08-01,4,ICU,30,17,3,3,4,16,59.43
2022-08-02,4,ICU,30,21,4,6,5,17,71.04
2022-08-03,4,ICU,30,20,10,6,4,18,69.81
2022-08-04,4,ICU,30,20,5,4,3,17,68.68
2022-08-05,4,ICU,30,18,3,4,6,15,61.58
2022-08-06,4,ICU,30,15,7,7,4,12,51.63
2022-08-07,4,ICU,30,16,3,2,6,13,54.69
2022-08-08,4,ICU,30,19,5,6,4,13,66.35
2022-08-09,4,ICU,30,19,5,4,5,16,66.23
2022-08-10,4,ICU,30,20,10,2,5,16,66.77
2022-08-11,4,ICU,30,20,3,2,4,19,68.53
2022-08-12,4,ICU,30,18,5,2,6,15,62.1
2022-08-13,4,ICU,30,11,2,2,4,14,39.05
2022-08-14,4,ICU,30,16,5,9,4,15,55.33
2022-08-15,4,ICU,30,16,7,6,2,16,55.7
2022-08-16,4,ICU,30,20,4,3,3,16,67.53
2022-08-17,4,ICU,30,18,6,3,3,14,60.31
2022-08-18,4,ICU,30,20,3,4,4,15,68.22
2022-08-19,4,ICU,30,18,6,1,4,17,63.0
2022-08-20,4,ICU,30,17,3,7,6,15,59.61
2022-08-21,4,ICU,30,15,3,9,5,11,50.01
2022-08-22,4,ICU,30,19,3,2,5,14,63.88
2022-08-23,4,ICU,30,18,7,4,6,17,61.19
2022-08-24,4,ICU,30,18,5,5,5,16,61.01
2022-08-25,4,ICU,30,19,4,2,4,17,64.32
2022-08-26,4,ICU,30,20,6,6,4,15,67.21
2022-08-27,4,ICU,30,16,3,8,5,10,55.88
2022-08-28,4,ICU,30,12,7,4,5,17,41.42
2022-08-29,4,ICU,30,19,1,7,5,14,64.45
2022-08-30,4,ICU,30,17,6,6,5,18,59.28
2022-08-31,4,ICU,30,18,6,8,4,13,60.65
2022-09-01,4,ICU,30,18,6,8,3,15,60.45
2022-09-02,4,ICU,30,17,7,2,3,12,59.66
2022-09-03,4,ICU,30,13,5,2,4,14,43.73
2022-09-04,4,ICU,30,13,4,7,5,16,45.23
2022-09-05,4,ICU,30,19,7,4,4,16,64.58
2022-09-06,4,ICU,30,19,2,6,4,16,63.86
2022-09-07,4,ICU,30,22,7,2,4,15,74.68
2022-09-08,4,ICU,30,20,6,3,4,13,67.83
2022-09-09,4,ICU,30,19,3,8,4,12,63.94
2022-09-10,4,ICU,30,17,4,6,5,16,57.87
2022-09-11,4,ICU,30,13,6,6,4,14,45.23
2022-09-12,4,ICU,30,20,2,3,5,17,67.26
2022-09-13,4,ICU,30,18,3,1,3,18,61.75
2022-09-14,4,ICU,30,20,6,3,4,16,69.73
2022-09-15,4,ICU,30,18,3,4,6,15,61.42
2022-09-16,4,ICU,30,20,4,3,5,13,67.18
2022-09-17,4,ICU,30,10,9,2,3,13,35.76
2022-09-18,4,ICU,30,17,4,5,4,14,57.26
2022-09-19,4,ICU,30,19,6,3,3,13,63.47
2022-09-20,4,ICU,30,18,7,7,5,17,60.79
2022-09-21,4,ICU,30,19,1,7,6,16,64.61
2022-09-22,4,ICU,30,20,8,2,4,17,68.84
2022-09-23,4,ICU,30,19,5,5,4,17,66.32
2022-09-24,4,ICU,30,15,4,7,4,15,50.67
2022-09-25,4,ICU,30,13,9,2,3,12,43.52
2022-09-26,4,ICU,30,18,3,4,4,16,63.09
2022-09-27,4,ICU,30,19,4,2,5,18,66.57
2022-09-28,4,ICU,30,20,7,7,3,15,69.21
2022-09-29,4,ICU,30,18,3,5,5,14,60.98
2022-09-30,4,ICU,30,16,4,3,5,14,55.63
2022-10-01,4,ICU,30,15,6,2,3,15,52.01
2022-10-02,4,ICU,30,15,4,5,2,15,51.14
2022-10-03,4,ICU,30,17,2,0,5,17,59.39
2022-10-04,4,ICU,30,18,3,2,3,16,62.4
2022-10-05,4,ICU,30,21,5,2,3,15,71.96
2022-10-06,4,ICU,30,21,7,4,2,13,70.14
2022-10-07,4,ICU,30,19,5,1,4,17,63.53
2022-10-08,4,ICU,30,14,4,3,3,15,47.71
2022-10-09,4,ICU,30,15,6,2,5,14,51.82
2022-10-10,4,ICU,30,19,6,4,5,14,65.63
2022-10-11,4,ICU,30,20,4,4,4,17,69.0
2022-10-12,4,ICU,30,19,4,6,5,15,64.34
2022-10-13,4,ICU,30,20,3,3,3,19,68.82
2022-10-14,4,ICU,30,18,3,3,5,18,60.49
2022-10-15,4,ICU,30,14,1,3,3,15,48.91
2022-10-16,4,ICU,30,15,4,10,6,15,52.07
2022-10-17,4,ICU,30,22,3,4,4,17,74.79
2022-10-18,4,ICU,30,20,3,2,4,15,69.67
2022-10-19,4,ICU,30,19,4,2,6,16,64.67
2022-10-20,4,ICU,30,18,4,4,4,17,61.17
2022-10-21,4,ICU,30,23,8,6,3,17,78.35
2022-10-22,4,ICU,30,15,2,4,4,15,51.07
2022-10-23,4,ICU,30,15,3,2,3,17,52.71
2022-10-24,4,ICU,30,18,5,5,3,15,62.16
2022-10-25,4,ICU,30,15,3,6,6,15,53.13
2022-10-26,4,ICU,30,19,5,5,5,15,64.76
2022-10-27,4,ICU,30,17,8,5,5,15,59.7
2022-10-28,4,ICU,30,20,4,10,4,14,69.75
2022-10-29,4,ICU,30,15,3,4,6,13,51.12
2022-10-30,4,ICU,30,15,8,5,4,15,52.61
2022-10-31,4,ICU,30,20,6,0,5,14,69.35
2022-11-01,4,ICU,30,22,4,8,4,18,75.18
2022-11-02,4,ICU,30,22,3,8,3,16,74.71
2022-11-03,4,ICU,30,20,2,6,6,17,68.81
2022-11-04,4,ICU,30,21,8,2,5,13,70.48
2022-11-05,4,ICU,30,18,8,3,3,17,61.79
2022-11-06,4,ICU,30,19,6,6,5,14,66.2
2022-11-07,4,ICU,30,22,7,4,3,12,73.92
2022-11-08,4,ICU,30,24,7,11,4,15,80.59
2022-11-09,4,ICU,30,22,4,1,4,16,76.52
2022-11-10,4,ICU,30,20,5,2,3,11,69.25
2022-11-11,4,ICU,30,20,6,4,4,16,67.1
2022-11-12,4,ICU,30,19,5,5,4,12,64.01
2022-11-13,4,ICU,30,18,3,9,5,15,61.63
2022-11-14,4,ICU,30,22,5,0,4,17,74.88
2022-11-15,4,ICU,30,20,2,1,4,16,68.57
2022-11-16,4,ICU,30,20,5,3,5,16,67.98
2022-11-17,4,ICU,30,24,3,4,5,17,80.95
2022-11-18,4,ICU,30,19,7,7,4,16,64.27
2022-11-19,4,ICU,30,15,3,6,6,14,52.18
2022-11-20,4,ICU,30,17,4,2,5,14,57.27
2022-11-21,4,ICU,30,21,6,4,6,17,72.41
2022-11-22,4,ICU,30,20,6,3,5,16,69.12
2022-11-23,4,ICU,30,23,6,7,6,17,78.22
2022-11-24,4,ICU,30,23,2,2,5,18,77.76
2022-11-25,4,ICU,30,20,5,8,5,15,67.94
2022-11-26,4,ICU,30,17,4,2,6,18,58.33
2022-11-27,4,ICU,30,21,3,4,5,18,71.01
2022-11-28,4,ICU,30,20,4,5,4,16,67.7
2022-11-29,4,ICU,30,21,5,5,5,14,72.66
2022-11-30,4,ICU,30,21,4,4,6,17,73.29
2022-12-01,4,ICU,30,23,4,4,5,15,77.57
2022-12-02,4,ICU,30,23,5,5,2,16,79.0
2022-12-03,4,ICU,30,20,2,5,6,16,69.41
2022-12-04,4,ICU,30,19,3,4,4,15,63.89
2022-12-05,4,ICU,30,24,3,3,3,14,83.11
2022-12-06,4,ICU,30,26,3,3,6,19,86.91
2022-12-07,4,ICU,30,24,7,1,4,14,81.55
2022-12-08,4,ICU,30,23,1,6,5,14,79.66
2022-12-09,4,ICU,30,25,3,2,5,15,83.53
2022-12-10,4,ICU,30,19,2,2,3,19,66.48
2022-12-11,4,ICU,30,19,4,7,5,15,63.7
2022-12-12,4,ICU,30,23,5,0,4,19,77.42
2022-12-13,4,ICU,30,24,4,6,4,18,82.22
2022-12-14,4,ICU,30,21,4,6,5,18,72.41
2022-12-15,4,ICU,30,24,3,5,4,17,82.68
2022-12-16,4,ICU,30,23,7,8,5,19,78.7
2022-12-17,4,ICU,30,19,2,6,3,14,63.7
2022-12-18,4,ICU,30,21,4,6,5,19,72.98
2022-12-19,4,ICU,30,22,3,1,4,17,74.46
2022-12-20,4,ICU,30,24,4,5,5,19,80.71
2022-12-21,4,ICU,30,22,4,5,5,15,73.72
2022-12-22,4,ICU,30,22,1,3,3,17,75.17
2022-12-23,4,ICU,30,21,6,4,4,15,70.66
2022-12-24,4,ICU,30,19,4,2,5,12,63.73
2022-12-25,4,ICU,30,20,8,7,7,18,68.67
2022-12-26,4,ICU,30,25,7,8,3,17,84.46
2022-12-27,4,ICU,30,23,5,4,5,16,77.13
2022-12-28,4,ICU,30,22,5,4,6,20,74.32
2022-12-29,4,ICU,30,24,3,7,4,16,80.46
2022-12-30,4,ICU,30,24,9,2,4,18,82.88
2022-12-31,4,ICU,30,20,6,3,5,15,69.38
2023-01-01,4,ICU,30,21,6,9,5,14,71.12
2023-01-02,4,ICU,30,24,7,6,4,15,82.34
2023-01-03,4,ICU,30,24,6,7,4,15,83.15
2023-01-04,4,ICU,30,25,4,11,5,14,84.59
2023-01-05,4,ICU,30,23,7,5,4,18,79.23
2023-01-06,4,ICU,30,23,2,2,5,17,79.58
2023-01-07,4,ICU,30,22,2,5,4,19,73.42
2023-01-08,4,ICU,30,19,7,0,4,15,63.9
2023-01-09,4,ICU,30,26,3,5,6,18,87.89
2023-01-10,4,ICU,30,28,3,7,4,18,93.34
2023-01-11,4,ICU,30,24,3,3,4,19,82.15
2023-01-12,4,ICU,30,28,5,5,5,18,94.07
2023-01-13,4,ICU,30,25,6,4,6,15,84.04
2023-01-14,4,ICU,30,22,8,5,5,12,75.18
2023-01-15,4,ICU,30,20,9,7,6,14,67.4
2023-01-16,4,ICU,30,27,6,4,5,21,90.99
2023-01-17,4,ICU,30,23,3,2,6,20,77.15
2023-01-18,4,ICU,30,26,7,6,5,18,88.92
2023-01-19,4,ICU,30,27,4,6,5,17,90.99
2023-01-20,4,ICU,30,25,2,2,5,20,85.38
2023-01-21,4,ICU,30,21,8,5,5,11,70.47
2023-01-22,4,ICU,30,23,7,1,5,16,77.39
2023-01-23,4,ICU,30,22,8,5,5,16,76.38
2023-01-24,4,ICU,30,25,3,4,3,20,84.47
2023-01-25,4,ICU,30,25,4,3,4,15,85.02
2023-01-26,4,ICU,30,25,5,9,5,15,83.39
2023-01-27,4,ICU,30,28,9,4,4,15,93.87
2023-01-28,4,ICU,30,24,1,2,4,16,80.34
2023-01-29,4,ICU,30,22,4,4,3,16,73.58
2023-01-30,4,ICU,30,22,5,6,5,16,75.29
2023-01-31,4,ICU,30,25,6,5,6,18,85.73
2023-02-01,4,ICU,30,28,6,2,5,16,95.0
2023-02-02,4,ICU,30,28,3,2,5,17,95.0
2023-02-03,4,ICU,30,26,4,7,4,17,89.61
2023-02-04,4,ICU,30,26,4,6,5,17,87.45
2023-02-05,4,ICU,30,22,1,3,4,15,75.87
2023-02-06,4,ICU,30,27,9,2,6,16,90.26
2023-02-07,4,ICU,30,26,3,3,3,19,89.18
2023-02-08,4,ICU,30,28,4,4,5,17,95.0
2023-02-09,4,ICU,30,25,4,8,4,18,84.62
2023-02-10,4,ICU,30,28,4,5,5,21,95.0
2023-02-11,4,ICU,30,23,4,3,5,12,78.96
2023-02-12,4,ICU,30,20,7,4,4,17,67.21
2023-02-13,4,ICU,30,27,5,0,6,19,90.9
2023-02-14,4,ICU,30,25,6,3,6,18,86.07
2023-02-15,4,ICU,30,26,5,3,6,18,87.47
2023-02-16,4,ICU,30,27,5,2,5,15,92.18
2023-02-17,4,ICU,30,28,2,5,6,16,95.0
2023-02-18,4,ICU,30,22,7,2,6,16,74.74
2023-02-19,4,ICU,30,24,7,3,6,13,82.51
2023-02-20,4,ICU,30,27,3,5,4,18,90.08
2023-02-21,4,ICU,30,27,7,1,5,14,91.47
2023-02-22,4,ICU,30,28,4,5,6,20,95.0
2023-02-23,4,ICU,30,28,1,1,5,15,95.0
2023-02-24,4,ICU,30,28,9,6,4,12,94.99
2023-02-25,4,ICU,30,21,4,2,5,17,71.58
2023-02-26,4,ICU,30,26,3,4,5,15,86.7
2023-02-27,4,ICU,30,28,3,6,4,18,95.0
2023-02-28,4,ICU,30,26,3,3,4,15,88.26
2023-03-01,4,ICU,30,27,4,2,5,20,92.47
2023-03-02,4,ICU,30,28,2,3,5,15,95.0
2023-03-03,4,ICU,30,27,2,3,5,22,91.37
2023-03-04,4,ICU,30,25,4,4,7,16,83.57
2023-03-05,4,ICU,30,23,6,7,4,16,79.23
2023-03-06,4,ICU,30,28,3,3,5,15,95.0
2023-03-07,4,ICU,30,27,2,8,3,13,91.13
2023-03-08,4,ICU,30,27,3,4,5,17,92.15
2023-03-09,4,ICU,30,28,4,9,4,17,95.0
2023-03-10,4,ICU,30,26,7,4,3,17,88.46
2023-03-11,4,ICU,30,25,4,4,5,16,85.42
2023-03-12,4,ICU,30,23,2,6,6,15,78.41
2023-03-13,4,ICU,30,28,7,5,5,18,95.0
2023-03-14,4,ICU,30,28,5,3,5,16,95.0
2023-03-15,4,ICU,30,28,5,5,7,16,95.0
2023-03-16,4,ICU,30,28,9,0,5,21,95.0
2023-03-17,4,ICU,30,28,4,7,7,19,95.0
2023-03-18,4,ICU,30,24,2,4,4,16,82.42
2023-03-19,4,ICU,30,24,8,3,4,15,82.35
2023-03-20,4,ICU,30,28,5,2,5,13,95.0
2023-03-21,4,ICU,30,28,6,6,3,16,93.94
2023-03-22,4,ICU,30,28,3,4,3,18,95.0
2023-03-23,4,ICU,30,28,3,6,6,18,95.0
2023-03-24,4,ICU,30,27,7,3,5,18,92.62
2023-03-25,4,ICU,30,24,5,2,4,18,82.28
2023-03-26,4,ICU,30,26,5,8,4,18,88.6
2023-03-27,4,ICU,30,25,5,6,4,17,84.94
2023-03-28,4,ICU,30,28,3,2,4,14,95.0
2023-03-29,4,ICU,30,25,5,6,6,17,86.47
2023-03-30,4,ICU,30,26,5,2,4,20,88.13
2023-03-31,4,ICU,30,26,2,5,5,15,87.77
2023-04-01,4,ICU,30,22,7,3,3,14,75.05
2023-04-02,4,ICU,30,23,9,3,6,12,79.52
2023-04-03,4,ICU,30,27,7,3,4,16,91.36
2023-04-04,4,ICU,30,28,5,2,5,18,95.0
2023-04-05,4,ICU,30,28,7,4,5,18,95.0
2023-04-06,4,ICU,30,27,5,6,3,16,91.8
2023-04-07,4,ICU,30,26,6,5,5,18,87.78
2023-04-08,4,ICU,30,24,7,4,5,16,81.13
2023-04-09,4,ICU,30,21,3,3,4,15,72.48
2023-04-10,4,ICU,30,28,2,2,4,20,95.0
2023-04-11,4,ICU,30,24,4,7,3,14,82.81
2023-04-12,4,ICU,30,27,8,3,5,22,92.84
2023-04-13,4,ICU,30,28,4,4,4,19,93.94
2023-04-14,4,ICU,30,27,4,7,4,17,92.76
2023-04-15,4,ICU,30,23,4,6,7,16,77.12
2023-04-16,4,ICU,30,22,6,4,5,16,76.36
2023-04-17,4,ICU,30,27,4,5,4,18,91.76
2023-04-18,4,ICU,30,26,3,4,5,20,89.57
2023-04-19,4,ICU,30,26,8,6,6,20,88.23
2023-04-20,4,ICU,30,28,5,4,4,19,93.52
2023-04-21,4,ICU,30,27,2,5,3,14,90.44
2023-04-22,4,ICU,30,22,11,7,5,15,74.11
2023-04-23,4,ICU,30,22,8,5,6,15,76.01
2023-04-24,4,ICU,30,28,2,4,4,13,94.93
2023-04-25,4,ICU,30,27,5,3,4,18,91.65
2023-04-26,4,ICU,30,28,3,7,5,15,95.0
2023-04-27,4,ICU,30,25,4,3,3,19,86.33
2023-04-28,4,ICU,30,26,3,3,5,16,87.81
2023-04-29,4,ICU,30,24,2,6,4,14,82.02
2023-04-30,4,ICU,30,23,6,3,5,16,79.6
2023-05-01,4,ICU,30,27,5,4,4,16,92.67
2023-05-02,4,ICU,30,24,5,0,6,20,83.1
2023-05-03,4,ICU,30,22,9,7,5,15,76.27
2023-05-04,4,ICU,30,25,4,5,4,17,84.32
2023-05-05,4,ICU,30,28,6,3,4,19,95.0
2023-05-06,4,ICU,30,19,4,6,4,16,64.06
2023-05-07,4,ICU,30,20,4,5,4,13,69.36
2023-05-08,4,ICU,30,27,4,4,4,16,91.59
2023-05-09,4,ICU,30,26,5,4,3,15,89.52
2023-05-10,4,ICU,30,25,5,7,4,14,83.99
2023-05-11,4,ICU,30,24,2,6,3,17,81.08
2023-05-12,4,ICU,30,28,4,2,4,18,95.0
2023-05-13,4,ICU,30,22,7,7,6,14,74.99
2023-05-14,4,ICU,30,22,4,3,4,15,74.0
2023-05-15,4,ICU,30,24,7,6,5,19,83.21
2023-05-16,4,ICU,30,25,11,5,4,17,84.94
2023-05-17,4,ICU,30,25,1,2,4,17,86.29
2023-05-18,4,ICU,30,24,6,3,5,17,81.5
2023-05-19,4,ICU,30,26,6,3,6,18,87.94
2023-05-20,4,ICU,30,21,4,6,2,15,70.01
2023-05-21,4,ICU,30,24,6,5,4,15,80.53
2023-05-22,4,ICU,30,28,3,4,5,17,95.0
2023-05-23,4,ICU,30,24,5,4,6,16,80.83
2023-05-24,4,ICU,30,28,4,6,4,14,93.55
2023-05-25,4,ICU,30,25,6,10,5,11,86.26
2023-05-26,4,ICU,30,24,5,5,5,15,82.32
2023-05-27,4,ICU,30,19,3,7,5,13,64.8
2023-05-28,4,ICU,30,21,5,7,4,16,70.32
2023-05-29,4,ICU,30,26,2,8,6,18,87.99
2023-05-30,4,ICU,30,24,4,7,4,16,80.93
2023-05-31,4,ICU,30,26,5,2,5,15,86.76
2023-06-01,4,ICU,30,23,4,3,5,21,79.17
2023-06-02,4,ICU,30,24,5,4,3,15,81.67
2023-06-03,4,ICU,30,18,3,2,2,18,61.83
2023-06-04,4,ICU,30,19,4,5,4,17,63.41
2023-06-05,4,ICU,30,26,4,3,5,18,89.05
2023-06-06,4,ICU,30,23,1,2,5,15,77.19
2023-06-07,4,ICU,30,24,8,4,4,16,81.72
2023-06-08,4,ICU,30,23,6,5,3,16,77.3
2023-06-09,4,ICU,30,22,5,10,3,12,75.26
2023-06-10,4,ICU,30,20,5,4,5,16,68.39
2023-06-11,4,ICU,30,21,2,4,3,16,72.15
2023-06-12,4,ICU,30,24,4,2,4,16,80.43
2023-06-13,4,ICU,30,23,4,2,4,17,78.36
2023-06-14,4,ICU,30,25,3,3,5,16,83.51
2023-06-15,4,ICU,30,25,4,5,2,18,85.96
2023-06-16,4,ICU,30,21,5,4,4,16,72.16
2023-06-17,4,ICU,30,19,5,1,5,18,64.8
2023-06-18,4,ICU,30,18,5,6,4,14,61.2
2023-06-19,4,ICU,30,23,4,1,5,20,77.13
2023-06-20,4,ICU,30,22,7,5,4,14,75.94
2023-06-21,4,ICU,30,24,5,5,4,17,81.92
2023-06-22,4,ICU,30,23,5,4,4,17,78.78
2023-06-23,4,ICU,30,24,1,4,4,20,82.83
2023-06-24,4,ICU,30,19,3,3,5,14,63.72
2023-06-25,4,ICU,30,18,1,6,4,16,62.82
2023-06-26,4,ICU,30,19,3,7,4,12,65.32
2023-06-27,4,ICU,30,27,8,4,3,18,91.6
2023-06-28,4,ICU,30,21,2,7,5,14,71.12
2023-06-29,4,ICU,30,27,6,3,3,13,90.72
2023-06-30,4,ICU,30,25,4,6,3,16,86.17
2023-07-01,4,ICU,30,17,3,3,5,13,59.19
2023-07-02,4,ICU,30,17,7,6,4,16,57.93
2023-07-03,4,ICU,30,22,6,5,4,16,74.75
2023-07-04,4,ICU,30,20,3,5,6,11,68.73
2023-07-05,4,ICU,30,19,5,1,5,15,66.39
2023-07-06,4,ICU,30,23,3,5,6,13,77.87
2023-07-07,4,ICU,30,19,4,4,5,14,65.57
2023-07-08,4,ICU,30,17,5,2,4,13,56.9
2023-07-09,4,ICU,30,15,6,5,5,17,51.02
2023-07-10,4,ICU,30,22,4,7,4,15,75.51
2023-07-11,4,ICU,30,21,4,1,6,12,70.88
2023-07-12,4,ICU,30,20,6,5,4,15,68.56
2023-07-13,4,ICU,30,23,1,2,5,17,79.84
2023-07-14,4,ICU,30,19,3,0,4,17,65.84
2023-07-15,4,ICU,30,19,8,2,5,15,65.79
2023-07-16,4,ICU,30,15,2,1,4,13,51.68
2023-07-17,4,ICU,30,20,4,3,5,14,69.85
2023-07-18,4,ICU,30,21,8,5,4,16,71.93
2023-07-19,4,ICU,30,19,7,5,5,13,65.17
2023-07-20,4,ICU,30,23,4,4,5,18,77.9
2023-07-21,4,ICU,30,20,9,4,4,13,69.89
2023-07-22,4,ICU,30,18,5,5,5,14,60.11
2023-07-23,4,ICU,30,17,4,4,5,15,56.91
2023-07-24,4,ICU,30,21,5,4,5,16,73.12
2023-07-25,4,ICU,30,19,5,3,6,11,65.71
2023-07-26,4,ICU,30,21,4,2,5,10,72.45
2023-07-27,4,ICU,30,20,4,5,5,17,68.5
2023-07-28,4,ICU,30,22,5,6,4,17,74.26
2023-07-29,4,ICU,30,15,4,7,4,13,50.47
2023-07-30,4,ICU,30,16,2,2,3,17,56.09
2023-07-31,4,ICU,30,23,5,5,3,15,77.31
2023-08-01,4,ICU,30,20,4,5,6,17,66.82
2023-08-02,4,ICU,30,20,4,1,5,19,67.0
2023-08-03,4,ICU,30,21,6,7,5,17,71.42
2023-08-04,4,ICU,30,20,6,2,4,15,69.92
2023-08-05,4,ICU,30,15,6,5,4,12,50.49
2023-08-06,4,ICU,30,15,6,5,4,12,51.71
2023-08-07,4,ICU,30,17,4,5,5,13,58.11
2023-08-08,4,ICU,30,19,3,0,5,18,64.43
2023-08-09,4,ICU,30,19,7,5,6,14,66.62
2023-08-10,4,ICU,30,20,7,2,2,17,69.04
2023-08-11,4,ICU,30,20,5,3,3,19,67.41
2023-08-12,4,ICU,30,16,3,8,5,13,54.36
2023-08-13,4,ICU,30,13,5,5,4,17,46.31
2023-08-14,4,ICU,30,18,4,6,5,11,60.31
2023-08-15,4,ICU,30,20,3,4,5,17,67.75
2023-08-16,4,ICU,30,20,4,2,5,16,67.51
2023-08-17,4,ICU,30,20,11,4,5,17,69.6
2023-08-18,4,ICU,30,19,5,3,4,16,65.61
2023-08-19,4,ICU,30,13,5,5,5,14,44.13
2023-08-20,4,ICU,30,15,2,6,6,13,50.66
2023-08-21,4,ICU,30,19,5,5,7,16,66.54
2023-08-22,4,ICU,30,23,5,4,7,15,77.2
2023-08-23,4,ICU,30,17,8,4,4,18,59.6
2023-08-24,4,ICU,30,19,0,5,4,18,64.71
2023-08-25,4,ICU,30,20,4,5,4,16,67.35
2023-08-26,4,ICU,30,13,5,8,5,13,45.72
2023-08-27,4,ICU,30,14,6,1,3,15,48.97
2023-08-28,4,ICU,30,20,4,2,4,14,69.54
2023-08-29,4,ICU,30,21,7,3,4,17,73.15
2023-08-30,4,ICU,30,18,2,7,5,13,61.1
2023-08-31,4,ICU,30,21,7,7,4,20,72.5
2023-09-01,4,ICU,30,18,5,3,4,15,62.51
2023-09-02,4,ICU,30,14,8,6,7,15,49.14
2023-09-03,4,ICU,30,14,1,7,5,14,48.67
2023-09-04,4,ICU,30,18,6,3,7,16,62.21
2023-09-05,4,ICU,30,17,5,5,4,14,56.73
2023-09-06,4,ICU,30,19,3,2,5,15,64.14
2023-09-07,4,ICU,30,17,2,7,4,14,57.47
2023-09-08,4,ICU,30,18,3,3,5,17,62.33
2023-09-09,4,ICU,30,17,4,4,4,14,57.45
2023-09-10,4,ICU,30,11,5,2,5,14,39.65
2023-09-11,4,ICU,30,20,6,4,5,16,67.38
2023-09-12,4,ICU,30,18,6,3,5,15,63.07
2023-09-13,4,ICU,30,18,4,6,4,13,62.2
2023-09-14,4,ICU,30,19,2,2,6,17,65.57
2023-09-15,4,ICU,30,20,3,10,4,15,69.53
2023-09-16,4,ICU,30,14,5,2,4,13,48.08
2023-09-17,4,ICU,30,16,3,1,4,15,53.88
2023-09-18,4,ICU,30,21,5,6,4,15,71.39
2023-09-19,4,ICU,30,18,4,2,4,14,60.03
2023-09-20,4,ICU,30,20,4,3,7,13,68.2
2023-09-21,4,ICU,30,22,5,6,5,17,74.47
2023-09-22,4,ICU,30,20,3,2,4,16,68.27
2023-09-23,4,ICU,30,13,6,4,4,16,46.57
2023-09-24,4,ICU,30,15,4,7,5,16,50.3
2023-09-25,4,ICU,30,17,4,7,4,16,59.54
2023-09-26,4,ICU,30,18,1,5,6,19,62.8
2023-09-27,4,ICU,30,17,4,3,3,13,59.34
2023-09-28,4,ICU,30,19,3,6,3,15,65.71
2023-09-29,4,ICU,30,18,2,3,2,16,61.61
2023-09-30,4,ICU,30,17,4,5,4,14,58.39
2023-10-01,4,ICU,30,14,6,4,4,14,49.2
2023-10-02,4,ICU,30,19,6,4,4,14,63.97
2023-10-03,4,ICU,30,19,3,3,5,17,65.2
2023-10-04,4,ICU,30,22,4,0,4,14,74.61
2023-10-05,4,ICU,30,18,10,3,5,11,62.25
2023-10-06,4,ICU,30,17,5,0,4,19,59.62
2023-10-07,4,ICU,30,17,3,4,3,14,59.85
2023-10-08,4,ICU,30,14,3,5,5,12,47.32
2023-10-09,4,ICU,30,20,9,6,4,18,69.66
2023-10-10,4,ICU,30,18,2,1,3,17,61.9
2023-10-11,4,ICU,30,21,6,6,4,20,70.2
2023-10-12,4,ICU,30,20,7,3,3,15,66.89
2023-10-13,4,ICU,30,21,2,3,4,16,70.1
2023-10-14,4,ICU,30,18,2,6,5,15,62.69
2023-10-15,4,ICU,30,16,3,4,5,15,55.01
2023-10-16,4,ICU,30,19,4,5,3,14,64.07
2023-10-17,4,ICU,30,21,3,3,4,20,70.92
2023-10-18,4,ICU,30,21,5,1,5,15,70.2
2023-10-19,4,ICU,30,17,5,5,4,14,59.01
2023-10-20,4,ICU,30,19,5,4,6,10,66.11
2023-10-21,4,ICU,30,14,7,2,4,13,49.96
2023-10-22,4,ICU,30,16,3,3,4,13,54.15
2023-10-23,4,ICU,30,21,6,4,4,16,70.95
2023-10-24,4,ICU,30,21,5,3,5,13,70.36
2023-10-25,4,ICU,30,23,10,3,3,16,76.95
2023-10-26,4,ICU,30,21,2,4,4,16,70.7
2023-10-27,4,ICU,30,19,4,5,4,14,66.37
2023-10-28,4,ICU,30,19,8,3,5,14,63.5
2023-10-29,4,ICU,30,15,7,7,7,10,52.17
2023-10-30,4,ICU,30,19,2,8,5,17,66.08
2023-10-31,4,ICU,30,18,5,3,5,15,62.71
2023-11-01,4,ICU,30,22,2,4,5,16,76.08
2023-11-02,4,ICU,30,23,3,8,5,13,76.83
2023-11-03,4,ICU,30,21,2,6,4,13,72.99
2023-11-04,4,ICU,30,17,6,10,5,19,57.87
2023-11-05,4,ICU,30,15,2,2,6,12,51.34
2023-11-06,4,ICU,30,20,5,5,4,14,67.45
2023-11-07,4,ICU,30,21,7,8,4,18,71.62
2023-11-08,4,ICU,30,24,9,5,5,14,80.11
2023-11-09,4,ICU,30,23,3,4,5,20,77.53
2023-11-10,4,ICU,30,21,6,3,5,19,73.04
2023-11-11,4,ICU,30,18,8,3,7,14,62.11
2023-11-12,4,ICU,30,16,1,1,5,20,56.35
2023-11-13,4,ICU,30,22,5,7,3,14,73.35
2023-11-14,4,ICU,30,24,4,4,5,15,82.18
2023-11-15,4,ICU,30,21,6,6,5,16,72.48
2023-11-16,4,ICU,30,24,5,6,4,13,80.11
2023-11-17,4,ICU,30,22,3,1,4,17,75.3
2023-11-18,4,ICU,30,17,1,1,5,15,57.87
2023-11-19,4,ICU,30,18,7,5,4,14,60.16
2023-11-20,4,ICU,30,23,4,3,4,19,79.68
2023-11-21,4,ICU,30,21,8,7,5,17,72.41
2023-11-22,4,ICU,30,22,7,5,4,16,75.77
2023-11-23,4,ICU,30,23,5,7,4,16,78.28
2023-11-24,4,ICU,30,20,6,1,6,14,69.69
2023-11-25,4,ICU,30,19,2,4,5,17,66.48
2023-11-26,4,ICU,30,16,3,10,6,15,55.67
2023-11-27,4,ICU,30,20,4,3,4,16,69.66
2023-11-28,4,ICU,30,22,4,5,5,16,76.55
2023-11-29,4,ICU,30,24,7,2,5,14,82.13
2023-11-30,4,ICU,30,22,3,6,4,14,73.53
2023-12-01,4,ICU,30,24,3,2,4,19,81.28
2023-12-02,4,ICU,30,19,3,3,4,16,64.62
2023-12-03,4,ICU,30,23,8,3,3,16,77.5
2023-12-04,4,ICU,30,23,9,3,4,14,79.31
2023-12-05,4,ICU,30,23,3,4,4,20,78.78
2023-12-06,4,ICU,30,26,2,5,4,17,89.06
2023-12-07,4,ICU,30,22,3,5,4,14,74.35
2023-12-08,4,ICU,30,24,5,7,5,17,83.11
2023-12-09,4,ICU,30,19,4,2,2,18,65.33
2023-12-10,4,ICU,30,19,5,5,4,13,63.67
2023-12-11,4,ICU,30,25,2,4,6,17,85.67
2023-12-12,4,ICU,30,26,4,1,5,19,87.68
2023-12-13,4,ICU,30,25,8,3,5,21,84.58
2023-12-14,4,ICU,30,24,6,1,5,15,82.18
2023-12-15,4,ICU,30,24,4,0,4,17,83.27
2023-12-16,4,ICU,30,21,6,2,2,16,71.45
2023-12-17,4,ICU,30,21,7,2,4,14,70.15
2023-12-18,4,ICU,30,25,3,4,6,13,83.71
2023-12-19,4,ICU,30,24,5,3,5,16,83.26
2023-12-20,4,ICU,30,24,10,5,6,18,82.31
2023-12-21,4,ICU,30,23,7,1,2,19,78.57
2023-12-22,4,ICU,30,23,2,8,4,18,76.96
2023-12-23,4,ICU,30,16,3,5,6,13,53.52
2023-12-24,4,ICU,30,20,4,4,6,13,67.15
2023-12-25,4,ICU,30,25,8,6,4,16,84.09
2023-12-26,4,ICU,30,21,0,4,4,17,71.1
2023-12-27,4,ICU,30,22,8,6,3,16,73.74
2023-12-28,4,ICU,30,23,3,5,4,17,79.65
2023-12-29,4,ICU,30,25,1,4,6,15,83.64
2023-12-30,4,ICU,30,19,3,5,4,17,63.34
2023-12-31,4,ICU,30,19,2,6,5,11,64.6
